=== incremental rebuild+install (19:32:26) ===
[32m[1m       Using[0m[39m [37m[1mPgConfig("pg18")[0m[39m and `pg_config` from [36m/usr/lib/postgresql/18/bin/pg_config[39m
[32m[1m    Building[0m[39m extension with features [36mpg18[39m
[32m[1m     Running[0m[39m command [36m"/root/.rustup/toolchains/1.97.0-x86_64-unknown-linux-gnu/bin/cargo" "rustc" "--lib" "--manifest-path" "/root/theo-db/theodb_rs/Cargo.toml" "--release" "--features" "pg18" "--no-default-features" "--message-format=json-render-diagnostics" "--" "-C" "link-arg=-Wl,--no-gc-sections"[39m
   Compiling theodb_rs v1.0.0 (/root/theo-db/theodb_rs)
warning: use of deprecated associated function `pgrx::pg_sys::Oid::from_u32_unchecked`: safely converts via SPI, use pg_sys::Oid::from(u32)
   --> src/am/columnar.rs:209:38
    |
209 |             let relid = pg_sys::Oid::from_u32_unchecked(oid);
    |                                      ^^^^^^^^^^^^^^^^^^
    |
    = note: `#[warn(deprecated)]` on by default

warning: use of deprecated associated function `pgrx::pg_sys::Oid::from_u32_unchecked`: safely converts via SPI, use pg_sys::Oid::from(u32)
  --> src/am/columnar_agg.rs:95:27
   |
95 |     unsafe { pg_sys::Oid::from_u32_unchecked(raw) }
   |                           ^^^^^^^^^^^^^^^^^^

warning: use of deprecated associated function `pgrx::pg_sys::Oid::from_u32_unchecked`: safely converts via SPI, use pg_sys::Oid::from(u32)
    --> src/am/columnar_agg.rs:1401:30
     |
1401 |     let relid = pg_sys::Oid::from_u32_unchecked(pg_sys::list_nth_int(priv_list, 0) as u32);
     |                              ^^^^^^^^^^^^^^^^^^

warning: use of deprecated associated function `pgrx::pg_sys::Oid::from_u32_unchecked`: safely converts via SPI, use pg_sys::Oid::from(u32)
   --> src/am/columnar_project.rs:221:27
    |
221 |     unsafe { pg_sys::Oid::from_u32_unchecked(raw) }
    |                           ^^^^^^^^^^^^^^^^^^

warning[E0133]: call to unsafe function `am::arrow_cache::cache_state` is unsafe and requires unsafe block
  --> src/am/arrow_cache.rs:81:27
   |
81 |     let (cur_gen, cols) = cache_state(rel_oid)?.ok_or("arrow_cache: table not columnarized")?;
   |                           ^^^^^^^^^^^^^^^^^^^^ call to unsafe function
   |
   = note: consult the function's documentation for information on how to avoid undefined behavior
note: an unsafe function restricts its caller, but its body is safe by default
  --> src/am/arrow_cache.rs:79:1
   |
79 | unsafe fn get_or_build(rel_oid: pg_sys::Oid) -> Result<RecordBatch, String> {
   | ^^^^^^^^^^^^^^^^^^^^^^^^^^^^^^^^^^^^^^^^^^^^^^^^^^^^^^^^^^^^^^^^^^^^^^^^^^^
   = note: for more information, see <https://doc.rust-lang.org/edition-guide/rust-2024/unsafe-op-in-unsafe-fn.html>
   = note: `#[warn(unsafe_op_in_unsafe_fn)]` (part of `#[warn(rust_2024_compatibility)]`) on by default

warning[E0133]: call to unsafe function `am::arrow_cache::build_cache` is unsafe and requires unsafe block
  --> src/am/arrow_cache.rs:87:17
   |
87 |     let batch = build_cache(rel_oid, &cols)?;
   |                 ^^^^^^^^^^^^^^^^^^^^^^^^^^^ call to unsafe function
   |
   = note: consult the function's documentation for information on how to avoid undefined behavior
   = note: for more information, see <https://doc.rust-lang.org/edition-guide/rust-2024/unsafe-op-in-unsafe-fn.html>

warning[E0133]: call to unsafe function `pgrx::pg_sys::relation_open` is unsafe and requires unsafe block
   --> src/am/arrow_cache.rs:135:15
    |
135 |     let rel = pg_sys::relation_open(rel_oid, pg_sys::AccessShareLock as pg_sys::LOCKMODE);
    |               ^^^^^^^^^^^^^^^^^^^^^^^^^^^^^^^^^^^^^^^^^^^^^^^^^^^^^^^^^^^^^^^^^^^^^^^^^^^ call to unsafe function
    |
    = note: consult the function's documentation for information on how to avoid undefined behavior
note: an unsafe function restricts its caller, but its body is safe by default
   --> src/am/arrow_cache.rs:133:1
    |
133 | unsafe fn build_cache(rel_oid: pg_sys::Oid, cols: &[String]) -> Result<RecordBatch, String> {
    | ^^^^^^^^^^^^^^^^^^^^^^^^^^^^^^^^^^^^^^^^^^^^^^^^^^^^^^^^^^^^^^^^^^^^^^^^^^^^^^^^^^^^^^^^^^^
    = note: for more information, see <https://doc.rust-lang.org/edition-guide/rust-2024/unsafe-op-in-unsafe-fn.html>

warning[E0133]: dereference of raw pointer is unsafe and requires unsafe block
   --> src/am/arrow_cache.rs:136:19
    |
136 |     let tupdesc = (*rel).rd_att;
    |                   ^^^^^^ dereference of raw pointer
    |
    = note: raw pointers may be null, dangling or unaligned; they can violate aliasing rules and cause data races: all of these are undefined behavior
    = note: for more information, see <https://doc.rust-lang.org/edition-guide/rust-2024/unsafe-op-in-unsafe-fn.html>

warning[E0133]: dereference of raw pointer is unsafe and requires unsafe block
   --> src/am/arrow_cache.rs:137:17
    |
137 |     let natts = (*tupdesc).natts as usize;
    |                 ^^^^^^^^^^ dereference of raw pointer
    |
    = note: raw pointers may be null, dangling or unaligned; they can violate aliasing rules and cause data races: all of these are undefined behavior
    = note: for more information, see <https://doc.rust-lang.org/edition-guide/rust-2024/unsafe-op-in-unsafe-fn.html>

warning[E0133]: call to unsafe function `std::ffi::CStr::from_ptr` is unsafe and requires unsafe block
   --> src/am/arrow_cache.rs:142:17
    |
142 |                 std::ffi::CStr::from_ptr((*super::tupdesc_attr(tupdesc, i)).attname.data.as_ptr())
    |                 ^^^^^^^^^^^^^^^^^^^^^^^^^^^^^^^^^^^^^^^^^^^^^^^^^^^^^^^^^^^^^^^^^^^^^^^^^^^^^^^^^^ call to unsafe function
    |
    = note: consult the function's documentation for information on how to avoid undefined behavior
    = note: for more information, see <https://doc.rust-lang.org/edition-guide/rust-2024/unsafe-op-in-unsafe-fn.html>

warning[E0133]: dereference of raw pointer is unsafe and requires unsafe block
   --> src/am/arrow_cache.rs:142:42
    |
142 |                 std::ffi::CStr::from_ptr((*super::tupdesc_attr(tupdesc, i)).attname.data.as_ptr())
    |                                          ^^^^^^^^^^^^^^^^^^^^^^^^^^^^^^^^^^ dereference of raw pointer
    |
    = note: raw pointers may be null, dangling or unaligned; they can violate aliasing rules and cause data races: all of these are undefined behavior
    = note: for more information, see <https://doc.rust-lang.org/edition-guide/rust-2024/unsafe-op-in-unsafe-fn.html>

warning[E0133]: call to unsafe function `am::tupdesc_attr` is unsafe and requires unsafe block
   --> src/am/arrow_cache.rs:142:44
    |
142 |                 std::ffi::CStr::from_ptr((*super::tupdesc_attr(tupdesc, i)).attname.data.as_ptr())
    |                                            ^^^^^^^^^^^^^^^^^^^^^^^^^^^^^^^ call to unsafe function
    |
    = note: consult the function's documentation for information on how to avoid undefined behavior
    = note: for more information, see <https://doc.rust-lang.org/edition-guide/rust-2024/unsafe-op-in-unsafe-fn.html>

warning[E0133]: dereference of raw pointer is unsafe and requires unsafe block
   --> src/am/arrow_cache.rs:147:21
    |
147 |         let typid = (*super::tupdesc_attr(tupdesc, idx)).atttypid.to_u32();
    |                     ^^^^^^^^^^^^^^^^^^^^^^^^^^^^^^^^^^^^ dereference of raw pointer
    |
    = note: raw pointers may be null, dangling or unaligned; they can violate aliasing rules and cause data races: all of these are undefined behavior
    = note: for more information, see <https://doc.rust-lang.org/edition-guide/rust-2024/unsafe-op-in-unsafe-fn.html>

warning[E0133]: call to unsafe function `am::tupdesc_attr` is unsafe and requires unsafe block
   --> src/am/arrow_cache.rs:147:23
    |
147 |         let typid = (*super::tupdesc_attr(tupdesc, idx)).atttypid.to_u32();
    |                       ^^^^^^^^^^^^^^^^^^^^^^^^^^^^^^^^^ call to unsafe function
    |
    = note: consult the function's documentation for information on how to avoid undefined behavior
    = note: for more information, see <https://doc.rust-lang.org/edition-guide/rust-2024/unsafe-op-in-unsafe-fn.html>

warning[E0133]: call to unsafe function `std::ffi::CStr::from_ptr` is unsafe and requires unsafe block
   --> src/am/arrow_cache.rs:151:9
    |
151 |         std::ffi::CStr::from_ptr(pg_sys::get_rel_name(rel_oid)).to_string_lossy().into_owned();
    |         ^^^^^^^^^^^^^^^^^^^^^^^^^^^^^^^^^^^^^^^^^^^^^^^^^^^^^^^ call to unsafe function
    |
    = note: consult the function's documentation for information on how to avoid undefined behavior
    = note: for more information, see <https://doc.rust-lang.org/edition-guide/rust-2024/unsafe-op-in-unsafe-fn.html>

warning[E0133]: call to unsafe function `pgrx::pg_sys::get_rel_name` is unsafe and requires unsafe block
   --> src/am/arrow_cache.rs:151:34
    |
151 |         std::ffi::CStr::from_ptr(pg_sys::get_rel_name(rel_oid)).to_string_lossy().into_owned();
    |                                  ^^^^^^^^^^^^^^^^^^^^^^^^^^^^^ call to unsafe function
    |
    = note: consult the function's documentation for information on how to avoid undefined behavior
    = note: for more information, see <https://doc.rust-lang.org/edition-guide/rust-2024/unsafe-op-in-unsafe-fn.html>

warning[E0133]: call to unsafe function `pgrx::pg_sys::get_namespace_name` is unsafe and requires unsafe block
   --> src/am/arrow_cache.rs:152:15
    |
152 |     let nsp = pg_sys::get_namespace_name(pg_sys::get_rel_namespace(rel_oid));
    |               ^^^^^^^^^^^^^^^^^^^^^^^^^^^^^^^^^^^^^^^^^^^^^^^^^^^^^^^^^^^^^^ call to unsafe function
    |
    = note: consult the function's documentation for information on how to avoid undefined behavior
    = note: for more information, see <https://doc.rust-lang.org/edition-guide/rust-2024/unsafe-op-in-unsafe-fn.html>

warning[E0133]: call to unsafe function `pgrx::pg_sys::get_rel_namespace` is unsafe and requires unsafe block
   --> src/am/arrow_cache.rs:152:42
    |
152 |     let nsp = pg_sys::get_namespace_name(pg_sys::get_rel_namespace(rel_oid));
    |                                          ^^^^^^^^^^^^^^^^^^^^^^^^^^^^^^^^^^ call to unsafe function
    |
    = note: consult the function's documentation for information on how to avoid undefined behavior
    = note: for more information, see <https://doc.rust-lang.org/edition-guide/rust-2024/unsafe-op-in-unsafe-fn.html>

warning[E0133]: call to unsafe function `std::ffi::CStr::from_ptr` is unsafe and requires unsafe block
   --> src/am/arrow_cache.rs:153:19
    |
153 |     let nspname = std::ffi::CStr::from_ptr(nsp).to_string_lossy().into_owned();
    |                   ^^^^^^^^^^^^^^^^^^^^^^^^^^^^^ call to unsafe function
    |
    = note: consult the function's documentation for information on how to avoid undefined behavior
    = note: for more information, see <https://doc.rust-lang.org/edition-guide/rust-2024/unsafe-op-in-unsafe-fn.html>

warning[E0133]: call to unsafe function `pgrx::pg_sys::relation_close` is unsafe and requires unsafe block
   --> src/am/arrow_cache.rs:154:5
    |
154 |     pg_sys::relation_close(rel, pg_sys::AccessShareLock as pg_sys::LOCKMODE);
    |     ^^^^^^^^^^^^^^^^^^^^^^^^^^^^^^^^^^^^^^^^^^^^^^^^^^^^^^^^^^^^^^^^^^^^^^^^ call to unsafe function
    |
    = note: consult the function's documentation for information on how to avoid undefined behavior
    = note: for more information, see <https://doc.rust-lang.org/edition-guide/rust-2024/unsafe-op-in-unsafe-fn.html>

warning[E0133]: call to unsafe function `am::arrow_cache::get_or_build` is unsafe and requires unsafe block
   --> src/am/arrow_cache.rs:198:17
    |
198 |     let batch = get_or_build(rel_oid)?;
    |                 ^^^^^^^^^^^^^^^^^^^^^ call to unsafe function
    |
    = note: consult the function's documentation for information on how to avoid undefined behavior
note: an unsafe function restricts its caller, but its body is safe by default
   --> src/am/arrow_cache.rs:194:1
    |
194 | / pub(super) unsafe fn run_cache_aggs(
195 | |     rel_oid: pg_sys::Oid,
196 | |     aggs: &[AggSpec],
197 | | ) -> Result<Vec<(pg_sys::Datum, bool)>, String> {
    | |_______________________________________________^
    = note: for more information, see <https://doc.rust-lang.org/edition-guide/rust-2024/unsafe-op-in-unsafe-fn.html>

warning[E0133]: call to unsafe function `am::df_executor::run_aggs_on_batch` is unsafe and requires unsafe block
   --> src/am/arrow_cache.rs:199:5
    |
199 |     run_aggs_on_batch(batch, aggs, None)
    |     ^^^^^^^^^^^^^^^^^^^^^^^^^^^^^^^^^^^^ call to unsafe function
    |
    = note: consult the function's documentation for information on how to avoid undefined behavior
    = note: for more information, see <https://doc.rust-lang.org/edition-guide/rust-2024/unsafe-op-in-unsafe-fn.html>

warning[E0133]: call to unsafe function `pgrx::pg_sys::CreateTemplateTupleDesc` is unsafe and requires unsafe block
  --> src/am/build_stream.rs:44:19
   |
44 |     let tupdesc = pg_sys::CreateTemplateTupleDesc(3);
   |                   ^^^^^^^^^^^^^^^^^^^^^^^^^^^^^^^^^^ call to unsafe function
   |
   = note: consult the function's documentation for information on how to avoid undefined behavior
note: an unsafe function restricts its caller, but its body is safe by default
  --> src/am/build_stream.rs:39:1
   |
39 | / pub(crate) unsafe fn tuplesort_roundtrip(
40 | |     rows: &[(i32, i64, Vec<f32>)],
41 | |     work_mem_kb: i32,
42 | | ) -> Vec<(i32, i64, Vec<f32>)> {
   | |______________________________^
   = note: for more information, see <https://doc.rust-lang.org/edition-guide/rust-2024/unsafe-op-in-unsafe-fn.html>

warning[E0133]: call to unsafe function `pgrx::pg_sys::TupleDescInitEntry` is unsafe and requires unsafe block
  --> src/am/build_stream.rs:45:5
   |
45 |     pg_sys::TupleDescInitEntry(tupdesc, 1, c"list".as_ptr(), pg_sys::INT4OID, -1, 0);
   |     ^^^^^^^^^^^^^^^^^^^^^^^^^^^^^^^^^^^^^^^^^^^^^^^^^^^^^^^^^^^^^^^^^^^^^^^^^^^^^^^^ call to unsafe function
   |
   = note: consult the function's documentation for information on how to avoid undefined behavior
   = note: for more information, see <https://doc.rust-lang.org/edition-guide/rust-2024/unsafe-op-in-unsafe-fn.html>

warning[E0133]: call to unsafe function `pgrx::pg_sys::TupleDescInitEntry` is unsafe and requires unsafe block
  --> src/am/build_stream.rs:46:5
   |
46 |     pg_sys::TupleDescInitEntry(tupdesc, 2, c"tid".as_ptr(), pg_sys::INT8OID, -1, 0);
   |     ^^^^^^^^^^^^^^^^^^^^^^^^^^^^^^^^^^^^^^^^^^^^^^^^^^^^^^^^^^^^^^^^^^^^^^^^^^^^^^^ call to unsafe function
   |
   = note: consult the function's documentation for information on how to avoid undefined behavior
   = note: for more information, see <https://doc.rust-lang.org/edition-guide/rust-2024/unsafe-op-in-unsafe-fn.html>

warning[E0133]: call to unsafe function `pgrx::pg_sys::TupleDescInitEntry` is unsafe and requires unsafe block
  --> src/am/build_stream.rs:47:5
   |
47 |     pg_sys::TupleDescInitEntry(tupdesc, 3, c"vec".as_ptr(), pg_sys::BYTEAOID, -1, 0);
   |     ^^^^^^^^^^^^^^^^^^^^^^^^^^^^^^^^^^^^^^^^^^^^^^^^^^^^^^^^^^^^^^^^^^^^^^^^^^^^^^^^ call to unsafe function
   |
   = note: consult the function's documentation for information on how to avoid undefined behavior
   = note: for more information, see <https://doc.rust-lang.org/edition-guide/rust-2024/unsafe-op-in-unsafe-fn.html>

warning[E0133]: call to unsafe function `pgrx::pg_sys::tuplesort_begin_heap` is unsafe and requires unsafe block
  --> src/am/build_stream.rs:54:17
   |
54 |       let state = pg_sys::tuplesort_begin_heap(
   |  _________________^
55 | |         tupdesc,
56 | |         1,
57 | |         att_nums.as_mut_ptr(),
...  |
63 | |         0,
64 | |     );
   | |_____^ call to unsafe function
   |
   = note: consult the function's documentation for information on how to avoid undefined behavior
   = note: for more information, see <https://doc.rust-lang.org/edition-guide/rust-2024/unsafe-op-in-unsafe-fn.html>

warning[E0133]: call to unsafe function `pgrx::pg_sys::MakeSingleTupleTableSlot` is unsafe and requires unsafe block
  --> src/am/build_stream.rs:68:20
   |
68 |     let put_slot = pg_sys::MakeSingleTupleTableSlot(tupdesc, &raw const pg_sys::TTSOpsVirtual);
   |                    ^^^^^^^^^^^^^^^^^^^^^^^^^^^^^^^^^^^^^^^^^^^^^^^^^^^^^^^^^^^^^^^^^^^^^^^^^^^ call to unsafe function
   |
   = note: consult the function's documentation for information on how to avoid undefined behavior
   = note: for more information, see <https://doc.rust-lang.org/edition-guide/rust-2024/unsafe-op-in-unsafe-fn.html>

warning[E0133]: dereference of raw pointer is unsafe and requires unsafe block
  --> src/am/build_stream.rs:73:9
   |
73 |         (*put_slot).tts_flags |= pg_sys::TTS_FLAG_EMPTY as u16;
   |         ^^^^^^^^^^^ dereference of raw pointer
   |
   = note: raw pointers may be null, dangling or unaligned; they can violate aliasing rules and cause data races: all of these are undefined behavior
   = note: for more information, see <https://doc.rust-lang.org/edition-guide/rust-2024/unsafe-op-in-unsafe-fn.html>

warning[E0133]: dereference of raw pointer is unsafe and requires unsafe block
  --> src/am/build_stream.rs:74:9
   |
74 |         (*put_slot).tts_nvalid = 0;
   |         ^^^^^^^^^^^ dereference of raw pointer
   |
   = note: raw pointers may be null, dangling or unaligned; they can violate aliasing rules and cause data races: all of these are undefined behavior
   = note: for more information, see <https://doc.rust-lang.org/edition-guide/rust-2024/unsafe-op-in-unsafe-fn.html>

warning[E0133]: call to unsafe function `std::slice::from_raw_parts_mut` is unsafe and requires unsafe block
  --> src/am/build_stream.rs:75:22
   |
75 |         let values = std::slice::from_raw_parts_mut((*put_slot).tts_values, 3);
   |                      ^^^^^^^^^^^^^^^^^^^^^^^^^^^^^^^^^^^^^^^^^^^^^^^^^^^^^^^^^ call to unsafe function
   |
   = note: consult the function's documentation for information on how to avoid undefined behavior
   = note: for more information, see <https://doc.rust-lang.org/edition-guide/rust-2024/unsafe-op-in-unsafe-fn.html>

warning[E0133]: dereference of raw pointer is unsafe and requires unsafe block
  --> src/am/build_stream.rs:75:53
   |
75 |         let values = std::slice::from_raw_parts_mut((*put_slot).tts_values, 3);
   |                                                     ^^^^^^^^^^^ dereference of raw pointer
   |
   = note: raw pointers may be null, dangling or unaligned; they can violate aliasing rules and cause data races: all of these are undefined behavior
   = note: for more information, see <https://doc.rust-lang.org/edition-guide/rust-2024/unsafe-op-in-unsafe-fn.html>

warning[E0133]: call to unsafe function `std::slice::from_raw_parts_mut` is unsafe and requires unsafe block
  --> src/am/build_stream.rs:76:22
   |
76 |         let isnull = std::slice::from_raw_parts_mut((*put_slot).tts_isnull, 3);
   |                      ^^^^^^^^^^^^^^^^^^^^^^^^^^^^^^^^^^^^^^^^^^^^^^^^^^^^^^^^^ call to unsafe function
   |
   = note: consult the function's documentation for information on how to avoid undefined behavior
   = note: for more information, see <https://doc.rust-lang.org/edition-guide/rust-2024/unsafe-op-in-unsafe-fn.html>

warning[E0133]: dereference of raw pointer is unsafe and requires unsafe block
  --> src/am/build_stream.rs:76:53
   |
76 |         let isnull = std::slice::from_raw_parts_mut((*put_slot).tts_isnull, 3);
   |                                                     ^^^^^^^^^^^ dereference of raw pointer
   |
   = note: raw pointers may be null, dangling or unaligned; they can violate aliasing rules and cause data races: all of these are undefined behavior
   = note: for more information, see <https://doc.rust-lang.org/edition-guide/rust-2024/unsafe-op-in-unsafe-fn.html>

warning[E0133]: call to unsafe function `pgrx::pg_sys::ExecStoreVirtualTuple` is unsafe and requires unsafe block
  --> src/am/build_stream.rs:83:9
   |
83 |         pg_sys::ExecStoreVirtualTuple(put_slot); // asserts EMPTY, clears it, sets tts_nvalid = natts
   |         ^^^^^^^^^^^^^^^^^^^^^^^^^^^^^^^^^^^^^^^ call to unsafe function
   |
   = note: consult the function's documentation for information on how to avoid undefined behavior
   = note: for more information, see <https://doc.rust-lang.org/edition-guide/rust-2024/unsafe-op-in-unsafe-fn.html>

warning[E0133]: call to unsafe function `pgrx::pg_sys::tuplesort_puttupleslot` is unsafe and requires unsafe block
  --> src/am/build_stream.rs:84:9
   |
84 |         pg_sys::tuplesort_puttupleslot(state, put_slot);
   |         ^^^^^^^^^^^^^^^^^^^^^^^^^^^^^^^^^^^^^^^^^^^^^^^ call to unsafe function
   |
   = note: consult the function's documentation for information on how to avoid undefined behavior
   = note: for more information, see <https://doc.rust-lang.org/edition-guide/rust-2024/unsafe-op-in-unsafe-fn.html>

warning[E0133]: call to unsafe function `pgrx::pg_sys::tuplesort_performsort` is unsafe and requires unsafe block
  --> src/am/build_stream.rs:86:5
   |
86 |     pg_sys::tuplesort_performsort(state);
   |     ^^^^^^^^^^^^^^^^^^^^^^^^^^^^^^^^^^^^ call to unsafe function
   |
   = note: consult the function's documentation for information on how to avoid undefined behavior
   = note: for more information, see <https://doc.rust-lang.org/edition-guide/rust-2024/unsafe-op-in-unsafe-fn.html>

warning[E0133]: call to unsafe function `pgrx::pg_sys::MakeSingleTupleTableSlot` is unsafe and requires unsafe block
  --> src/am/build_stream.rs:88:20
   |
88 |     let get_slot = pg_sys::MakeSingleTupleTableSlot(tupdesc, &raw const pg_sys::TTSOpsMinimalTuple);
   |                    ^^^^^^^^^^^^^^^^^^^^^^^^^^^^^^^^^^^^^^^^^^^^^^^^^^^^^^^^^^^^^^^^^^^^^^^^^^^^^^^^ call to unsafe function
   |
   = note: consult the function's documentation for information on how to avoid undefined behavior
   = note: for more information, see <https://doc.rust-lang.org/edition-guide/rust-2024/unsafe-op-in-unsafe-fn.html>

warning[E0133]: call to unsafe function `pgrx::pg_sys::tuplesort_gettupleslot` is unsafe and requires unsafe block
  --> src/am/build_stream.rs:94:13
   |
94 |             pg_sys::tuplesort_gettupleslot(state, true, false, get_slot, std::ptr::null_mut());
   |             ^^^^^^^^^^^^^^^^^^^^^^^^^^^^^^^^^^^^^^^^^^^^^^^^^^^^^^^^^^^^^^^^^^^^^^^^^^^^^^^^^^ call to unsafe function
   |
   = note: consult the function's documentation for information on how to avoid undefined behavior
   = note: for more information, see <https://doc.rust-lang.org/edition-guide/rust-2024/unsafe-op-in-unsafe-fn.html>

warning[E0133]: call to unsafe function `pgrx::pg_sys::slot_getallattrs` is unsafe and requires unsafe block
  --> src/am/build_stream.rs:98:9
   |
98 |         pg_sys::slot_getallattrs(get_slot); // deform → populate tts_values/tts_isnull
   |         ^^^^^^^^^^^^^^^^^^^^^^^^^^^^^^^^^^ call to unsafe function
   |
   = note: consult the function's documentation for information on how to avoid undefined behavior
   = note: for more information, see <https://doc.rust-lang.org/edition-guide/rust-2024/unsafe-op-in-unsafe-fn.html>

warning[E0133]: call to unsafe function `std::slice::from_raw_parts` is unsafe and requires unsafe block
  --> src/am/build_stream.rs:99:22
   |
99 |         let values = std::slice::from_raw_parts((*get_slot).tts_values, 3);
   |                      ^^^^^^^^^^^^^^^^^^^^^^^^^^^^^^^^^^^^^^^^^^^^^^^^^^^^^ call to unsafe function
   |
   = note: consult the function's documentation for information on how to avoid undefined behavior
   = note: for more information, see <https://doc.rust-lang.org/edition-guide/rust-2024/unsafe-op-in-unsafe-fn.html>

warning[E0133]: dereference of raw pointer is unsafe and requires unsafe block
  --> src/am/build_stream.rs:99:49
   |
99 |         let values = std::slice::from_raw_parts((*get_slot).tts_values, 3);
   |                                                 ^^^^^^^^^^^ dereference of raw pointer
   |
   = note: raw pointers may be null, dangling or unaligned; they can violate aliasing rules and cause data races: all of these are undefined behavior
   = note: for more information, see <https://doc.rust-lang.org/edition-guide/rust-2024/unsafe-op-in-unsafe-fn.html>

warning[E0133]: call to unsafe function `std::slice::from_raw_parts` is unsafe and requires unsafe block
   --> src/am/build_stream.rs:100:22
    |
100 |         let isnull = std::slice::from_raw_parts((*get_slot).tts_isnull, 3);
    |                      ^^^^^^^^^^^^^^^^^^^^^^^^^^^^^^^^^^^^^^^^^^^^^^^^^^^^^ call to unsafe function
    |
    = note: consult the function's documentation for information on how to avoid undefined behavior
    = note: for more information, see <https://doc.rust-lang.org/edition-guide/rust-2024/unsafe-op-in-unsafe-fn.html>

warning[E0133]: dereference of raw pointer is unsafe and requires unsafe block
   --> src/am/build_stream.rs:100:49
    |
100 |         let isnull = std::slice::from_raw_parts((*get_slot).tts_isnull, 3);
    |                                                 ^^^^^^^^^^^ dereference of raw pointer
    |
    = note: raw pointers may be null, dangling or unaligned; they can violate aliasing rules and cause data races: all of these are undefined behavior
    = note: for more information, see <https://doc.rust-lang.org/edition-guide/rust-2024/unsafe-op-in-unsafe-fn.html>

warning[E0133]: call to unsafe function `pgrx::FromDatum::from_datum` is unsafe and requires unsafe block
   --> src/am/build_stream.rs:101:20
    |
101 |         let list = i32::from_datum(values[0], isnull[0]).unwrap();
    |                    ^^^^^^^^^^^^^^^^^^^^^^^^^^^^^^^^^^^^^ call to unsafe function
    |
    = note: consult the function's documentation for information on how to avoid undefined behavior
    = note: for more information, see <https://doc.rust-lang.org/edition-guide/rust-2024/unsafe-op-in-unsafe-fn.html>

warning[E0133]: call to unsafe function `pgrx::FromDatum::from_datum` is unsafe and requires unsafe block
   --> src/am/build_stream.rs:102:19
    |
102 |         let tid = i64::from_datum(values[1], isnull[1]).unwrap();
    |                   ^^^^^^^^^^^^^^^^^^^^^^^^^^^^^^^^^^^^^ call to unsafe function
    |
    = note: consult the function's documentation for information on how to avoid undefined behavior
    = note: for more information, see <https://doc.rust-lang.org/edition-guide/rust-2024/unsafe-op-in-unsafe-fn.html>

warning[E0133]: call to unsafe function `pgrx::FromDatum::from_datum` is unsafe and requires unsafe block
   --> src/am/build_stream.rs:103:21
    |
103 |         let bytes = Vec::<u8>::from_datum(values[2], isnull[2]).unwrap();
    |                     ^^^^^^^^^^^^^^^^^^^^^^^^^^^^^^^^^^^^^^^^^^^ call to unsafe function
    |
    = note: consult the function's documentation for information on how to avoid undefined behavior
    = note: for more information, see <https://doc.rust-lang.org/edition-guide/rust-2024/unsafe-op-in-unsafe-fn.html>

warning[E0133]: call to unsafe function `pgrx::pg_sys::tuplesort_end` is unsafe and requires unsafe block
   --> src/am/build_stream.rs:107:5
    |
107 |     pg_sys::tuplesort_end(state);
    |     ^^^^^^^^^^^^^^^^^^^^^^^^^^^^ call to unsafe function
    |
    = note: consult the function's documentation for information on how to avoid undefined behavior
    = note: for more information, see <https://doc.rust-lang.org/edition-guide/rust-2024/unsafe-op-in-unsafe-fn.html>

warning[E0133]: call to unsafe function `pgrx::pg_sys::ExecDropSingleTupleTableSlot` is unsafe and requires unsafe block
   --> src/am/build_stream.rs:108:5
    |
108 |     pg_sys::ExecDropSingleTupleTableSlot(put_slot);
    |     ^^^^^^^^^^^^^^^^^^^^^^^^^^^^^^^^^^^^^^^^^^^^^^ call to unsafe function
    |
    = note: consult the function's documentation for information on how to avoid undefined behavior
    = note: for more information, see <https://doc.rust-lang.org/edition-guide/rust-2024/unsafe-op-in-unsafe-fn.html>

warning[E0133]: call to unsafe function `pgrx::pg_sys::ExecDropSingleTupleTableSlot` is unsafe and requires unsafe block
   --> src/am/build_stream.rs:109:5
    |
109 |     pg_sys::ExecDropSingleTupleTableSlot(get_slot);
    |     ^^^^^^^^^^^^^^^^^^^^^^^^^^^^^^^^^^^^^^^^^^^^^^ call to unsafe function
    |
    = note: consult the function's documentation for information on how to avoid undefined behavior
    = note: for more information, see <https://doc.rust-lang.org/edition-guide/rust-2024/unsafe-op-in-unsafe-fn.html>

warning[E0133]: dereference of raw pointer is unsafe and requires unsafe block
   --> src/am/build_stream.rs:151:8
    |
151 |     if *isnull {
    |        ^^^^^^^ dereference of raw pointer
    |
    = note: raw pointers may be null, dangling or unaligned; they can violate aliasing rules and cause data races: all of these are undefined behavior
note: an unsafe function restricts its caller, but its body is safe by default
   --> src/am/build_stream.rs:143:1
    |
143 | / unsafe extern "C-unwind" fn sample_callback(
144 | |     _index: pg_sys::Relation,
145 | |     _htid: pg_sys::ItemPointer,
146 | |     values: *mut pg_sys::Datum,
...   |
149 | |     state: *mut std::os::raw::c_void,
150 | | ) {
    | |_^
    = note: for more information, see <https://doc.rust-lang.org/edition-guide/rust-2024/unsafe-op-in-unsafe-fn.html>

warning[E0133]: dereference of raw pointer is unsafe and requires unsafe block
   --> src/am/build_stream.rs:154:19
    |
154 |     let st = &mut *(state as *mut SampleState);
    |                   ^^^^^^^^^^^^^^^^^^^^^^^^^^^^ dereference of raw pointer
    |
    = note: raw pointers may be null, dangling or unaligned; they can violate aliasing rules and cause data races: all of these are undefined behavior
    = note: for more information, see <https://doc.rust-lang.org/edition-guide/rust-2024/unsafe-op-in-unsafe-fn.html>

warning[E0133]: call to unsafe function `am::build::datum_to_vec_f32` is unsafe and requires unsafe block
   --> src/am/build_stream.rs:159:13
    |
159 |     let v = crate::am::build::datum_to_vec_f32(*values);
    |             ^^^^^^^^^^^^^^^^^^^^^^^^^^^^^^^^^^^^^^^^^^^ call to unsafe function
    |
    = note: consult the function's documentation for information on how to avoid undefined behavior
    = note: for more information, see <https://doc.rust-lang.org/edition-guide/rust-2024/unsafe-op-in-unsafe-fn.html>

warning[E0133]: dereference of raw pointer is unsafe and requires unsafe block
   --> src/am/build_stream.rs:159:48
    |
159 |     let v = crate::am::build::datum_to_vec_f32(*values);
    |                                                ^^^^^^^ dereference of raw pointer
    |
    = note: raw pointers may be null, dangling or unaligned; they can violate aliasing rules and cause data races: all of these are undefined behavior
    = note: for more information, see <https://doc.rust-lang.org/edition-guide/rust-2024/unsafe-op-in-unsafe-fn.html>

warning[E0133]: dereference of raw pointer is unsafe and requires unsafe block
   --> src/am/build_stream.rs:185:8
    |
185 |     if *isnull {
    |        ^^^^^^^ dereference of raw pointer
    |
    = note: raw pointers may be null, dangling or unaligned; they can violate aliasing rules and cause data races: all of these are undefined behavior
note: an unsafe function restricts its caller, but its body is safe by default
   --> src/am/build_stream.rs:177:1
    |
177 | / unsafe extern "C-unwind" fn assign_callback(
178 | |     _index: pg_sys::Relation,
179 | |     htid: pg_sys::ItemPointer,
180 | |     values: *mut pg_sys::Datum,
...   |
183 | |     state: *mut std::os::raw::c_void,
184 | | ) {
    | |_^
    = note: for more information, see <https://doc.rust-lang.org/edition-guide/rust-2024/unsafe-op-in-unsafe-fn.html>

warning[E0133]: dereference of raw pointer is unsafe and requires unsafe block
   --> src/am/build_stream.rs:188:19
    |
188 |     let st = &mut *(state as *mut AssignState);
    |                   ^^^^^^^^^^^^^^^^^^^^^^^^^^^^ dereference of raw pointer
    |
    = note: raw pointers may be null, dangling or unaligned; they can violate aliasing rules and cause data races: all of these are undefined behavior
    = note: for more information, see <https://doc.rust-lang.org/edition-guide/rust-2024/unsafe-op-in-unsafe-fn.html>

warning[E0133]: call to unsafe function `am::build::datum_to_vec_f32` is unsafe and requires unsafe block
   --> src/am/build_stream.rs:189:13
    |
189 |     let v = crate::am::build::datum_to_vec_f32(*values);
    |             ^^^^^^^^^^^^^^^^^^^^^^^^^^^^^^^^^^^^^^^^^^^ call to unsafe function
    |
    = note: consult the function's documentation for information on how to avoid undefined behavior
    = note: for more information, see <https://doc.rust-lang.org/edition-guide/rust-2024/unsafe-op-in-unsafe-fn.html>

warning[E0133]: dereference of raw pointer is unsafe and requires unsafe block
   --> src/am/build_stream.rs:189:48
    |
189 |     let v = crate::am::build::datum_to_vec_f32(*values);
    |                                                ^^^^^^^ dereference of raw pointer
    |
    = note: raw pointers may be null, dangling or unaligned; they can violate aliasing rules and cause data races: all of these are undefined behavior
    = note: for more information, see <https://doc.rust-lang.org/edition-guide/rust-2024/unsafe-op-in-unsafe-fn.html>

warning[E0133]: call to unsafe function `am::tid::encode` is unsafe and requires unsafe block
   --> src/am/build_stream.rs:206:15
    |
206 |     let tid = crate::am::tid::encode(htid);
    |               ^^^^^^^^^^^^^^^^^^^^^^^^^^^^ call to unsafe function
    |
    = note: consult the function's documentation for information on how to avoid undefined behavior
    = note: for more information, see <https://doc.rust-lang.org/edition-guide/rust-2024/unsafe-op-in-unsafe-fn.html>

warning[E0133]: dereference of raw pointer is unsafe and requires unsafe block
   --> src/am/build_stream.rs:208:5
    |
208 |     (*slot).tts_flags |= pg_sys::TTS_FLAG_EMPTY as u16;
    |     ^^^^^^^ dereference of raw pointer
    |
    = note: raw pointers may be null, dangling or unaligned; they can violate aliasing rules and cause data races: all of these are undefined behavior
    = note: for more information, see <https://doc.rust-lang.org/edition-guide/rust-2024/unsafe-op-in-unsafe-fn.html>

warning[E0133]: dereference of raw pointer is unsafe and requires unsafe block
   --> src/am/build_stream.rs:209:5
    |
209 |     (*slot).tts_nvalid = 0;
    |     ^^^^^^^ dereference of raw pointer
    |
    = note: raw pointers may be null, dangling or unaligned; they can violate aliasing rules and cause data races: all of these are undefined behavior
    = note: for more information, see <https://doc.rust-lang.org/edition-guide/rust-2024/unsafe-op-in-unsafe-fn.html>

warning[E0133]: call to unsafe function `std::slice::from_raw_parts_mut` is unsafe and requires unsafe block
   --> src/am/build_stream.rs:210:16
    |
210 |     let vals = std::slice::from_raw_parts_mut((*slot).tts_values, 3);
    |                ^^^^^^^^^^^^^^^^^^^^^^^^^^^^^^^^^^^^^^^^^^^^^^^^^^^^^ call to unsafe function
    |
    = note: consult the function's documentation for information on how to avoid undefined behavior
    = note: for more information, see <https://doc.rust-lang.org/edition-guide/rust-2024/unsafe-op-in-unsafe-fn.html>

warning[E0133]: dereference of raw pointer is unsafe and requires unsafe block
   --> src/am/build_stream.rs:210:47
    |
210 |     let vals = std::slice::from_raw_parts_mut((*slot).tts_values, 3);
    |                                               ^^^^^^^ dereference of raw pointer
    |
    = note: raw pointers may be null, dangling or unaligned; they can violate aliasing rules and cause data races: all of these are undefined behavior
    = note: for more information, see <https://doc.rust-lang.org/edition-guide/rust-2024/unsafe-op-in-unsafe-fn.html>

warning[E0133]: call to unsafe function `std::slice::from_raw_parts_mut` is unsafe and requires unsafe block
   --> src/am/build_stream.rs:211:17
    |
211 |     let nulls = std::slice::from_raw_parts_mut((*slot).tts_isnull, 3);
    |                 ^^^^^^^^^^^^^^^^^^^^^^^^^^^^^^^^^^^^^^^^^^^^^^^^^^^^^ call to unsafe function
    |
    = note: consult the function's documentation for information on how to avoid undefined behavior
    = note: for more information, see <https://doc.rust-lang.org/edition-guide/rust-2024/unsafe-op-in-unsafe-fn.html>

warning[E0133]: dereference of raw pointer is unsafe and requires unsafe block
   --> src/am/build_stream.rs:211:48
    |
211 |     let nulls = std::slice::from_raw_parts_mut((*slot).tts_isnull, 3);
    |                                                ^^^^^^^ dereference of raw pointer
    |
    = note: raw pointers may be null, dangling or unaligned; they can violate aliasing rules and cause data races: all of these are undefined behavior
    = note: for more information, see <https://doc.rust-lang.org/edition-guide/rust-2024/unsafe-op-in-unsafe-fn.html>

warning[E0133]: call to unsafe function `pgrx::pg_sys::ExecStoreVirtualTuple` is unsafe and requires unsafe block
   --> src/am/build_stream.rs:219:5
    |
219 |     pg_sys::ExecStoreVirtualTuple(slot);
    |     ^^^^^^^^^^^^^^^^^^^^^^^^^^^^^^^^^^^ call to unsafe function
    |
    = note: consult the function's documentation for information on how to avoid undefined behavior
    = note: for more information, see <https://doc.rust-lang.org/edition-guide/rust-2024/unsafe-op-in-unsafe-fn.html>

warning[E0133]: call to unsafe function `pgrx::pg_sys::tuplesort_puttupleslot` is unsafe and requires unsafe block
   --> src/am/build_stream.rs:220:5
    |
220 |     pg_sys::tuplesort_puttupleslot(st.sorter, slot);
    |     ^^^^^^^^^^^^^^^^^^^^^^^^^^^^^^^^^^^^^^^^^^^^^^^ call to unsafe function
    |
    = note: consult the function's documentation for information on how to avoid undefined behavior
    = note: for more information, see <https://doc.rust-lang.org/edition-guide/rust-2024/unsafe-op-in-unsafe-fn.html>

warning[E0133]: call to unsafe function `pgrx::pg_sys::pfree` is unsafe and requires unsafe block
   --> src/am/build_stream.rs:225:5
    |
225 |     pg_sys::pfree(bytea_datum.cast_mut_ptr());
    |     ^^^^^^^^^^^^^^^^^^^^^^^^^^^^^^^^^^^^^^^^^ call to unsafe function
    |
    = note: consult the function's documentation for information on how to avoid undefined behavior
    = note: for more information, see <https://doc.rust-lang.org/edition-guide/rust-2024/unsafe-op-in-unsafe-fn.html>

warning[E0133]: call to unsafe function `pgrx::pg_sys::table_index_build_scan` is unsafe and requires unsafe block
   --> src/am/build_stream.rs:245:5
    |
245 | /     pg_sys::table_index_build_scan(
246 | |         heaprel,
247 | |         indexrel,
248 | |         index_info,
...   |
253 | |         std::ptr::null_mut(),
254 | |     );
    | |_____^ call to unsafe function
    |
    = note: consult the function's documentation for information on how to avoid undefined behavior
note: an unsafe function restricts its caller, but its body is safe by default
   --> src/am/build_stream.rs:234:1
    |
234 | / pub(crate) unsafe fn ambuild_streaming(
235 | |     heaprel: pg_sys::Relation,
236 | |     indexrel: pg_sys::Relation,
237 | |     index_info: *mut pg_sys::IndexInfo,
...   |
241 | |     seed: u64,
242 | | ) -> usize {
    | |__________^
    = note: for more information, see <https://doc.rust-lang.org/edition-guide/rust-2024/unsafe-op-in-unsafe-fn.html>

warning[E0133]: call to unsafe function `am::options::aq_threshold_from_relation` is unsafe and requires unsafe block
   --> src/am/build_stream.rs:264:15
    |
264 |     let thr = crate::am::options::aq_threshold_from_relation(indexrel);
    |               ^^^^^^^^^^^^^^^^^^^^^^^^^^^^^^^^^^^^^^^^^^^^^^^^^^^^^^^^ call to unsafe function
    |
    = note: consult the function's documentation for information on how to avoid undefined behavior
    = note: for more information, see <https://doc.rust-lang.org/edition-guide/rust-2024/unsafe-op-in-unsafe-fn.html>

warning[E0133]: call to unsafe function `pgrx::pg_sys::CreateTemplateTupleDesc` is unsafe and requires unsafe block
   --> src/am/build_stream.rs:272:19
    |
272 |     let tupdesc = pg_sys::CreateTemplateTupleDesc(3);
    |                   ^^^^^^^^^^^^^^^^^^^^^^^^^^^^^^^^^^ call to unsafe function
    |
    = note: consult the function's documentation for information on how to avoid undefined behavior
    = note: for more information, see <https://doc.rust-lang.org/edition-guide/rust-2024/unsafe-op-in-unsafe-fn.html>

warning[E0133]: call to unsafe function `pgrx::pg_sys::TupleDescInitEntry` is unsafe and requires unsafe block
   --> src/am/build_stream.rs:273:5
    |
273 |     pg_sys::TupleDescInitEntry(tupdesc, 1, c"list".as_ptr(), pg_sys::INT4OID, -1, 0);
    |     ^^^^^^^^^^^^^^^^^^^^^^^^^^^^^^^^^^^^^^^^^^^^^^^^^^^^^^^^^^^^^^^^^^^^^^^^^^^^^^^^ call to unsafe function
    |
    = note: consult the function's documentation for information on how to avoid undefined behavior
    = note: for more information, see <https://doc.rust-lang.org/edition-guide/rust-2024/unsafe-op-in-unsafe-fn.html>

warning[E0133]: call to unsafe function `pgrx::pg_sys::TupleDescInitEntry` is unsafe and requires unsafe block
   --> src/am/build_stream.rs:274:5
    |
274 |     pg_sys::TupleDescInitEntry(tupdesc, 2, c"tid".as_ptr(), pg_sys::INT8OID, -1, 0);
    |     ^^^^^^^^^^^^^^^^^^^^^^^^^^^^^^^^^^^^^^^^^^^^^^^^^^^^^^^^^^^^^^^^^^^^^^^^^^^^^^^ call to unsafe function
    |
    = note: consult the function's documentation for information on how to avoid undefined behavior
    = note: for more information, see <https://doc.rust-lang.org/edition-guide/rust-2024/unsafe-op-in-unsafe-fn.html>

warning[E0133]: call to unsafe function `pgrx::pg_sys::TupleDescInitEntry` is unsafe and requires unsafe block
   --> src/am/build_stream.rs:275:5
    |
275 |     pg_sys::TupleDescInitEntry(tupdesc, 3, c"vec".as_ptr(), pg_sys::BYTEAOID, -1, 0);
    |     ^^^^^^^^^^^^^^^^^^^^^^^^^^^^^^^^^^^^^^^^^^^^^^^^^^^^^^^^^^^^^^^^^^^^^^^^^^^^^^^^ call to unsafe function
    |
    = note: consult the function's documentation for information on how to avoid undefined behavior
    = note: for more information, see <https://doc.rust-lang.org/edition-guide/rust-2024/unsafe-op-in-unsafe-fn.html>

warning[E0133]: call to unsafe function `pgrx::pg_sys::tuplesort_begin_heap` is unsafe and requires unsafe block
   --> src/am/build_stream.rs:280:18
    |
280 |       let sorter = pg_sys::tuplesort_begin_heap(
    |  __________________^
281 | |         tupdesc,
282 | |         1,
283 | |         att_nums.as_mut_ptr(),
...   |
289 | |         0,
290 | |     );
    | |_____^ call to unsafe function
    |
    = note: consult the function's documentation for information on how to avoid undefined behavior
    = note: for more information, see <https://doc.rust-lang.org/edition-guide/rust-2024/unsafe-op-in-unsafe-fn.html>

warning[E0133]: use of mutable static is unsafe and requires unsafe block
   --> src/am/build_stream.rs:287:9
    |
287 |         pg_sys::maintenance_work_mem,
    |         ^^^^^^^^^^^^^^^^^^^^^^^^^^^^ use of mutable static
    |
    = note: mutable statics can be mutated by multiple threads: aliasing violations or data races will cause undefined behavior
    = note: for more information, see <https://doc.rust-lang.org/edition-guide/rust-2024/unsafe-op-in-unsafe-fn.html>

warning[E0133]: call to unsafe function `pgrx::pg_sys::MakeSingleTupleTableSlot` is unsafe and requires unsafe block
   --> src/am/build_stream.rs:291:20
    |
291 |     let put_slot = pg_sys::MakeSingleTupleTableSlot(tupdesc, &raw const pg_sys::TTSOpsVirtual);
    |                    ^^^^^^^^^^^^^^^^^^^^^^^^^^^^^^^^^^^^^^^^^^^^^^^^^^^^^^^^^^^^^^^^^^^^^^^^^^^ call to unsafe function
    |
    = note: consult the function's documentation for information on how to avoid undefined behavior
    = note: for more information, see <https://doc.rust-lang.org/edition-guide/rust-2024/unsafe-op-in-unsafe-fn.html>

warning[E0133]: call to unsafe function `pgrx::pg_sys::table_index_build_scan` is unsafe and requires unsafe block
   --> src/am/build_stream.rs:299:19
    |
299 |       let ntuples = pg_sys::table_index_build_scan(
    |  ___________________^
300 | |         heaprel,
301 | |         indexrel,
302 | |         index_info,
...   |
307 | |         std::ptr::null_mut(),
308 | |     ) as usize;
    | |_____^ call to unsafe function
    |
    = note: consult the function's documentation for information on how to avoid undefined behavior
    = note: for more information, see <https://doc.rust-lang.org/edition-guide/rust-2024/unsafe-op-in-unsafe-fn.html>

warning[E0133]: call to unsafe function `pgrx::pg_sys::tuplesort_performsort` is unsafe and requires unsafe block
   --> src/am/build_stream.rs:309:5
    |
309 |     pg_sys::tuplesort_performsort(sorter);
    |     ^^^^^^^^^^^^^^^^^^^^^^^^^^^^^^^^^^^^^ call to unsafe function
    |
    = note: consult the function's documentation for information on how to avoid undefined behavior
    = note: for more information, see <https://doc.rust-lang.org/edition-guide/rust-2024/unsafe-op-in-unsafe-fn.html>

warning[E0133]: call to unsafe function `pgrx::pg_sys::MakeSingleTupleTableSlot` is unsafe and requires unsafe block
   --> src/am/build_stream.rs:313:20
    |
313 |     let get_slot = pg_sys::MakeSingleTupleTableSlot(tupdesc, &raw const pg_sys::TTSOpsMinimalTuple);
    |                    ^^^^^^^^^^^^^^^^^^^^^^^^^^^^^^^^^^^^^^^^^^^^^^^^^^^^^^^^^^^^^^^^^^^^^^^^^^^^^^^^ call to unsafe function
    |
    = note: consult the function's documentation for information on how to avoid undefined behavior
    = note: for more information, see <https://doc.rust-lang.org/edition-guide/rust-2024/unsafe-op-in-unsafe-fn.html>

warning[E0133]: call to unsafe function `pgrx::pg_sys::tuplesort_gettupleslot` is unsafe and requires unsafe block
   --> src/am/build_stream.rs:316:13
    |
316 |             pg_sys::tuplesort_gettupleslot(sorter, true, false, get_slot, std::ptr::null_mut());
    |             ^^^^^^^^^^^^^^^^^^^^^^^^^^^^^^^^^^^^^^^^^^^^^^^^^^^^^^^^^^^^^^^^^^^^^^^^^^^^^^^^^^^ call to unsafe function
    |
    = note: consult the function's documentation for information on how to avoid undefined behavior
    = note: for more information, see <https://doc.rust-lang.org/edition-guide/rust-2024/unsafe-op-in-unsafe-fn.html>

warning[E0133]: call to unsafe function `pgrx::pg_sys::slot_getallattrs` is unsafe and requires unsafe block
   --> src/am/build_stream.rs:320:9
    |
320 |         pg_sys::slot_getallattrs(get_slot);
    |         ^^^^^^^^^^^^^^^^^^^^^^^^^^^^^^^^^^ call to unsafe function
    |
    = note: consult the function's documentation for information on how to avoid undefined behavior
    = note: for more information, see <https://doc.rust-lang.org/edition-guide/rust-2024/unsafe-op-in-unsafe-fn.html>

warning[E0133]: call to unsafe function `std::slice::from_raw_parts` is unsafe and requires unsafe block
   --> src/am/build_stream.rs:321:20
    |
321 |         let vals = std::slice::from_raw_parts((*get_slot).tts_values, 3);
    |                    ^^^^^^^^^^^^^^^^^^^^^^^^^^^^^^^^^^^^^^^^^^^^^^^^^^^^^ call to unsafe function
    |
    = note: consult the function's documentation for information on how to avoid undefined behavior
    = note: for more information, see <https://doc.rust-lang.org/edition-guide/rust-2024/unsafe-op-in-unsafe-fn.html>

warning[E0133]: dereference of raw pointer is unsafe and requires unsafe block
   --> src/am/build_stream.rs:321:47
    |
321 |         let vals = std::slice::from_raw_parts((*get_slot).tts_values, 3);
    |                                               ^^^^^^^^^^^ dereference of raw pointer
    |
    = note: raw pointers may be null, dangling or unaligned; they can violate aliasing rules and cause data races: all of these are undefined behavior
    = note: for more information, see <https://doc.rust-lang.org/edition-guide/rust-2024/unsafe-op-in-unsafe-fn.html>

warning[E0133]: call to unsafe function `std::slice::from_raw_parts` is unsafe and requires unsafe block
   --> src/am/build_stream.rs:322:21
    |
322 |         let nulls = std::slice::from_raw_parts((*get_slot).tts_isnull, 3);
    |                     ^^^^^^^^^^^^^^^^^^^^^^^^^^^^^^^^^^^^^^^^^^^^^^^^^^^^^ call to unsafe function
    |
    = note: consult the function's documentation for information on how to avoid undefined behavior
    = note: for more information, see <https://doc.rust-lang.org/edition-guide/rust-2024/unsafe-op-in-unsafe-fn.html>

warning[E0133]: dereference of raw pointer is unsafe and requires unsafe block
   --> src/am/build_stream.rs:322:48
    |
322 |         let nulls = std::slice::from_raw_parts((*get_slot).tts_isnull, 3);
    |                                                ^^^^^^^^^^^ dereference of raw pointer
    |
    = note: raw pointers may be null, dangling or unaligned; they can violate aliasing rules and cause data races: all of these are undefined behavior
    = note: for more information, see <https://doc.rust-lang.org/edition-guide/rust-2024/unsafe-op-in-unsafe-fn.html>

warning[E0133]: call to unsafe function `pgrx::FromDatum::from_datum` is unsafe and requires unsafe block
   --> src/am/build_stream.rs:323:19
    |
323 |         let tid = i64::from_datum(vals[1], nulls[1]).unwrap();
    |                   ^^^^^^^^^^^^^^^^^^^^^^^^^^^^^^^^^^ call to unsafe function
    |
    = note: consult the function's documentation for information on how to avoid undefined behavior
    = note: for more information, see <https://doc.rust-lang.org/edition-guide/rust-2024/unsafe-op-in-unsafe-fn.html>

warning[E0133]: call to unsafe function `pgrx::FromDatum::from_datum` is unsafe and requires unsafe block
   --> src/am/build_stream.rs:324:21
    |
324 |         let bytes = Vec::<u8>::from_datum(vals[2], nulls[2]).unwrap();
    |                     ^^^^^^^^^^^^^^^^^^^^^^^^^^^^^^^^^^^^^^^^ call to unsafe function
    |
    = note: consult the function's documentation for information on how to avoid undefined behavior
    = note: for more information, see <https://doc.rust-lang.org/edition-guide/rust-2024/unsafe-op-in-unsafe-fn.html>

warning[E0133]: call to unsafe function `am::page::ivf::write_ivf_aq_split_streaming` is unsafe and requires unsafe block
   --> src/am/build_stream.rs:327:5
    |
327 | /     crate::am::page::write_ivf_aq_split_streaming(
328 | |         indexrel,
329 | |         dim,
330 | |         metric.tag(),
...   |
336 | |         &mut next_member,
337 | |     );
    | |_____^ call to unsafe function
    |
    = note: consult the function's documentation for information on how to avoid undefined behavior
    = note: for more information, see <https://doc.rust-lang.org/edition-guide/rust-2024/unsafe-op-in-unsafe-fn.html>

warning[E0133]: call to unsafe function `pgrx::pg_sys::tuplesort_end` is unsafe and requires unsafe block
   --> src/am/build_stream.rs:339:5
    |
339 |     pg_sys::tuplesort_end(sorter);
    |     ^^^^^^^^^^^^^^^^^^^^^^^^^^^^^ call to unsafe function
    |
    = note: consult the function's documentation for information on how to avoid undefined behavior
    = note: for more information, see <https://doc.rust-lang.org/edition-guide/rust-2024/unsafe-op-in-unsafe-fn.html>

warning[E0133]: call to unsafe function `pgrx::pg_sys::ExecDropSingleTupleTableSlot` is unsafe and requires unsafe block
   --> src/am/build_stream.rs:340:5
    |
340 |     pg_sys::ExecDropSingleTupleTableSlot(put_slot);
    |     ^^^^^^^^^^^^^^^^^^^^^^^^^^^^^^^^^^^^^^^^^^^^^^ call to unsafe function
    |
    = note: consult the function's documentation for information on how to avoid undefined behavior
    = note: for more information, see <https://doc.rust-lang.org/edition-guide/rust-2024/unsafe-op-in-unsafe-fn.html>

warning[E0133]: call to unsafe function `pgrx::pg_sys::ExecDropSingleTupleTableSlot` is unsafe and requires unsafe block
   --> src/am/build_stream.rs:341:5
    |
341 |     pg_sys::ExecDropSingleTupleTableSlot(get_slot);
    |     ^^^^^^^^^^^^^^^^^^^^^^^^^^^^^^^^^^^^^^^^^^^^^^ call to unsafe function
    |
    = note: consult the function's documentation for information on how to avoid undefined behavior
    = note: for more information, see <https://doc.rust-lang.org/edition-guide/rust-2024/unsafe-op-in-unsafe-fn.html>

warning[E0133]: call to unsafe function `pgrx::pg_sys::ActiveSnapshotSet` is unsafe and requires unsafe block
   --> src/am/columnar.rs:123:19
    |
123 |     let pushed = !pg_sys::ActiveSnapshotSet();
    |                   ^^^^^^^^^^^^^^^^^^^^^^^^^^^ call to unsafe function
    |
    = note: consult the function's documentation for information on how to avoid undefined behavior
note: an unsafe function restricts its caller, but its body is safe by default
   --> src/am/columnar.rs:122:1
    |
122 | unsafe fn with_active_snapshot<T>(f: impl FnOnce() -> Result<T, String>) -> Result<T, String> {
    | ^^^^^^^^^^^^^^^^^^^^^^^^^^^^^^^^^^^^^^^^^^^^^^^^^^^^^^^^^^^^^^^^^^^^^^^^^^^^^^^^^^^^^^^^^^^^^
    = note: for more information, see <https://doc.rust-lang.org/edition-guide/rust-2024/unsafe-op-in-unsafe-fn.html>

warning[E0133]: call to unsafe function `pgrx::pg_sys::PushActiveSnapshot` is unsafe and requires unsafe block
   --> src/am/columnar.rs:125:9
    |
125 |         pg_sys::PushActiveSnapshot(pg_sys::GetTransactionSnapshot());
    |         ^^^^^^^^^^^^^^^^^^^^^^^^^^^^^^^^^^^^^^^^^^^^^^^^^^^^^^^^^^^^ call to unsafe function
    |
    = note: consult the function's documentation for information on how to avoid undefined behavior
    = note: for more information, see <https://doc.rust-lang.org/edition-guide/rust-2024/unsafe-op-in-unsafe-fn.html>

warning[E0133]: call to unsafe function `pgrx::pg_sys::GetTransactionSnapshot` is unsafe and requires unsafe block
   --> src/am/columnar.rs:125:36
    |
125 |         pg_sys::PushActiveSnapshot(pg_sys::GetTransactionSnapshot());
    |                                    ^^^^^^^^^^^^^^^^^^^^^^^^^^^^^^^^ call to unsafe function
    |
    = note: consult the function's documentation for information on how to avoid undefined behavior
    = note: for more information, see <https://doc.rust-lang.org/edition-guide/rust-2024/unsafe-op-in-unsafe-fn.html>

warning[E0133]: call to unsafe function `pgrx::pg_sys::PopActiveSnapshot` is unsafe and requires unsafe block
   --> src/am/columnar.rs:129:9
    |
129 |         pg_sys::PopActiveSnapshot();
    |         ^^^^^^^^^^^^^^^^^^^^^^^^^^^ call to unsafe function
    |
    = note: consult the function's documentation for information on how to avoid undefined behavior
    = note: for more information, see <https://doc.rust-lang.org/edition-guide/rust-2024/unsafe-op-in-unsafe-fn.html>

warning[E0133]: call to unsafe function `am::columnar::with_active_snapshot` is unsafe and requires unsafe block
   --> src/am/columnar.rs:138:5
    |
138 | /     with_active_snapshot(|| {
139 | |         Spi::connect(|c| {
140 | |             let t = c
141 | |             .select(
...   |
156 | |         })
157 | |     })
    | |______^ call to unsafe function
    |
    = note: consult the function's documentation for information on how to avoid undefined behavior
note: an unsafe function restricts its caller, but its body is safe by default
   --> src/am/columnar.rs:137:1
    |
137 | unsafe fn read_visible_stripes(rel_oid: pg_sys::Oid) -> Result<Vec<StripeMeta>, String> {
    | ^^^^^^^^^^^^^^^^^^^^^^^^^^^^^^^^^^^^^^^^^^^^^^^^^^^^^^^^^^^^^^^^^^^^^^^^^^^^^^^^^^^^^^^
    = note: for more information, see <https://doc.rust-lang.org/edition-guide/rust-2024/unsafe-op-in-unsafe-fn.html>

warning[E0133]: call to unsafe function `am::columnar::with_active_snapshot` is unsafe and requires unsafe block
   --> src/am/columnar.rs:173:5
    |
173 | /     with_active_snapshot(|| {
174 | |         Spi::run_with_args(
175 | |             "INSERT INTO columnar.stripe (relid, stripe_id, header_block, row_count, first_row_number, ncols) \
176 | |              VALUES ($1, $2, $3, $4, $5, $6)",
...   |
186 | |         .map_err(|e| format!("theodb_columnar: stripe catalog insert failed: {e:?}"))
187 | |     })
    | |______^ call to unsafe function
    |
    = note: consult the function's documentation for information on how to avoid undefined behavior
note: an unsafe function restricts its caller, but its body is safe by default
   --> src/am/columnar.rs:165:1
    |
165 | / unsafe fn insert_stripe_row(
166 | |     rel_oid: pg_sys::Oid,
167 | |     stripe_id: i64,
168 | |     header_block: u32,
...   |
171 | |     ncols: i16,
172 | | ) -> Result<(), String> {
    | |_______________________^
    = note: for more information, see <https://doc.rust-lang.org/edition-guide/rust-2024/unsafe-op-in-unsafe-fn.html>

warning[E0133]: call to unsafe function `pgrx::pg_sys::Oid::from_u32_unchecked` is unsafe and requires unsafe block
   --> src/am/columnar.rs:209:25
    |
209 |             let relid = pg_sys::Oid::from_u32_unchecked(oid);
    |                         ^^^^^^^^^^^^^^^^^^^^^^^^^^^^^^^^^^^^ call to unsafe function
    |
    = note: consult the function's documentation for information on how to avoid undefined behavior
note: an unsafe function restricts its caller, but its body is safe by default
   --> src/am/columnar.rs:196:1
    |
196 | / unsafe extern "C-unwind" fn columnar_xact_flush(
197 | |     event: pg_sys::XactEvent::Type,
198 | |     _arg: *mut std::ffi::c_void,
199 | | ) {
    | |_^
    = note: for more information, see <https://doc.rust-lang.org/edition-guide/rust-2024/unsafe-op-in-unsafe-fn.html>

warning[E0133]: call to unsafe function `pgrx::pg_sys::try_relation_open` is unsafe and requires unsafe block
   --> src/am/columnar.rs:216:17
    |
216 |                 pg_sys::try_relation_open(relid, pg_sys::RowExclusiveLock as pg_sys::LOCKMODE);
    |                 ^^^^^^^^^^^^^^^^^^^^^^^^^^^^^^^^^^^^^^^^^^^^^^^^^^^^^^^^^^^^^^^^^^^^^^^^^^^^^^ call to unsafe function
    |
    = note: consult the function's documentation for information on how to avoid undefined behavior
    = note: for more information, see <https://doc.rust-lang.org/edition-guide/rust-2024/unsafe-op-in-unsafe-fn.html>

warning[E0133]: call to unsafe function `am::columnar::flush_pending` is unsafe and requires unsafe block
   --> src/am/columnar.rs:223:23
    |
223 |             let res = flush_pending(rel);
    |                       ^^^^^^^^^^^^^^^^^^ call to unsafe function
    |
    = note: consult the function's documentation for information on how to avoid undefined behavior
    = note: for more information, see <https://doc.rust-lang.org/edition-guide/rust-2024/unsafe-op-in-unsafe-fn.html>

warning[E0133]: call to unsafe function `pgrx::pg_sys::relation_close` is unsafe and requires unsafe block
   --> src/am/columnar.rs:224:13
    |
224 |             pg_sys::relation_close(rel, pg_sys::RowExclusiveLock as pg_sys::LOCKMODE);
    |             ^^^^^^^^^^^^^^^^^^^^^^^^^^^^^^^^^^^^^^^^^^^^^^^^^^^^^^^^^^^^^^^^^^^^^^^^^ call to unsafe function
    |
    = note: consult the function's documentation for information on how to avoid undefined behavior
    = note: for more information, see <https://doc.rust-lang.org/edition-guide/rust-2024/unsafe-op-in-unsafe-fn.html>

warning[E0133]: call to unsafe function `pgrx::pg_sys::ReadBufferExtended` is unsafe and requires unsafe block
   --> src/am/columnar.rs:424:15
    |
424 |       let buf = pg_sys::ReadBufferExtended(
    |  _______________^
425 | |         rel,
426 | |         pg_sys::ForkNumber::MAIN_FORKNUM,
427 | |         0,
428 | |         pg_sys::ReadBufferMode::RBM_NORMAL,
429 | |         std::ptr::null_mut(),
430 | |     );
    | |_____^ call to unsafe function
    |
    = note: consult the function's documentation for information on how to avoid undefined behavior
note: an unsafe function restricts its caller, but its body is safe by default
   --> src/am/columnar.rs:423:1
    |
423 | unsafe fn reserve(rel: pg_sys::Relation, counter: Counter, n: u64) -> Result<u64, String> {
    | ^^^^^^^^^^^^^^^^^^^^^^^^^^^^^^^^^^^^^^^^^^^^^^^^^^^^^^^^^^^^^^^^^^^^^^^^^^^^^^^^^^^^^^^^^
    = note: for more information, see <https://doc.rust-lang.org/edition-guide/rust-2024/unsafe-op-in-unsafe-fn.html>

warning[E0133]: call to unsafe function `pgrx::pg_sys::LockBuffer` is unsafe and requires unsafe block
   --> src/am/columnar.rs:431:5
    |
431 |     pg_sys::LockBuffer(buf, pg_sys::BUFFER_LOCK_EXCLUSIVE as i32);
    |     ^^^^^^^^^^^^^^^^^^^^^^^^^^^^^^^^^^^^^^^^^^^^^^^^^^^^^^^^^^^^^ call to unsafe function
    |
    = note: consult the function's documentation for information on how to avoid undefined behavior
    = note: for more information, see <https://doc.rust-lang.org/edition-guide/rust-2024/unsafe-op-in-unsafe-fn.html>

warning[E0133]: call to unsafe function `pgrx::pg_sys::GenericXLogStart` is unsafe and requires unsafe block
   --> src/am/columnar.rs:432:17
    |
432 |     let state = pg_sys::GenericXLogStart(rel);
    |                 ^^^^^^^^^^^^^^^^^^^^^^^^^^^^^ call to unsafe function
    |
    = note: consult the function's documentation for information on how to avoid undefined behavior
    = note: for more information, see <https://doc.rust-lang.org/edition-guide/rust-2024/unsafe-op-in-unsafe-fn.html>

warning[E0133]: call to unsafe function `pgrx::pg_sys::GenericXLogRegisterBuffer` is unsafe and requires unsafe block
   --> src/am/columnar.rs:434:9
    |
434 |         pg_sys::GenericXLogRegisterBuffer(state, buf, pg_sys::GENERIC_XLOG_FULL_IMAGE as i32);
    |         ^^^^^^^^^^^^^^^^^^^^^^^^^^^^^^^^^^^^^^^^^^^^^^^^^^^^^^^^^^^^^^^^^^^^^^^^^^^^^^^^^^^^^ call to unsafe function
    |
    = note: consult the function's documentation for information on how to avoid undefined behavior
    = note: for more information, see <https://doc.rust-lang.org/edition-guide/rust-2024/unsafe-op-in-unsafe-fn.html>

warning[E0133]: call to unsafe function `pgrx::pg_sys::PageGetItemId` is unsafe and requires unsafe block
   --> src/am/columnar.rs:437:18
    |
437 |     let itemid = pg_sys::PageGetItemId(page, pg_sys::FirstOffsetNumber);
    |                  ^^^^^^^^^^^^^^^^^^^^^^^^^^^^^^^^^^^^^^^^^^^^^^^^^^^^^^ call to unsafe function
    |
    = note: consult the function's documentation for information on how to avoid undefined behavior
    = note: for more information, see <https://doc.rust-lang.org/edition-guide/rust-2024/unsafe-op-in-unsafe-fn.html>

warning[E0133]: call to unsafe function `pgrx::pg_sys::PageGetItem` is unsafe and requires unsafe block
   --> src/am/columnar.rs:438:16
    |
438 |     let item = pg_sys::PageGetItem(page, itemid) as *mut u8;
    |                ^^^^^^^^^^^^^^^^^^^^^^^^^^^^^^^^^ call to unsafe function
    |
    = note: consult the function's documentation for information on how to avoid undefined behavior
    = note: for more information, see <https://doc.rust-lang.org/edition-guide/rust-2024/unsafe-op-in-unsafe-fn.html>

warning[E0133]: call to unsafe function `std::slice::from_raw_parts` is unsafe and requires unsafe block
   --> src/am/columnar.rs:439:15
    |
439 |     let cur = std::slice::from_raw_parts(item, META_LEN);
    |               ^^^^^^^^^^^^^^^^^^^^^^^^^^^^^^^^^^^^^^^^^^ call to unsafe function
    |
    = note: consult the function's documentation for information on how to avoid undefined behavior
    = note: for more information, see <https://doc.rust-lang.org/edition-guide/rust-2024/unsafe-op-in-unsafe-fn.html>

warning[E0133]: call to unsafe function `pgrx::pg_sys::GenericXLogAbort` is unsafe and requires unsafe block
   --> src/am/columnar.rs:444:13
    |
444 |             pg_sys::GenericXLogAbort(state);
    |             ^^^^^^^^^^^^^^^^^^^^^^^^^^^^^^^ call to unsafe function
    |
    = note: consult the function's documentation for information on how to avoid undefined behavior
    = note: for more information, see <https://doc.rust-lang.org/edition-guide/rust-2024/unsafe-op-in-unsafe-fn.html>

warning[E0133]: call to unsafe function `pgrx::pg_sys::UnlockReleaseBuffer` is unsafe and requires unsafe block
   --> src/am/columnar.rs:445:13
    |
445 |             pg_sys::UnlockReleaseBuffer(buf);
    |             ^^^^^^^^^^^^^^^^^^^^^^^^^^^^^^^^ call to unsafe function
    |
    = note: consult the function's documentation for information on how to avoid undefined behavior
    = note: for more information, see <https://doc.rust-lang.org/edition-guide/rust-2024/unsafe-op-in-unsafe-fn.html>

warning[E0133]: call to unsafe function `std::ptr::copy_nonoverlapping` is unsafe and requires unsafe block
   --> src/am/columnar.rs:459:5
    |
459 |     std::ptr::copy_nonoverlapping(bytes.as_ptr(), item, META_LEN);
    |     ^^^^^^^^^^^^^^^^^^^^^^^^^^^^^^^^^^^^^^^^^^^^^^^^^^^^^^^^^^^^^ call to unsafe function
    |
    = note: consult the function's documentation for information on how to avoid undefined behavior
    = note: for more information, see <https://doc.rust-lang.org/edition-guide/rust-2024/unsafe-op-in-unsafe-fn.html>

warning[E0133]: call to unsafe function `pgrx::pg_sys::MarkBufferDirty` is unsafe and requires unsafe block
   --> src/am/columnar.rs:461:5
    |
461 |     pg_sys::MarkBufferDirty(buf);
    |     ^^^^^^^^^^^^^^^^^^^^^^^^^^^^ call to unsafe function
    |
    = note: consult the function's documentation for information on how to avoid undefined behavior
    = note: for more information, see <https://doc.rust-lang.org/edition-guide/rust-2024/unsafe-op-in-unsafe-fn.html>

warning[E0133]: call to unsafe function `pgrx::pg_sys::GenericXLogFinish` is unsafe and requires unsafe block
   --> src/am/columnar.rs:462:5
    |
462 |     pg_sys::GenericXLogFinish(state);
    |     ^^^^^^^^^^^^^^^^^^^^^^^^^^^^^^^^ call to unsafe function
    |
    = note: consult the function's documentation for information on how to avoid undefined behavior
    = note: for more information, see <https://doc.rust-lang.org/edition-guide/rust-2024/unsafe-op-in-unsafe-fn.html>

warning[E0133]: call to unsafe function `pgrx::pg_sys::UnlockReleaseBuffer` is unsafe and requires unsafe block
   --> src/am/columnar.rs:463:5
    |
463 |     pg_sys::UnlockReleaseBuffer(buf);
    |     ^^^^^^^^^^^^^^^^^^^^^^^^^^^^^^^^ call to unsafe function
    |
    = note: consult the function's documentation for information on how to avoid undefined behavior
    = note: for more information, see <https://doc.rust-lang.org/edition-guide/rust-2024/unsafe-op-in-unsafe-fn.html>

warning[E0133]: call to unsafe function `am::tupdesc_attr` is unsafe and requires unsafe block
   --> src/am/columnar.rs:511:16
    |
511 |     let attr = super::tupdesc_attr(tupdesc, i);
    |                ^^^^^^^^^^^^^^^^^^^^^^^^^^^^^^^ call to unsafe function
    |
    = note: consult the function's documentation for information on how to avoid undefined behavior
note: an unsafe function restricts its caller, but its body is safe by default
   --> src/am/columnar.rs:510:1
    |
510 | unsafe fn coldesc(tupdesc: pg_sys::TupleDesc, i: usize) -> Result<ColDesc, String> {
    | ^^^^^^^^^^^^^^^^^^^^^^^^^^^^^^^^^^^^^^^^^^^^^^^^^^^^^^^^^^^^^^^^^^^^^^^^^^^^^^^^^^
    = note: for more information, see <https://doc.rust-lang.org/edition-guide/rust-2024/unsafe-op-in-unsafe-fn.html>

warning[E0133]: dereference of raw pointer is unsafe and requires unsafe block
   --> src/am/columnar.rs:512:18
    |
512 |     let attlen = (*attr).attlen;
    |                  ^^^^^^^ dereference of raw pointer
    |
    = note: raw pointers may be null, dangling or unaligned; they can violate aliasing rules and cause data races: all of these are undefined behavior
    = note: for more information, see <https://doc.rust-lang.org/edition-guide/rust-2024/unsafe-op-in-unsafe-fn.html>

warning[E0133]: dereference of raw pointer is unsafe and requires unsafe block
   --> src/am/columnar.rs:513:17
    |
513 |     let byval = (*attr).attbyval;
    |                 ^^^^^^^ dereference of raw pointer
    |
    = note: raw pointers may be null, dangling or unaligned; they can violate aliasing rules and cause data races: all of these are undefined behavior
    = note: for more information, see <https://doc.rust-lang.org/edition-guide/rust-2024/unsafe-op-in-unsafe-fn.html>

warning[E0133]: dereference of raw pointer is unsafe and requires unsafe block
   --> src/am/columnar.rs:514:17
    |
514 |     let typid = (*attr).atttypid.to_u32();
    |                 ^^^^^^^ dereference of raw pointer
    |
    = note: raw pointers may be null, dangling or unaligned; they can violate aliasing rules and cause data races: all of these are undefined behavior
    = note: for more information, see <https://doc.rust-lang.org/edition-guide/rust-2024/unsafe-op-in-unsafe-fn.html>

warning[E0133]: call to unsafe function `std::slice::from_raw_parts` is unsafe and requires unsafe block
   --> src/am/columnar.rs:559:20
    |
559 |                 Ok(std::slice::from_raw_parts(p, len).to_vec())
    |                    ^^^^^^^^^^^^^^^^^^^^^^^^^^^^^^^^^^ call to unsafe function
    |
    = note: consult the function's documentation for information on how to avoid undefined behavior
note: an unsafe function restricts its caller, but its body is safe by default
   --> src/am/columnar.rs:551:1
    |
551 | unsafe fn extract_value_bytes(col: &ColDesc, datum: pg_sys::Datum) -> Result<Vec<u8>, String> {
    | ^^^^^^^^^^^^^^^^^^^^^^^^^^^^^^^^^^^^^^^^^^^^^^^^^^^^^^^^^^^^^^^^^^^^^^^^^^^^^^^^^^^^^^^^^^^^^
    = note: for more information, see <https://doc.rust-lang.org/edition-guide/rust-2024/unsafe-op-in-unsafe-fn.html>

warning[E0133]: call to unsafe function `pgrx::pg_sys::pg_detoast_datum_copy` is unsafe and requires unsafe block
   --> src/am/columnar.rs:565:22
    |
565 |             let dt = pg_sys::pg_detoast_datum_copy(datum.cast_mut_ptr::<pg_sys::varlena>());
    |                      ^^^^^^^^^^^^^^^^^^^^^^^^^^^^^^^^^^^^^^^^^^^^^^^^^^^^^^^^^^^^^^^^^^^^^^ call to unsafe function
    |
    = note: consult the function's documentation for information on how to avoid undefined behavior
    = note: for more information, see <https://doc.rust-lang.org/edition-guide/rust-2024/unsafe-op-in-unsafe-fn.html>

warning[E0133]: call to unsafe function `am::columnar::varlena_payload` is unsafe and requires unsafe block
   --> src/am/columnar.rs:566:27
    |
566 |             let payload = varlena_payload(dt as *const u8);
    |                           ^^^^^^^^^^^^^^^^^^^^^^^^^^^^^^^^ call to unsafe function
    |
    = note: consult the function's documentation for information on how to avoid undefined behavior
    = note: for more information, see <https://doc.rust-lang.org/edition-guide/rust-2024/unsafe-op-in-unsafe-fn.html>

warning[E0133]: call to unsafe function `pgrx::pg_sys::pfree` is unsafe and requires unsafe block
   --> src/am/columnar.rs:567:13
    |
567 |             pg_sys::pfree(dt as *mut std::os::raw::c_void);
    |             ^^^^^^^^^^^^^^^^^^^^^^^^^^^^^^^^^^^^^^^^^^^^^^ call to unsafe function
    |
    = note: consult the function's documentation for information on how to avoid undefined behavior
    = note: for more information, see <https://doc.rust-lang.org/edition-guide/rust-2024/unsafe-op-in-unsafe-fn.html>

warning[E0133]: dereference of raw pointer is unsafe and requires unsafe block
   --> src/am/columnar.rs:613:14
    |
613 |     let b0 = *p;
    |              ^^ dereference of raw pointer
    |
    = note: raw pointers may be null, dangling or unaligned; they can violate aliasing rules and cause data races: all of these are undefined behavior
note: an unsafe function restricts its caller, but its body is safe by default
   --> src/am/columnar.rs:612:1
    |
612 | unsafe fn varlena_payload(p: *const u8) -> Result<Vec<u8>, String> {
    | ^^^^^^^^^^^^^^^^^^^^^^^^^^^^^^^^^^^^^^^^^^^^^^^^^^^^^^^^^^^^^^^^^^
    = note: for more information, see <https://doc.rust-lang.org/edition-guide/rust-2024/unsafe-op-in-unsafe-fn.html>

warning[E0133]: call to unsafe function `std::slice::from_raw_parts` is unsafe and requires unsafe block
   --> src/am/columnar.rs:619:12
    |
619 |         Ok(std::slice::from_raw_parts(p.add(1), total - 1).to_vec())
    |            ^^^^^^^^^^^^^^^^^^^^^^^^^^^^^^^^^^^^^^^^^^^^^^^ call to unsafe function
    |
    = note: consult the function's documentation for information on how to avoid undefined behavior
    = note: for more information, see <https://doc.rust-lang.org/edition-guide/rust-2024/unsafe-op-in-unsafe-fn.html>

warning[E0133]: call to unsafe function `std::ptr::const_ptr::<impl *const T>::add` is unsafe and requires unsafe block
   --> src/am/columnar.rs:619:39
    |
619 |         Ok(std::slice::from_raw_parts(p.add(1), total - 1).to_vec())
    |                                       ^^^^^^^^ call to unsafe function
    |
    = note: consult the function's documentation for information on how to avoid undefined behavior
    = note: for more information, see <https://doc.rust-lang.org/edition-guide/rust-2024/unsafe-op-in-unsafe-fn.html>

warning[E0133]: call to unsafe function `std::ptr::const_ptr::<impl *const T>::read_unaligned` is unsafe and requires unsafe block
   --> src/am/columnar.rs:621:19
    |
621 |         let hdr = (p as *const u32).read_unaligned();
    |                   ^^^^^^^^^^^^^^^^^^^^^^^^^^^^^^^^^^ call to unsafe function
    |
    = note: consult the function's documentation for information on how to avoid undefined behavior
    = note: for more information, see <https://doc.rust-lang.org/edition-guide/rust-2024/unsafe-op-in-unsafe-fn.html>

warning[E0133]: call to unsafe function `std::slice::from_raw_parts` is unsafe and requires unsafe block
   --> src/am/columnar.rs:626:12
    |
626 |         Ok(std::slice::from_raw_parts(p.add(4), total - 4).to_vec())
    |            ^^^^^^^^^^^^^^^^^^^^^^^^^^^^^^^^^^^^^^^^^^^^^^^ call to unsafe function
    |
    = note: consult the function's documentation for information on how to avoid undefined behavior
    = note: for more information, see <https://doc.rust-lang.org/edition-guide/rust-2024/unsafe-op-in-unsafe-fn.html>

warning[E0133]: call to unsafe function `std::ptr::const_ptr::<impl *const T>::add` is unsafe and requires unsafe block
   --> src/am/columnar.rs:626:39
    |
626 |         Ok(std::slice::from_raw_parts(p.add(4), total - 4).to_vec())
    |                                       ^^^^^^^^ call to unsafe function
    |
    = note: consult the function's documentation for information on how to avoid undefined behavior
    = note: for more information, see <https://doc.rust-lang.org/edition-guide/rust-2024/unsafe-op-in-unsafe-fn.html>

warning[E0133]: call to unsafe function `pgrx::pg_sys::palloc` is unsafe and requires unsafe block
   --> src/am/columnar.rs:650:25
    |
650 |                 let p = pg_sys::palloc(len) as *mut u8;
    |                         ^^^^^^^^^^^^^^^^^^^ call to unsafe function
    |
    = note: consult the function's documentation for information on how to avoid undefined behavior
note: an unsafe function restricts its caller, but its body is safe by default
   --> src/am/columnar.rs:633:1
    |
633 | / unsafe fn rebuild_datum(
634 | |     col: &ColDesc,
635 | |     bytes: &[u8],
636 | | ) -> Result<(pg_sys::Datum, Option<*mut std::os::raw::c_void>), String> {
    | |_______________________________________________________________________^
    = note: for more information, see <https://doc.rust-lang.org/edition-guide/rust-2024/unsafe-op-in-unsafe-fn.html>

warning[E0133]: call to unsafe function `std::ptr::copy_nonoverlapping` is unsafe and requires unsafe block
   --> src/am/columnar.rs:651:17
    |
651 |                 std::ptr::copy_nonoverlapping(bytes.as_ptr(), p, len);
    |                 ^^^^^^^^^^^^^^^^^^^^^^^^^^^^^^^^^^^^^^^^^^^^^^^^^^^^^ call to unsafe function
    |
    = note: consult the function's documentation for information on how to avoid undefined behavior
    = note: for more information, see <https://doc.rust-lang.org/edition-guide/rust-2024/unsafe-op-in-unsafe-fn.html>

warning[E0133]: call to unsafe function `pgrx::pg_sys::palloc` is unsafe and requires unsafe block
   --> src/am/columnar.rs:657:21
    |
657 |             let p = pg_sys::palloc(total) as *mut u8;
    |                     ^^^^^^^^^^^^^^^^^^^^^ call to unsafe function
    |
    = note: consult the function's documentation for information on how to avoid undefined behavior
    = note: for more information, see <https://doc.rust-lang.org/edition-guide/rust-2024/unsafe-op-in-unsafe-fn.html>

warning[E0133]: call to unsafe function `std::ptr::mut_ptr::<impl *mut T>::write` is unsafe and requires unsafe block
   --> src/am/columnar.rs:658:13
    |
658 |             (p as *mut u32).write((total as u32) << 2); // SET_VARSIZE_4B (LE on x86-64, low 2 bits = 0)
    |             ^^^^^^^^^^^^^^^^^^^^^^^^^^^^^^^^^^^^^^^^^^ call to unsafe function
    |
    = note: consult the function's documentation for information on how to avoid undefined behavior
    = note: for more information, see <https://doc.rust-lang.org/edition-guide/rust-2024/unsafe-op-in-unsafe-fn.html>

warning[E0133]: call to unsafe function `std::ptr::copy_nonoverlapping` is unsafe and requires unsafe block
   --> src/am/columnar.rs:659:13
    |
659 |             std::ptr::copy_nonoverlapping(bytes.as_ptr(), p.add(4), bytes.len());
    |             ^^^^^^^^^^^^^^^^^^^^^^^^^^^^^^^^^^^^^^^^^^^^^^^^^^^^^^^^^^^^^^^^^^^^ call to unsafe function
    |
    = note: consult the function's documentation for information on how to avoid undefined behavior
    = note: for more information, see <https://doc.rust-lang.org/edition-guide/rust-2024/unsafe-op-in-unsafe-fn.html>

warning[E0133]: call to unsafe function `std::ptr::mut_ptr::<impl *mut T>::add` is unsafe and requires unsafe block
   --> src/am/columnar.rs:659:59
    |
659 |             std::ptr::copy_nonoverlapping(bytes.as_ptr(), p.add(4), bytes.len());
    |                                                           ^^^^^^^^ call to unsafe function
    |
    = note: consult the function's documentation for information on how to avoid undefined behavior
    = note: for more information, see <https://doc.rust-lang.org/edition-guide/rust-2024/unsafe-op-in-unsafe-fn.html>

warning[E0133]: call to unsafe function `am::columnar::rebuild_datum` is unsafe and requires unsafe block
   --> src/am/columnar.rs:690:41
    |
690 |                 let (datum, freeable) = rebuild_datum(&cols[col], bytes)?;
    |                                         ^^^^^^^^^^^^^^^^^^^^^^^^^^^^^^^^ call to unsafe function
    |
    = note: consult the function's documentation for information on how to avoid undefined behavior
note: an unsafe function restricts its caller, but its body is safe by default
   --> src/am/columnar.rs:671:1
    |
671 | / unsafe fn form_row(
672 | |     tupdesc: pg_sys::TupleDesc,
673 | |     cols: &[ColDesc],
674 | |     cgcols: &[Vec<Option<Vec<u8>>>],
675 | |     r: usize,
676 | |     want_mask: &[bool],
677 | | ) -> Result<Vec<u8>, String> {
    | |____________________________^
    = note: for more information, see <https://doc.rust-lang.org/edition-guide/rust-2024/unsafe-op-in-unsafe-fn.html>

warning[E0133]: call to unsafe function `pgrx::pg_sys::heap_form_tuple` is unsafe and requires unsafe block
   --> src/am/columnar.rs:698:16
    |
698 |     let htup = pg_sys::heap_form_tuple(tupdesc, values.as_mut_ptr(), isnull.as_mut_ptr());
    |                ^^^^^^^^^^^^^^^^^^^^^^^^^^^^^^^^^^^^^^^^^^^^^^^^^^^^^^^^^^^^^^^^^^^^^^^^^^ call to unsafe function
    |
    = note: consult the function's documentation for information on how to avoid undefined behavior
    = note: for more information, see <https://doc.rust-lang.org/edition-guide/rust-2024/unsafe-op-in-unsafe-fn.html>

warning[E0133]: dereference of raw pointer is unsafe and requires unsafe block
   --> src/am/columnar.rs:699:15
    |
699 |     let len = (*htup).t_len as usize;
    |               ^^^^^^^ dereference of raw pointer
    |
    = note: raw pointers may be null, dangling or unaligned; they can violate aliasing rules and cause data races: all of these are undefined behavior
    = note: for more information, see <https://doc.rust-lang.org/edition-guide/rust-2024/unsafe-op-in-unsafe-fn.html>

warning[E0133]: call to unsafe function `std::slice::from_raw_parts` is unsafe and requires unsafe block
   --> src/am/columnar.rs:700:17
    |
700 |     let bytes = std::slice::from_raw_parts((*htup).t_data as *const u8, len).to_vec();
    |                 ^^^^^^^^^^^^^^^^^^^^^^^^^^^^^^^^^^^^^^^^^^^^^^^^^^^^^^^^^^^^ call to unsafe function
    |
    = note: consult the function's documentation for information on how to avoid undefined behavior
    = note: for more information, see <https://doc.rust-lang.org/edition-guide/rust-2024/unsafe-op-in-unsafe-fn.html>

warning[E0133]: dereference of raw pointer is unsafe and requires unsafe block
   --> src/am/columnar.rs:700:44
    |
700 |     let bytes = std::slice::from_raw_parts((*htup).t_data as *const u8, len).to_vec();
    |                                            ^^^^^^^ dereference of raw pointer
    |
    = note: raw pointers may be null, dangling or unaligned; they can violate aliasing rules and cause data races: all of these are undefined behavior
    = note: for more information, see <https://doc.rust-lang.org/edition-guide/rust-2024/unsafe-op-in-unsafe-fn.html>

warning[E0133]: call to unsafe function `pgrx::pg_sys::heap_freetuple` is unsafe and requires unsafe block
   --> src/am/columnar.rs:701:5
    |
701 |     pg_sys::heap_freetuple(htup);
    |     ^^^^^^^^^^^^^^^^^^^^^^^^^^^^ call to unsafe function
    |
    = note: consult the function's documentation for information on how to avoid undefined behavior
    = note: for more information, see <https://doc.rust-lang.org/edition-guide/rust-2024/unsafe-op-in-unsafe-fn.html>

warning[E0133]: call to unsafe function `pgrx::pg_sys::pfree` is unsafe and requires unsafe block
   --> src/am/columnar.rs:703:9
    |
703 |         pg_sys::pfree(p);
    |         ^^^^^^^^^^^^^^^^ call to unsafe function
    |
    = note: consult the function's documentation for information on how to avoid undefined behavior
    = note: for more information, see <https://doc.rust-lang.org/edition-guide/rust-2024/unsafe-op-in-unsafe-fn.html>

warning[E0133]: call to unsafe function `am::page::read_all_page_items` is unsafe and requires unsafe block
   --> src/am/columnar.rs:726:21
    |
726 |     let hdr_items = super::page::read_all_page_items(rel, header_block)?;
    |                     ^^^^^^^^^^^^^^^^^^^^^^^^^^^^^^^^^^^^^^^^^^^^^^^^^^^ call to unsafe function
    |
    = note: consult the function's documentation for information on how to avoid undefined behavior
note: an unsafe function restricts its caller, but its body is safe by default
   --> src/am/columnar.rs:715:1
    |
715 | / unsafe fn decode_stripe(
716 | |     rel: pg_sys::Relation,
717 | |     header_block: u32,
718 | |     tupdesc: pg_sys::TupleDesc,
...   |
724 | |     skip: bool,
725 | | ) -> Result<(), String> {
    | |_______________________^
    = note: for more information, see <https://doc.rust-lang.org/edition-guide/rust-2024/unsafe-op-in-unsafe-fn.html>

warning[E0133]: call to unsafe function `am::page::read_chunked` is unsafe and requires unsafe block
   --> src/am/columnar.rs:736:21
    |
736 |     let dir_bytes = super::page::read_chunked(rel, header.dir_first_block, header.dir_n_pages)?;
    |                     ^^^^^^^^^^^^^^^^^^^^^^^^^^^^^^^^^^^^^^^^^^^^^^^^^^^^^^^^^^^^^^^^^^^^^^^^^^ call to unsafe function
    |
    = note: consult the function's documentation for information on how to avoid undefined behavior
    = note: for more information, see <https://doc.rust-lang.org/edition-guide/rust-2024/unsafe-op-in-unsafe-fn.html>

warning[E0133]: call to unsafe function `am::page::read_chunked` is unsafe and requires unsafe block
   --> src/am/columnar.rs:781:24
    |
781 |             let comp = super::page::read_chunked(rel, e.first_block, e.n_pages)?;
    |                        ^^^^^^^^^^^^^^^^^^^^^^^^^^^^^^^^^^^^^^^^^^^^^^^^^^^^^^^^ call to unsafe function
    |
    = note: consult the function's documentation for information on how to avoid undefined behavior
    = note: for more information, see <https://doc.rust-lang.org/edition-guide/rust-2024/unsafe-op-in-unsafe-fn.html>

warning[E0133]: call to unsafe function `am::columnar::form_row` is unsafe and requires unsafe block
   --> src/am/columnar.rs:790:22
    |
790 |             out.push(form_row(tupdesc, cols, &cgcols, r, want_mask)?);
    |                      ^^^^^^^^^^^^^^^^^^^^^^^^^^^^^^^^^^^^^^^^^^^^^^ call to unsafe function
    |
    = note: consult the function's documentation for information on how to avoid undefined behavior
    = note: for more information, see <https://doc.rust-lang.org/edition-guide/rust-2024/unsafe-op-in-unsafe-fn.html>

warning[E0133]: dereference of raw pointer is unsafe and requires unsafe block
   --> src/am/columnar.rs:803:19
    |
803 |     let tupdesc = (*rel).rd_att;
    |                   ^^^^^^ dereference of raw pointer
    |
    = note: raw pointers may be null, dangling or unaligned; they can violate aliasing rules and cause data races: all of these are undefined behavior
note: an unsafe function restricts its caller, but its body is safe by default
   --> src/am/columnar.rs:802:1
    |
802 | pub(crate) unsafe fn column_index(rel: pg_sys::Relation, name: &str) -> Option<usize> {
    | ^^^^^^^^^^^^^^^^^^^^^^^^^^^^^^^^^^^^^^^^^^^^^^^^^^^^^^^^^^^^^^^^^^^^^^^^^^^^^^^^^^^^^
    = note: for more information, see <https://doc.rust-lang.org/edition-guide/rust-2024/unsafe-op-in-unsafe-fn.html>

warning[E0133]: dereference of raw pointer is unsafe and requires unsafe block
   --> src/am/columnar.rs:804:17
    |
804 |     let natts = (*tupdesc).natts as usize;
    |                 ^^^^^^^^^^ dereference of raw pointer
    |
    = note: raw pointers may be null, dangling or unaligned; they can violate aliasing rules and cause data races: all of these are undefined behavior
    = note: for more information, see <https://doc.rust-lang.org/edition-guide/rust-2024/unsafe-op-in-unsafe-fn.html>

warning[E0133]: call to unsafe function `std::ffi::CStr::from_ptr` is unsafe and requires unsafe block
   --> src/am/columnar.rs:806:9
    |
806 |         std::ffi::CStr::from_ptr((*super::tupdesc_attr(tupdesc, i)).attname.data.as_ptr())
    |         ^^^^^^^^^^^^^^^^^^^^^^^^^^^^^^^^^^^^^^^^^^^^^^^^^^^^^^^^^^^^^^^^^^^^^^^^^^^^^^^^^^ call to unsafe function
    |
    = note: consult the function's documentation for information on how to avoid undefined behavior
    = note: for more information, see <https://doc.rust-lang.org/edition-guide/rust-2024/unsafe-op-in-unsafe-fn.html>

warning[E0133]: dereference of raw pointer is unsafe and requires unsafe block
   --> src/am/columnar.rs:806:34
    |
806 |         std::ffi::CStr::from_ptr((*super::tupdesc_attr(tupdesc, i)).attname.data.as_ptr())
    |                                  ^^^^^^^^^^^^^^^^^^^^^^^^^^^^^^^^^^ dereference of raw pointer
    |
    = note: raw pointers may be null, dangling or unaligned; they can violate aliasing rules and cause data races: all of these are undefined behavior
    = note: for more information, see <https://doc.rust-lang.org/edition-guide/rust-2024/unsafe-op-in-unsafe-fn.html>

warning[E0133]: call to unsafe function `am::tupdesc_attr` is unsafe and requires unsafe block
   --> src/am/columnar.rs:806:36
    |
806 |         std::ffi::CStr::from_ptr((*super::tupdesc_attr(tupdesc, i)).attname.data.as_ptr())
    |                                    ^^^^^^^^^^^^^^^^^^^^^^^^^^^^^^^ call to unsafe function
    |
    = note: consult the function's documentation for information on how to avoid undefined behavior
    = note: for more information, see <https://doc.rust-lang.org/edition-guide/rust-2024/unsafe-op-in-unsafe-fn.html>

warning[E0133]: dereference of raw pointer is unsafe and requires unsafe block
   --> src/am/columnar.rs:830:19
    |
830 |     let tupdesc = (*rel).rd_att;
    |                   ^^^^^^ dereference of raw pointer
    |
    = note: raw pointers may be null, dangling or unaligned; they can violate aliasing rules and cause data races: all of these are undefined behavior
note: an unsafe function restricts its caller, but its body is safe by default
   --> src/am/columnar.rs:824:1
    |
824 | / pub(crate) unsafe fn decode_columns(
825 | |     rel: pg_sys::Relation,
826 | |     projection: Option<&[usize]>,
827 | |     predicates: &[super::zonemap::ZonePredicate],
828 | |     skip: bool,
829 | | ) -> Result<Vec<(String, u32, Vec<Option<Vec<u8>>>)>, String> {
    | |_____________________________________________________________^
    = note: for more information, see <https://doc.rust-lang.org/edition-guide/rust-2024/unsafe-op-in-unsafe-fn.html>

warning[E0133]: dereference of raw pointer is unsafe and requires unsafe block
   --> src/am/columnar.rs:831:17
    |
831 |     let natts = (*tupdesc).natts as usize;
    |                 ^^^^^^^^^^ dereference of raw pointer
    |
    = note: raw pointers may be null, dangling or unaligned; they can violate aliasing rules and cause data races: all of these are undefined behavior
    = note: for more information, see <https://doc.rust-lang.org/edition-guide/rust-2024/unsafe-op-in-unsafe-fn.html>

warning[E0133]: call to unsafe function `am::columnar::coldesc` is unsafe and requires unsafe block
   --> src/am/columnar.rs:832:35
    |
832 |     let cols = (0..natts).map(|i| coldesc(tupdesc, i)).collect::<Result<Vec<_>, _>>()?;
    |                                   ^^^^^^^^^^^^^^^^^^^ call to unsafe function
    |
    = note: consult the function's documentation for information on how to avoid undefined behavior
    = note: for more information, see <https://doc.rust-lang.org/edition-guide/rust-2024/unsafe-op-in-unsafe-fn.html>

warning[E0133]: call to unsafe function `std::ffi::CStr::from_ptr` is unsafe and requires unsafe block
   --> src/am/columnar.rs:847:9
    |
847 |         std::ffi::CStr::from_ptr((*super::tupdesc_attr(tupdesc, i)).attname.data.as_ptr())
    |         ^^^^^^^^^^^^^^^^^^^^^^^^^^^^^^^^^^^^^^^^^^^^^^^^^^^^^^^^^^^^^^^^^^^^^^^^^^^^^^^^^^ call to unsafe function
    |
    = note: consult the function's documentation for information on how to avoid undefined behavior
    = note: for more information, see <https://doc.rust-lang.org/edition-guide/rust-2024/unsafe-op-in-unsafe-fn.html>

warning[E0133]: dereference of raw pointer is unsafe and requires unsafe block
   --> src/am/columnar.rs:847:34
    |
847 |         std::ffi::CStr::from_ptr((*super::tupdesc_attr(tupdesc, i)).attname.data.as_ptr())
    |                                  ^^^^^^^^^^^^^^^^^^^^^^^^^^^^^^^^^^ dereference of raw pointer
    |
    = note: raw pointers may be null, dangling or unaligned; they can violate aliasing rules and cause data races: all of these are undefined behavior
    = note: for more information, see <https://doc.rust-lang.org/edition-guide/rust-2024/unsafe-op-in-unsafe-fn.html>

warning[E0133]: call to unsafe function `am::tupdesc_attr` is unsafe and requires unsafe block
   --> src/am/columnar.rs:847:36
    |
847 |         std::ffi::CStr::from_ptr((*super::tupdesc_attr(tupdesc, i)).attname.data.as_ptr())
    |                                    ^^^^^^^^^^^^^^^^^^^^^^^^^^^^^^^ call to unsafe function
    |
    = note: consult the function's documentation for information on how to avoid undefined behavior
    = note: for more information, see <https://doc.rust-lang.org/edition-guide/rust-2024/unsafe-op-in-unsafe-fn.html>

warning[E0133]: call to unsafe function `am::columnar::read_visible_stripes` is unsafe and requires unsafe block
   --> src/am/columnar.rs:855:15
    |
855 |     for sm in read_visible_stripes((*rel).rd_id)? {
    |               ^^^^^^^^^^^^^^^^^^^^^^^^^^^^^^^^^^ call to unsafe function
    |
    = note: consult the function's documentation for information on how to avoid undefined behavior
    = note: for more information, see <https://doc.rust-lang.org/edition-guide/rust-2024/unsafe-op-in-unsafe-fn.html>

warning[E0133]: dereference of raw pointer is unsafe and requires unsafe block
   --> src/am/columnar.rs:855:36
    |
855 |     for sm in read_visible_stripes((*rel).rd_id)? {
    |                                    ^^^^^^ dereference of raw pointer
    |
    = note: raw pointers may be null, dangling or unaligned; they can violate aliasing rules and cause data races: all of these are undefined behavior
    = note: for more information, see <https://doc.rust-lang.org/edition-guide/rust-2024/unsafe-op-in-unsafe-fn.html>

warning[E0133]: call to unsafe function `am::page::read_all_page_items` is unsafe and requires unsafe block
   --> src/am/columnar.rs:856:25
    |
856 |         let hdr_items = super::page::read_all_page_items(rel, sm.header_block)?;
    |                         ^^^^^^^^^^^^^^^^^^^^^^^^^^^^^^^^^^^^^^^^^^^^^^^^^^^^^^ call to unsafe function
    |
    = note: consult the function's documentation for information on how to avoid undefined behavior
    = note: for more information, see <https://doc.rust-lang.org/edition-guide/rust-2024/unsafe-op-in-unsafe-fn.html>

warning[E0133]: call to unsafe function `am::page::read_chunked` is unsafe and requires unsafe block
   --> src/am/columnar.rs:863:25
    |
863 |         let dir_bytes = super::page::read_chunked(rel, header.dir_first_block, header.dir_n_pages)?;
    |                         ^^^^^^^^^^^^^^^^^^^^^^^^^^^^^^^^^^^^^^^^^^^^^^^^^^^^^^^^^^^^^^^^^^^^^^^^^^ call to unsafe function
    |
    = note: consult the function's documentation for information on how to avoid undefined behavior
    = note: for more information, see <https://doc.rust-lang.org/edition-guide/rust-2024/unsafe-op-in-unsafe-fn.html>

warning[E0133]: call to unsafe function `am::page::read_chunked` is unsafe and requires unsafe block
   --> src/am/columnar.rs:893:28
    |
893 |                 let comp = super::page::read_chunked(rel, e.first_block, e.n_pages)?;
    |                            ^^^^^^^^^^^^^^^^^^^^^^^^^^^^^^^^^^^^^^^^^^^^^^^^^^^^^^^^ call to unsafe function
    |
    = note: consult the function's documentation for information on how to avoid undefined behavior
    = note: for more information, see <https://doc.rust-lang.org/edition-guide/rust-2024/unsafe-op-in-unsafe-fn.html>

warning[E0133]: dereference of raw pointer is unsafe and requires unsafe block
   --> src/am/columnar.rs:912:15
    |
912 |     let oid = (*rel).rd_id.to_u32();
    |               ^^^^^^ dereference of raw pointer
    |
    = note: raw pointers may be null, dangling or unaligned; they can violate aliasing rules and cause data races: all of these are undefined behavior
    = note: for more information, see <https://doc.rust-lang.org/edition-guide/rust-2024/unsafe-op-in-unsafe-fn.html>

warning[E0133]: call to unsafe function `am::columnar::deform_rows_into_columns` is unsafe and requires unsafe block
   --> src/am/columnar.rs:916:20
    |
916 |         let pend = deform_rows_into_columns(&rows, tupdesc, natts, &cols, &wanted)?;
    |                    ^^^^^^^^^^^^^^^^^^^^^^^^^^^^^^^^^^^^^^^^^^^^^^^^^^^^^^^^^^^^^^^ call to unsafe function
    |
    = note: consult the function's documentation for information on how to avoid undefined behavior
    = note: for more information, see <https://doc.rust-lang.org/edition-guide/rust-2024/unsafe-op-in-unsafe-fn.html>

warning[E0133]: dereference of raw pointer is unsafe and requires unsafe block
   --> src/am/columnar.rs:987:19
    |
987 |     let tupdesc = (*rel).rd_att;
    |                   ^^^^^^ dereference of raw pointer
    |
    = note: raw pointers may be null, dangling or unaligned; they can violate aliasing rules and cause data races: all of these are undefined behavior
note: an unsafe function restricts its caller, but its body is safe by default
   --> src/am/columnar.rs:974:1
    |
974 | / pub(crate) unsafe fn directory_minmax(
975 | |     rel: pg_sys::Relation,
976 | |     col_name: &str,
977 | |     typid: u32,
978 | |     want_max: bool,
979 | | ) -> Result<Option<(pg_sys::Datum, bool)>, String> {
    | |__________________________________________________^
    = note: for more information, see <https://doc.rust-lang.org/edition-guide/rust-2024/unsafe-op-in-unsafe-fn.html>

warning[E0133]: dereference of raw pointer is unsafe and requires unsafe block
   --> src/am/columnar.rs:988:17
    |
988 |     let natts = (*tupdesc).natts as usize;
    |                 ^^^^^^^^^^ dereference of raw pointer
    |
    = note: raw pointers may be null, dangling or unaligned; they can violate aliasing rules and cause data races: all of these are undefined behavior
    = note: for more information, see <https://doc.rust-lang.org/edition-guide/rust-2024/unsafe-op-in-unsafe-fn.html>

warning[E0133]: call to unsafe function `std::ffi::CStr::from_ptr` is unsafe and requires unsafe block
   --> src/am/columnar.rs:990:9
    |
990 |         std::ffi::CStr::from_ptr((*super::tupdesc_attr(tupdesc, i)).attname.data.as_ptr())
    |         ^^^^^^^^^^^^^^^^^^^^^^^^^^^^^^^^^^^^^^^^^^^^^^^^^^^^^^^^^^^^^^^^^^^^^^^^^^^^^^^^^^ call to unsafe function
    |
    = note: consult the function's documentation for information on how to avoid undefined behavior
    = note: for more information, see <https://doc.rust-lang.org/edition-guide/rust-2024/unsafe-op-in-unsafe-fn.html>

warning[E0133]: dereference of raw pointer is unsafe and requires unsafe block
   --> src/am/columnar.rs:990:34
    |
990 |         std::ffi::CStr::from_ptr((*super::tupdesc_attr(tupdesc, i)).attname.data.as_ptr())
    |                                  ^^^^^^^^^^^^^^^^^^^^^^^^^^^^^^^^^^ dereference of raw pointer
    |
    = note: raw pointers may be null, dangling or unaligned; they can violate aliasing rules and cause data races: all of these are undefined behavior
    = note: for more information, see <https://doc.rust-lang.org/edition-guide/rust-2024/unsafe-op-in-unsafe-fn.html>

warning[E0133]: call to unsafe function `am::tupdesc_attr` is unsafe and requires unsafe block
   --> src/am/columnar.rs:990:36
    |
990 |         std::ffi::CStr::from_ptr((*super::tupdesc_attr(tupdesc, i)).attname.data.as_ptr())
    |                                    ^^^^^^^^^^^^^^^^^^^^^^^^^^^^^^^ call to unsafe function
    |
    = note: consult the function's documentation for information on how to avoid undefined behavior
    = note: for more information, see <https://doc.rust-lang.org/edition-guide/rust-2024/unsafe-op-in-unsafe-fn.html>

warning[E0133]: call to unsafe function `am::columnar::read_visible_stripes` is unsafe and requires unsafe block
    --> src/am/columnar.rs:1000:15
     |
1000 |     for sm in read_visible_stripes((*rel).rd_id)? {
     |               ^^^^^^^^^^^^^^^^^^^^^^^^^^^^^^^^^^ call to unsafe function
     |
     = note: consult the function's documentation for information on how to avoid undefined behavior
     = note: for more information, see <https://doc.rust-lang.org/edition-guide/rust-2024/unsafe-op-in-unsafe-fn.html>

warning[E0133]: dereference of raw pointer is unsafe and requires unsafe block
    --> src/am/columnar.rs:1000:36
     |
1000 |     for sm in read_visible_stripes((*rel).rd_id)? {
     |                                    ^^^^^^ dereference of raw pointer
     |
     = note: raw pointers may be null, dangling or unaligned; they can violate aliasing rules and cause data races: all of these are undefined behavior
     = note: for more information, see <https://doc.rust-lang.org/edition-guide/rust-2024/unsafe-op-in-unsafe-fn.html>

warning[E0133]: call to unsafe function `am::page::read_all_page_items` is unsafe and requires unsafe block
    --> src/am/columnar.rs:1001:25
     |
1001 |         let hdr_items = super::page::read_all_page_items(rel, sm.header_block)?;
     |                         ^^^^^^^^^^^^^^^^^^^^^^^^^^^^^^^^^^^^^^^^^^^^^^^^^^^^^^ call to unsafe function
     |
     = note: consult the function's documentation for information on how to avoid undefined behavior
     = note: for more information, see <https://doc.rust-lang.org/edition-guide/rust-2024/unsafe-op-in-unsafe-fn.html>

warning[E0133]: call to unsafe function `am::page::read_chunked` is unsafe and requires unsafe block
    --> src/am/columnar.rs:1008:25
     |
1008 |         let dir_bytes = super::page::read_chunked(rel, header.dir_first_block, header.dir_n_pages)?;
     |                         ^^^^^^^^^^^^^^^^^^^^^^^^^^^^^^^^^^^^^^^^^^^^^^^^^^^^^^^^^^^^^^^^^^^^^^^^^^ call to unsafe function
     |
     = note: consult the function's documentation for information on how to avoid undefined behavior
     = note: for more information, see <https://doc.rust-lang.org/edition-guide/rust-2024/unsafe-op-in-unsafe-fn.html>

warning[E0133]: dereference of raw pointer is unsafe and requires unsafe block
    --> src/am/columnar.rs:1028:15
     |
1028 |     let oid = (*rel).rd_id.to_u32();
     |               ^^^^^^ dereference of raw pointer
     |
     = note: raw pointers may be null, dangling or unaligned; they can violate aliasing rules and cause data races: all of these are undefined behavior
     = note: for more information, see <https://doc.rust-lang.org/edition-guide/rust-2024/unsafe-op-in-unsafe-fn.html>

warning[E0133]: call to unsafe function `am::columnar::coldesc` is unsafe and requires unsafe block
    --> src/am/columnar.rs:1033:43
     |
1033 |             let cols = (0..natts).map(|i| coldesc(tupdesc, i)).collect::<Result<Vec<_>, _>>()?;
     |                                           ^^^^^^^^^^^^^^^^^^^ call to unsafe function
     |
     = note: consult the function's documentation for information on how to avoid undefined behavior
     = note: for more information, see <https://doc.rust-lang.org/edition-guide/rust-2024/unsafe-op-in-unsafe-fn.html>

warning[E0133]: call to unsafe function `am::columnar::deform_rows_into_columns` is unsafe and requires unsafe block
    --> src/am/columnar.rs:1035:17
     |
1035 |                 deform_rows_into_columns(&rows, tupdesc, natts, &cols, &[col_idx])?
     |                 ^^^^^^^^^^^^^^^^^^^^^^^^^^^^^^^^^^^^^^^^^^^^^^^^^^^^^^^^^^^^^^^^^^ call to unsafe function
     |
     = note: consult the function's documentation for information on how to avoid undefined behavior
     = note: for more information, see <https://doc.rust-lang.org/edition-guide/rust-2024/unsafe-op-in-unsafe-fn.html>

warning[E0133]: call to unsafe function `am::columnar::decode_minmax_datum` is unsafe and requires unsafe block
    --> src/am/columnar.rs:1055:32
     |
1055 |         Some(bits) => Ok(Some((decode_minmax_datum(bits, mm)?, false))),
     |                                ^^^^^^^^^^^^^^^^^^^^^^^^^^^^^ call to unsafe function
     |
     = note: consult the function's documentation for information on how to avoid undefined behavior
     = note: for more information, see <https://doc.rust-lang.org/edition-guide/rust-2024/unsafe-op-in-unsafe-fn.html>

warning[E0133]: call to unsafe function `am::page::extend_page_with_item` is unsafe and requires unsafe block
    --> src/am/columnar.rs:1390:17
     |
1390 |         let b = super::page::extend_page_with_item(rel, pg_sys::ForkNumber::MAIN_FORKNUM, &[]);
     |                 ^^^^^^^^^^^^^^^^^^^^^^^^^^^^^^^^^^^^^^^^^^^^^^^^^^^^^^^^^^^^^^^^^^^^^^^^^^^^^^ call to unsafe function
     |
     = note: consult the function's documentation for information on how to avoid undefined behavior
note: an unsafe function restricts its caller, but its body is safe by default
    --> src/am/columnar.rs:1388:1
     |
1388 | unsafe fn write_chunk(rel: pg_sys::Relation, bytes: &[u8]) -> (u32, u32) {
     | ^^^^^^^^^^^^^^^^^^^^^^^^^^^^^^^^^^^^^^^^^^^^^^^^^^^^^^^^^^^^^^^^^^^^^^^^
     = note: for more information, see <https://doc.rust-lang.org/edition-guide/rust-2024/unsafe-op-in-unsafe-fn.html>

warning[E0133]: call to unsafe function `am::page::extend_page_with_item` is unsafe and requires unsafe block
    --> src/am/columnar.rs:1396:17
     |
1396 |         let b = super::page::extend_page_with_item(rel, pg_sys::ForkNumber::MAIN_FORKNUM, chunk);
     |                 ^^^^^^^^^^^^^^^^^^^^^^^^^^^^^^^^^^^^^^^^^^^^^^^^^^^^^^^^^^^^^^^^^^^^^^^^^^^^^^^^ call to unsafe function
     |
     = note: consult the function's documentation for information on how to avoid undefined behavior
     = note: for more information, see <https://doc.rust-lang.org/edition-guide/rust-2024/unsafe-op-in-unsafe-fn.html>

warning[E0133]: call to unsafe function `pgrx::pgrx_extern_c_guard` is unsafe and requires unsafe block
    --> src/am/columnar.rs:1631:13
     |
1631 | /             pgrx::pgrx_extern_c_guard(|| {
1632 | |                 pg_sys::error!(concat!("theodb_columnar: ", $msg, " is not supported (M99 is append-only analytical)"))
1633 | |             })
     | |______________^ call to unsafe function
...
1638 |   columnar_unsupported!(columnar_scan_set_tidrange(_s: pg_sys::TableScanDesc, _mn: pg_sys::ItemPointer, _mx: pg_sys::ItemPointer), "TID-range scan");
     |   -------------------------------------------------------------------------------------------------------------------------------------------------- in this macro invocation
     |
     = note: consult the function's documentation for information on how to avoid undefined behavior
note: an unsafe function restricts its caller, but its body is safe by default
    --> src/am/columnar.rs:1622:9
     |
1622 |         pub unsafe extern "C-unwind" fn $name( $( $arg : $ty ),* ) $( -> $ret )? {
     |         ^^^^^^^^^^^^^^^^^^^^^^^^^^^^^^^^^^^^^^^^^^^^^^^^^^^^^^^^^^
...
1638 | columnar_unsupported!(columnar_scan_set_tidrange(_s: pg_sys::TableScanDesc, _mn: pg_sys::ItemPointer, _mx: pg_sys::ItemPointer), "TID-range scan");
     | -------------------------------------------------------------------------------------------------------------------------------------------------- in this macro invocation
     = note: for more information, see <https://doc.rust-lang.org/edition-guide/rust-2024/unsafe-op-in-unsafe-fn.html>
     = note: this warning originates in the macro `columnar_unsupported` (in Nightly builds, run with -Z macro-backtrace for more info)

warning[E0133]: call to unsafe function `pgrx::pgrx_extern_c_guard` is unsafe and requires unsafe block
    --> src/am/columnar.rs:1631:13
     |
1631 | /             pgrx::pgrx_extern_c_guard(|| {
1632 | |                 pg_sys::error!(concat!("theodb_columnar: ", $msg, " is not supported (M99 is append-only analytical)"))
1633 | |             })
     | |______________^ call to unsafe function
...
1639 |   columnar_unsupported!(columnar_scan_getnextslot_tidrange(_s: pg_sys::TableScanDesc, _d: pg_sys::ScanDirection::Type, _sl: *mut pg_sys::TupleTableSlot) -> bool, "TID-range scan");
     |   --------------------------------------------------------------------------------------------------------------------------------------------------------------------------------- in this macro invocation
     |
     = note: consult the function's documentation for information on how to avoid undefined behavior
note: an unsafe function restricts its caller, but its body is safe by default
    --> src/am/columnar.rs:1622:9
     |
1622 |         pub unsafe extern "C-unwind" fn $name( $( $arg : $ty ),* ) $( -> $ret )? {
     |         ^^^^^^^^^^^^^^^^^^^^^^^^^^^^^^^^^^^^^^^^^^^^^^^^^^^^^^^^^^^^^^^^^^^^^
...
1639 | columnar_unsupported!(columnar_scan_getnextslot_tidrange(_s: pg_sys::TableScanDesc, _d: pg_sys::ScanDirection::Type, _sl: *mut pg_sys::TupleTableSlot) -> bool, "TID-range scan");
     | --------------------------------------------------------------------------------------------------------------------------------------------------------------------------------- in this macro invocation
     = note: for more information, see <https://doc.rust-lang.org/edition-guide/rust-2024/unsafe-op-in-unsafe-fn.html>
     = note: this warning originates in the macro `columnar_unsupported` (in Nightly builds, run with -Z macro-backtrace for more info)

warning[E0133]: call to unsafe function `pgrx::pgrx_extern_c_guard` is unsafe and requires unsafe block
    --> src/am/columnar.rs:1631:13
     |
1631 | /             pgrx::pgrx_extern_c_guard(|| {
1632 | |                 pg_sys::error!(concat!("theodb_columnar: ", $msg, " is not supported (M99 is append-only analytical)"))
1633 | |             })
     | |______________^ call to unsafe function
...
1640 |   columnar_unsupported!(columnar_parallelscan_estimate(_r: pg_sys::Relation) -> pg_sys::Size, "parallel scan");
     |   ------------------------------------------------------------------------------------------------------------ in this macro invocation
     |
     = note: consult the function's documentation for information on how to avoid undefined behavior
note: an unsafe function restricts its caller, but its body is safe by default
    --> src/am/columnar.rs:1622:9
     |
1622 |         pub unsafe extern "C-unwind" fn $name( $( $arg : $ty ),* ) $( -> $ret )? {
     |         ^^^^^^^^^^^^^^^^^^^^^^^^^^^^^^^^^^^^^^^^^^^^^^^^^^^^^^^^^^^^^^^^^^^^^
...
1640 | columnar_unsupported!(columnar_parallelscan_estimate(_r: pg_sys::Relation) -> pg_sys::Size, "parallel scan");
     | ------------------------------------------------------------------------------------------------------------ in this macro invocation
     = note: for more information, see <https://doc.rust-lang.org/edition-guide/rust-2024/unsafe-op-in-unsafe-fn.html>
     = note: this warning originates in the macro `columnar_unsupported` (in Nightly builds, run with -Z macro-backtrace for more info)

warning[E0133]: call to unsafe function `pgrx::pgrx_extern_c_guard` is unsafe and requires unsafe block
    --> src/am/columnar.rs:1631:13
     |
1631 | /             pgrx::pgrx_extern_c_guard(|| {
1632 | |                 pg_sys::error!(concat!("theodb_columnar: ", $msg, " is not supported (M99 is append-only analytical)"))
1633 | |             })
     | |______________^ call to unsafe function
...
1641 |   columnar_unsupported!(columnar_parallelscan_initialize(_r: pg_sys::Relation, _p: pg_sys::ParallelTableScanDesc) -> pg_sys::Size, "parallel scan");
     |   ------------------------------------------------------------------------------------------------------------------------------------------------- in this macro invocation
     |
     = note: consult the function's documentation for information on how to avoid undefined behavior
note: an unsafe function restricts its caller, but its body is safe by default
    --> src/am/columnar.rs:1622:9
     |
1622 |         pub unsafe extern "C-unwind" fn $name( $( $arg : $ty ),* ) $( -> $ret )? {
     |         ^^^^^^^^^^^^^^^^^^^^^^^^^^^^^^^^^^^^^^^^^^^^^^^^^^^^^^^^^^^^^^^^^^^^^
...
1641 | columnar_unsupported!(columnar_parallelscan_initialize(_r: pg_sys::Relation, _p: pg_sys::ParallelTableScanDesc) -> pg_sys::Size, "parallel scan");
     | ------------------------------------------------------------------------------------------------------------------------------------------------- in this macro invocation
     = note: for more information, see <https://doc.rust-lang.org/edition-guide/rust-2024/unsafe-op-in-unsafe-fn.html>
     = note: this warning originates in the macro `columnar_unsupported` (in Nightly builds, run with -Z macro-backtrace for more info)

warning[E0133]: call to unsafe function `pgrx::pgrx_extern_c_guard` is unsafe and requires unsafe block
    --> src/am/columnar.rs:1631:13
     |
1631 | /             pgrx::pgrx_extern_c_guard(|| {
1632 | |                 pg_sys::error!(concat!("theodb_columnar: ", $msg, " is not supported (M99 is append-only analytical)"))
1633 | |             })
     | |______________^ call to unsafe function
...
1642 |   columnar_unsupported!(columnar_parallelscan_reinitialize(_r: pg_sys::Relation, _p: pg_sys::ParallelTableScanDesc), "parallel scan");
     |   ----------------------------------------------------------------------------------------------------------------------------------- in this macro invocation
     |
     = note: consult the function's documentation for information on how to avoid undefined behavior
note: an unsafe function restricts its caller, but its body is safe by default
    --> src/am/columnar.rs:1622:9
     |
1622 |         pub unsafe extern "C-unwind" fn $name( $( $arg : $ty ),* ) $( -> $ret )? {
     |         ^^^^^^^^^^^^^^^^^^^^^^^^^^^^^^^^^^^^^^^^^^^^^^^^^^^^^^^^^^
...
1642 | columnar_unsupported!(columnar_parallelscan_reinitialize(_r: pg_sys::Relation, _p: pg_sys::ParallelTableScanDesc), "parallel scan");
     | ----------------------------------------------------------------------------------------------------------------------------------- in this macro invocation
     = note: for more information, see <https://doc.rust-lang.org/edition-guide/rust-2024/unsafe-op-in-unsafe-fn.html>
     = note: this warning originates in the macro `columnar_unsupported` (in Nightly builds, run with -Z macro-backtrace for more info)

warning[E0133]: call to unsafe function `pgrx::pgrx_extern_c_guard` is unsafe and requires unsafe block
    --> src/am/columnar.rs:1631:13
     |
1631 | /             pgrx::pgrx_extern_c_guard(|| {
1632 | |                 pg_sys::error!(concat!("theodb_columnar: ", $msg, " is not supported (M99 is append-only analytical)"))
1633 | |             })
     | |______________^ call to unsafe function
...
1643 |   columnar_unsupported!(columnar_index_fetch_begin(_r: pg_sys::Relation) -> *mut pg_sys::IndexFetchTableData, "index fetch");
     |   -------------------------------------------------------------------------------------------------------------------------- in this macro invocation
     |
     = note: consult the function's documentation for information on how to avoid undefined behavior
note: an unsafe function restricts its caller, but its body is safe by default
    --> src/am/columnar.rs:1622:9
     |
1622 |         pub unsafe extern "C-unwind" fn $name( $( $arg : $ty ),* ) $( -> $ret )? {
     |         ^^^^^^^^^^^^^^^^^^^^^^^^^^^^^^^^^^^^^^^^^^^^^^^^^^^^^^^^^^^^^^^^^^^^^
...
1643 | columnar_unsupported!(columnar_index_fetch_begin(_r: pg_sys::Relation) -> *mut pg_sys::IndexFetchTableData, "index fetch");
     | -------------------------------------------------------------------------------------------------------------------------- in this macro invocation
     = note: for more information, see <https://doc.rust-lang.org/edition-guide/rust-2024/unsafe-op-in-unsafe-fn.html>
     = note: this warning originates in the macro `columnar_unsupported` (in Nightly builds, run with -Z macro-backtrace for more info)

warning[E0133]: call to unsafe function `pgrx::pgrx_extern_c_guard` is unsafe and requires unsafe block
    --> src/am/columnar.rs:1631:13
     |
1631 | /             pgrx::pgrx_extern_c_guard(|| {
1632 | |                 pg_sys::error!(concat!("theodb_columnar: ", $msg, " is not supported (M99 is append-only analytical)"))
1633 | |             })
     | |______________^ call to unsafe function
...
1644 |   columnar_unsupported!(columnar_index_fetch_reset(_d: *mut pg_sys::IndexFetchTableData), "index fetch");
     |   ------------------------------------------------------------------------------------------------------ in this macro invocation
     |
     = note: consult the function's documentation for information on how to avoid undefined behavior
note: an unsafe function restricts its caller, but its body is safe by default
    --> src/am/columnar.rs:1622:9
     |
1622 |         pub unsafe extern "C-unwind" fn $name( $( $arg : $ty ),* ) $( -> $ret )? {
     |         ^^^^^^^^^^^^^^^^^^^^^^^^^^^^^^^^^^^^^^^^^^^^^^^^^^^^^^^^^^
...
1644 | columnar_unsupported!(columnar_index_fetch_reset(_d: *mut pg_sys::IndexFetchTableData), "index fetch");
     | ------------------------------------------------------------------------------------------------------ in this macro invocation
     = note: for more information, see <https://doc.rust-lang.org/edition-guide/rust-2024/unsafe-op-in-unsafe-fn.html>
     = note: this warning originates in the macro `columnar_unsupported` (in Nightly builds, run with -Z macro-backtrace for more info)

warning[E0133]: call to unsafe function `pgrx::pgrx_extern_c_guard` is unsafe and requires unsafe block
    --> src/am/columnar.rs:1631:13
     |
1631 | /             pgrx::pgrx_extern_c_guard(|| {
1632 | |                 pg_sys::error!(concat!("theodb_columnar: ", $msg, " is not supported (M99 is append-only analytical)"))
1633 | |             })
     | |______________^ call to unsafe function
...
1645 |   columnar_unsupported!(columnar_index_fetch_end(_d: *mut pg_sys::IndexFetchTableData), "index fetch");
     |   ---------------------------------------------------------------------------------------------------- in this macro invocation
     |
     = note: consult the function's documentation for information on how to avoid undefined behavior
note: an unsafe function restricts its caller, but its body is safe by default
    --> src/am/columnar.rs:1622:9
     |
1622 |         pub unsafe extern "C-unwind" fn $name( $( $arg : $ty ),* ) $( -> $ret )? {
     |         ^^^^^^^^^^^^^^^^^^^^^^^^^^^^^^^^^^^^^^^^^^^^^^^^^^^^^^^^^^
...
1645 | columnar_unsupported!(columnar_index_fetch_end(_d: *mut pg_sys::IndexFetchTableData), "index fetch");
     | ---------------------------------------------------------------------------------------------------- in this macro invocation
     = note: for more information, see <https://doc.rust-lang.org/edition-guide/rust-2024/unsafe-op-in-unsafe-fn.html>
     = note: this warning originates in the macro `columnar_unsupported` (in Nightly builds, run with -Z macro-backtrace for more info)

warning[E0133]: call to unsafe function `pgrx::pgrx_extern_c_guard` is unsafe and requires unsafe block
    --> src/am/columnar.rs:1631:13
     |
1631 | /             pgrx::pgrx_extern_c_guard(|| {
1632 | |                 pg_sys::error!(concat!("theodb_columnar: ", $msg, " is not supported (M99 is append-only analytical)"))
1633 | |             })
     | |______________^ call to unsafe function
...
1646 |   columnar_unsupported!(columnar_index_fetch_tuple(_s: *mut pg_sys::IndexFetchTableData, _t: pg_sys::ItemPointer, _sn: pg_sys::Snapshot, _sl: *mut pg_sys::TupleTableSlot, _ca: *mut bool, _ad: *mut bool) -> bool, "index fetch");
     |   -------------------------------------------------------------------------------------------------------------------------------------------------------------------------------------------------------------------------------- in this macro invocation
     |
     = note: consult the function's documentation for information on how to avoid undefined behavior
note: an unsafe function restricts its caller, but its body is safe by default
    --> src/am/columnar.rs:1622:9
     |
1622 |         pub unsafe extern "C-unwind" fn $name( $( $arg : $ty ),* ) $( -> $ret )? {
     |         ^^^^^^^^^^^^^^^^^^^^^^^^^^^^^^^^^^^^^^^^^^^^^^^^^^^^^^^^^^^^^^^^^^^^^
...
1646 | columnar_unsupported!(columnar_index_fetch_tuple(_s: *mut pg_sys::IndexFetchTableData, _t: pg_sys::ItemPointer, _sn: pg_sys::Snapshot, _sl: *mut pg_sys::TupleTableSlot, _ca: *mut bool, _ad: *mut bool) -> bool, "index fetch");
     | -------------------------------------------------------------------------------------------------------------------------------------------------------------------------------------------------------------------------------- in this macro invocation
     = note: for more information, see <https://doc.rust-lang.org/edition-guide/rust-2024/unsafe-op-in-unsafe-fn.html>
     = note: this warning originates in the macro `columnar_unsupported` (in Nightly builds, run with -Z macro-backtrace for more info)

warning[E0133]: call to unsafe function `pgrx::pgrx_extern_c_guard` is unsafe and requires unsafe block
    --> src/am/columnar.rs:1631:13
     |
1631 | /             pgrx::pgrx_extern_c_guard(|| {
1632 | |                 pg_sys::error!(concat!("theodb_columnar: ", $msg, " is not supported (M99 is append-only analytical)"))
1633 | |             })
     | |______________^ call to unsafe function
...
1647 |   columnar_unsupported!(columnar_tuple_fetch_row_version(_r: pg_sys::Relation, _t: pg_sys::ItemPointer, _sn: pg_sys::Snapshot, _sl: *mut pg_sys::TupleTableSlot) -> bool, "tuple fetch by TID");
     |   --------------------------------------------------------------------------------------------------------------------------------------------------------------------------------------------- in this macro invocation
     |
     = note: consult the function's documentation for information on how to avoid undefined behavior
note: an unsafe function restricts its caller, but its body is safe by default
    --> src/am/columnar.rs:1622:9
     |
1622 |         pub unsafe extern "C-unwind" fn $name( $( $arg : $ty ),* ) $( -> $ret )? {
     |         ^^^^^^^^^^^^^^^^^^^^^^^^^^^^^^^^^^^^^^^^^^^^^^^^^^^^^^^^^^^^^^^^^^^^^
...
1647 | columnar_unsupported!(columnar_tuple_fetch_row_version(_r: pg_sys::Relation, _t: pg_sys::ItemPointer, _sn: pg_sys::Snapshot, _sl: *mut pg_sys::TupleTableSlot) -> bool, "tuple fetch by TID");
     | --------------------------------------------------------------------------------------------------------------------------------------------------------------------------------------------- in this macro invocation
     = note: for more information, see <https://doc.rust-lang.org/edition-guide/rust-2024/unsafe-op-in-unsafe-fn.html>
     = note: this warning originates in the macro `columnar_unsupported` (in Nightly builds, run with -Z macro-backtrace for more info)

warning[E0133]: call to unsafe function `pgrx::pgrx_extern_c_guard` is unsafe and requires unsafe block
    --> src/am/columnar.rs:1631:13
     |
1631 | /             pgrx::pgrx_extern_c_guard(|| {
1632 | |                 pg_sys::error!(concat!("theodb_columnar: ", $msg, " is not supported (M99 is append-only analytical)"))
1633 | |             })
     | |______________^ call to unsafe function
...
1648 |   columnar_unsupported!(columnar_tuple_tid_valid(_s: pg_sys::TableScanDesc, _t: pg_sys::ItemPointer) -> bool, "tuple TID validity");
     |   --------------------------------------------------------------------------------------------------------------------------------- in this macro invocation
     |
     = note: consult the function's documentation for information on how to avoid undefined behavior
note: an unsafe function restricts its caller, but its body is safe by default
    --> src/am/columnar.rs:1622:9
     |
1622 |         pub unsafe extern "C-unwind" fn $name( $( $arg : $ty ),* ) $( -> $ret )? {
     |         ^^^^^^^^^^^^^^^^^^^^^^^^^^^^^^^^^^^^^^^^^^^^^^^^^^^^^^^^^^^^^^^^^^^^^
...
1648 | columnar_unsupported!(columnar_tuple_tid_valid(_s: pg_sys::TableScanDesc, _t: pg_sys::ItemPointer) -> bool, "tuple TID validity");
     | --------------------------------------------------------------------------------------------------------------------------------- in this macro invocation
     = note: for more information, see <https://doc.rust-lang.org/edition-guide/rust-2024/unsafe-op-in-unsafe-fn.html>
     = note: this warning originates in the macro `columnar_unsupported` (in Nightly builds, run with -Z macro-backtrace for more info)

warning[E0133]: call to unsafe function `pgrx::pgrx_extern_c_guard` is unsafe and requires unsafe block
    --> src/am/columnar.rs:1631:13
     |
1631 | /             pgrx::pgrx_extern_c_guard(|| {
1632 | |                 pg_sys::error!(concat!("theodb_columnar: ", $msg, " is not supported (M99 is append-only analytical)"))
1633 | |             })
     | |______________^ call to unsafe function
...
1649 |   columnar_unsupported!(columnar_tuple_get_latest_tid(_s: pg_sys::TableScanDesc, _t: pg_sys::ItemPointer), "latest-TID lookup");
     |   ----------------------------------------------------------------------------------------------------------------------------- in this macro invocation
     |
     = note: consult the function's documentation for information on how to avoid undefined behavior
note: an unsafe function restricts its caller, but its body is safe by default
    --> src/am/columnar.rs:1622:9
     |
1622 |         pub unsafe extern "C-unwind" fn $name( $( $arg : $ty ),* ) $( -> $ret )? {
     |         ^^^^^^^^^^^^^^^^^^^^^^^^^^^^^^^^^^^^^^^^^^^^^^^^^^^^^^^^^^
...
1649 | columnar_unsupported!(columnar_tuple_get_latest_tid(_s: pg_sys::TableScanDesc, _t: pg_sys::ItemPointer), "latest-TID lookup");
     | ----------------------------------------------------------------------------------------------------------------------------- in this macro invocation
     = note: for more information, see <https://doc.rust-lang.org/edition-guide/rust-2024/unsafe-op-in-unsafe-fn.html>
     = note: this warning originates in the macro `columnar_unsupported` (in Nightly builds, run with -Z macro-backtrace for more info)

warning[E0133]: call to unsafe function `pgrx::pgrx_extern_c_guard` is unsafe and requires unsafe block
    --> src/am/columnar.rs:1631:13
     |
1631 | /             pgrx::pgrx_extern_c_guard(|| {
1632 | |                 pg_sys::error!(concat!("theodb_columnar: ", $msg, " is not supported (M99 is append-only analytical)"))
1633 | |             })
     | |______________^ call to unsafe function
...
1650 |   columnar_unsupported!(columnar_tuple_satisfies_snapshot(_r: pg_sys::Relation, _sl: *mut pg_sys::TupleTableSlot, _sn: pg_sys::Snapshot) -> bool, "tuple visibility by TID");
     |   -------------------------------------------------------------------------------------------------------------------------------------------------------------------------- in this macro invocation
     |
     = note: consult the function's documentation for information on how to avoid undefined behavior
note: an unsafe function restricts its caller, but its body is safe by default
    --> src/am/columnar.rs:1622:9
     |
1622 |         pub unsafe extern "C-unwind" fn $name( $( $arg : $ty ),* ) $( -> $ret )? {
     |         ^^^^^^^^^^^^^^^^^^^^^^^^^^^^^^^^^^^^^^^^^^^^^^^^^^^^^^^^^^^^^^^^^^^^^
...
1650 | columnar_unsupported!(columnar_tuple_satisfies_snapshot(_r: pg_sys::Relation, _sl: *mut pg_sys::TupleTableSlot, _sn: pg_sys::Snapshot) -> bool, "tuple visibility by TID");
     | -------------------------------------------------------------------------------------------------------------------------------------------------------------------------- in this macro invocation
     = note: for more information, see <https://doc.rust-lang.org/edition-guide/rust-2024/unsafe-op-in-unsafe-fn.html>
     = note: this warning originates in the macro `columnar_unsupported` (in Nightly builds, run with -Z macro-backtrace for more info)

warning[E0133]: call to unsafe function `pgrx::pgrx_extern_c_guard` is unsafe and requires unsafe block
    --> src/am/columnar.rs:1631:13
     |
1631 | /             pgrx::pgrx_extern_c_guard(|| {
1632 | |                 pg_sys::error!(concat!("theodb_columnar: ", $msg, " is not supported (M99 is append-only analytical)"))
1633 | |             })
     | |______________^ call to unsafe function
...
1651 |   columnar_unsupported!(columnar_index_delete_tuples(_r: pg_sys::Relation, _d: *mut pg_sys::TM_IndexDeleteOp) -> pg_sys::TransactionId, "index delete");
     |   ----------------------------------------------------------------------------------------------------------------------------------------------------- in this macro invocation
     |
     = note: consult the function's documentation for information on how to avoid undefined behavior
note: an unsafe function restricts its caller, but its body is safe by default
    --> src/am/columnar.rs:1622:9
     |
1622 |         pub unsafe extern "C-unwind" fn $name( $( $arg : $ty ),* ) $( -> $ret )? {
     |         ^^^^^^^^^^^^^^^^^^^^^^^^^^^^^^^^^^^^^^^^^^^^^^^^^^^^^^^^^^^^^^^^^^^^^
...
1651 | columnar_unsupported!(columnar_index_delete_tuples(_r: pg_sys::Relation, _d: *mut pg_sys::TM_IndexDeleteOp) -> pg_sys::TransactionId, "index delete");
     | ----------------------------------------------------------------------------------------------------------------------------------------------------- in this macro invocation
     = note: for more information, see <https://doc.rust-lang.org/edition-guide/rust-2024/unsafe-op-in-unsafe-fn.html>
     = note: this warning originates in the macro `columnar_unsupported` (in Nightly builds, run with -Z macro-backtrace for more info)

warning[E0133]: call to unsafe function `pgrx::pgrx_extern_c_guard` is unsafe and requires unsafe block
    --> src/am/columnar.rs:1631:13
     |
1631 | /             pgrx::pgrx_extern_c_guard(|| {
1632 | |                 pg_sys::error!(concat!("theodb_columnar: ", $msg, " is not supported (M99 is append-only analytical)"))
1633 | |             })
     | |______________^ call to unsafe function
...
1652 |   columnar_unsupported!(columnar_tuple_insert_speculative(_r: pg_sys::Relation, _sl: *mut pg_sys::TupleTableSlot, _c: pg_sys::CommandId, _o: std::os::raw::c_int, _b: *mut pg_sys::BulkInsertStateData, _t: u32), "speculative insert");
     |   ------------------------------------------------------------------------------------------------------------------------------------------------------------------------------------------------------------------------------------- in this macro invocation
     |
     = note: consult the function's documentation for information on how to avoid undefined behavior
note: an unsafe function restricts its caller, but its body is safe by default
    --> src/am/columnar.rs:1622:9
     |
1622 |         pub unsafe extern "C-unwind" fn $name( $( $arg : $ty ),* ) $( -> $ret )? {
     |         ^^^^^^^^^^^^^^^^^^^^^^^^^^^^^^^^^^^^^^^^^^^^^^^^^^^^^^^^^^
...
1652 | columnar_unsupported!(columnar_tuple_insert_speculative(_r: pg_sys::Relation, _sl: *mut pg_sys::TupleTableSlot, _c: pg_sys::CommandId, _o: std::os::raw::c_int, _b: *mut pg_sys::BulkInsertStateData, _t: u32), "speculative insert");
     | ------------------------------------------------------------------------------------------------------------------------------------------------------------------------------------------------------------------------------------- in this macro invocation
     = note: for more information, see <https://doc.rust-lang.org/edition-guide/rust-2024/unsafe-op-in-unsafe-fn.html>
     = note: this warning originates in the macro `columnar_unsupported` (in Nightly builds, run with -Z macro-backtrace for more info)

warning[E0133]: call to unsafe function `pgrx::pgrx_extern_c_guard` is unsafe and requires unsafe block
    --> src/am/columnar.rs:1631:13
     |
1631 | /             pgrx::pgrx_extern_c_guard(|| {
1632 | |                 pg_sys::error!(concat!("theodb_columnar: ", $msg, " is not supported (M99 is append-only analytical)"))
1633 | |             })
     | |______________^ call to unsafe function
...
1653 |   columnar_unsupported!(columnar_tuple_complete_speculative(_r: pg_sys::Relation, _sl: *mut pg_sys::TupleTableSlot, _t: u32, _s: bool), "speculative insert");
     |   ----------------------------------------------------------------------------------------------------------------------------------------------------------- in this macro invocation
     |
     = note: consult the function's documentation for information on how to avoid undefined behavior
note: an unsafe function restricts its caller, but its body is safe by default
    --> src/am/columnar.rs:1622:9
     |
1622 |         pub unsafe extern "C-unwind" fn $name( $( $arg : $ty ),* ) $( -> $ret )? {
     |         ^^^^^^^^^^^^^^^^^^^^^^^^^^^^^^^^^^^^^^^^^^^^^^^^^^^^^^^^^^
...
1653 | columnar_unsupported!(columnar_tuple_complete_speculative(_r: pg_sys::Relation, _sl: *mut pg_sys::TupleTableSlot, _t: u32, _s: bool), "speculative insert");
     | ----------------------------------------------------------------------------------------------------------------------------------------------------------- in this macro invocation
     = note: for more information, see <https://doc.rust-lang.org/edition-guide/rust-2024/unsafe-op-in-unsafe-fn.html>
     = note: this warning originates in the macro `columnar_unsupported` (in Nightly builds, run with -Z macro-backtrace for more info)

warning[E0133]: call to unsafe function `pgrx::pgrx_extern_c_guard` is unsafe and requires unsafe block
    --> src/am/columnar.rs:1631:13
     |
1631 | /             pgrx::pgrx_extern_c_guard(|| {
1632 | |                 pg_sys::error!(concat!("theodb_columnar: ", $msg, " is not supported (M99 is append-only analytical)"))
1633 | |             })
     | |______________^ call to unsafe function
...
1654 |   columnar_unsupported!(columnar_tuple_delete(_r: pg_sys::Relation, _t: pg_sys::ItemPointer, _c: pg_sys::CommandId, _sn: pg_sys::Snapshot, _cr: pg_sys::Snapshot, _w: bool, _f: *mut pg_sys::TM_FailureData, _cp: bool) -> pg_sys::TM_Result::Type, "DELETE");
     |   ----------------------------------------------------------------------------------------------------------------------------------------------------------------------------------------------------------------------------------------------------------- in this macro invocation
     |
     = note: consult the function's documentation for information on how to avoid undefined behavior
note: an unsafe function restricts its caller, but its body is safe by default
    --> src/am/columnar.rs:1622:9
     |
1622 |         pub unsafe extern "C-unwind" fn $name( $( $arg : $ty ),* ) $( -> $ret )? {
     |         ^^^^^^^^^^^^^^^^^^^^^^^^^^^^^^^^^^^^^^^^^^^^^^^^^^^^^^^^^^^^^^^^^^^^^
...
1654 | columnar_unsupported!(columnar_tuple_delete(_r: pg_sys::Relation, _t: pg_sys::ItemPointer, _c: pg_sys::CommandId, _sn: pg_sys::Snapshot, _cr: pg_sys::Snapshot, _w: bool, _f: *mut pg_sys::TM_FailureData, _cp: bool) -> pg_sys::TM_Result::Type, "DELETE");
     | ----------------------------------------------------------------------------------------------------------------------------------------------------------------------------------------------------------------------------------------------------------- in this macro invocation
     = note: for more information, see <https://doc.rust-lang.org/edition-guide/rust-2024/unsafe-op-in-unsafe-fn.html>
     = note: this warning originates in the macro `columnar_unsupported` (in Nightly builds, run with -Z macro-backtrace for more info)

warning[E0133]: call to unsafe function `pgrx::pgrx_extern_c_guard` is unsafe and requires unsafe block
    --> src/am/columnar.rs:1631:13
     |
1631 | /             pgrx::pgrx_extern_c_guard(|| {
1632 | |                 pg_sys::error!(concat!("theodb_columnar: ", $msg, " is not supported (M99 is append-only analytical)"))
1633 | |             })
     | |______________^ call to unsafe function
...
1655 |   columnar_unsupported!(columnar_tuple_update...Type) -> pg_sys::TM_Result::Type, "UPDATE");
     |   -------------------------------------------...------------------------------------------- in this macro invocation
     |
     = note: consult the function's documentation for information on how to avoid undefined behavior
note: an unsafe function restricts its caller, but its body is safe by default
    --> src/am/columnar.rs:1622:9
     |
1622 |         pub unsafe extern "C-unwind" fn $name( $( $arg : $ty ),* ) $( -> $ret )? {
     |         ^^^^^^^^^^^^^^^^^^^^^^^^^^^^^^^^^^^^^^^^^^^^^^^^^^^^^^^^^^^^^^^^^^^^^
...
1655 | columnar_unsupported!(columnar_tuple_update(...:Type) -> pg_sys::TM_Result::Type, "UPDATE");
     | --------------------------------------------...-------------------------------------------- in this macro invocation
     = note: for more information, see <https://doc.rust-lang.org/edition-guide/rust-2024/unsafe-op-in-unsafe-fn.html>
     = note: this warning originates in the macro `columnar_unsupported` (in Nightly builds, run with -Z macro-backtrace for more info)

warning[E0133]: call to unsafe function `pgrx::pgrx_extern_c_guard` is unsafe and requires unsafe block
    --> src/am/columnar.rs:1631:13
     |
1631 | /             pgrx::pgrx_extern_c_guard(|| {
1632 | |                 pg_sys::error!(concat!("theodb_columnar: ", $msg, " is not supported (M99 is append-only analytical)"))
1633 | |             })
     | |______________^ call to unsafe function
...
1656 |   columnar_unsupported!(columnar_tuple_lock(_...sult::Type, "SELECT FOR UPDATE / row lock");
     |   -------------------------------------------...------------------------------------------- in this macro invocation
     |
     = note: consult the function's documentation for information on how to avoid undefined behavior
note: an unsafe function restricts its caller, but its body is safe by default
    --> src/am/columnar.rs:1622:9
     |
1622 |         pub unsafe extern "C-unwind" fn $name( $( $arg : $ty ),* ) $( -> $ret )? {
     |         ^^^^^^^^^^^^^^^^^^^^^^^^^^^^^^^^^^^^^^^^^^^^^^^^^^^^^^^^^^^^^^^^^^^^^
...
1656 | columnar_unsupported!(columnar_tuple_lock(_r...esult::Type, "SELECT FOR UPDATE / row lock");
     | --------------------------------------------...-------------------------------------------- in this macro invocation
     = note: for more information, see <https://doc.rust-lang.org/edition-guide/rust-2024/unsafe-op-in-unsafe-fn.html>
     = note: this warning originates in the macro `columnar_unsupported` (in Nightly builds, run with -Z macro-backtrace for more info)

warning[E0133]: call to unsafe function `pgrx::pgrx_extern_c_guard` is unsafe and requires unsafe block
    --> src/am/columnar.rs:1631:13
     |
1631 | /             pgrx::pgrx_extern_c_guard(|| {
1632 | |                 pg_sys::error!(concat!("theodb_columnar: ", $msg, " is not supported (M99 is append-only analytical)"))
1633 | |             })
     | |______________^ call to unsafe function
...
1657 |   columnar_unsupported!(columnar_relation_nontransactional_truncate(_r: pg_sys::Relation), "TRUNCATE (wired in Phase B)");
     |   ----------------------------------------------------------------------------------------------------------------------- in this macro invocation
     |
     = note: consult the function's documentation for information on how to avoid undefined behavior
note: an unsafe function restricts its caller, but its body is safe by default
    --> src/am/columnar.rs:1622:9
     |
1622 |         pub unsafe extern "C-unwind" fn $name( $( $arg : $ty ),* ) $( -> $ret )? {
     |         ^^^^^^^^^^^^^^^^^^^^^^^^^^^^^^^^^^^^^^^^^^^^^^^^^^^^^^^^^^
...
1657 | columnar_unsupported!(columnar_relation_nontransactional_truncate(_r: pg_sys::Relation), "TRUNCATE (wired in Phase B)");
     | ----------------------------------------------------------------------------------------------------------------------- in this macro invocation
     = note: for more information, see <https://doc.rust-lang.org/edition-guide/rust-2024/unsafe-op-in-unsafe-fn.html>
     = note: this warning originates in the macro `columnar_unsupported` (in Nightly builds, run with -Z macro-backtrace for more info)

warning[E0133]: call to unsafe function `pgrx::pgrx_extern_c_guard` is unsafe and requires unsafe block
    --> src/am/columnar.rs:1631:13
     |
1631 | /             pgrx::pgrx_extern_c_guard(|| {
1632 | |                 pg_sys::error!(concat!("theodb_columnar: ", $msg, " is not supported (M99 is append-only analytical)"))
1633 | |             })
     | |______________^ call to unsafe function
...
1658 |   columnar_unsupported!(columnar_relation_copy_data(_r: pg_sys::Relation, _n: *const pg_sys::RelFileLocator), "ALTER TABLE SET TABLESPACE");
     |   ----------------------------------------------------------------------------------------------------------------------------------------- in this macro invocation
     |
     = note: consult the function's documentation for information on how to avoid undefined behavior
note: an unsafe function restricts its caller, but its body is safe by default
    --> src/am/columnar.rs:1622:9
     |
1622 |         pub unsafe extern "C-unwind" fn $name( $( $arg : $ty ),* ) $( -> $ret )? {
     |         ^^^^^^^^^^^^^^^^^^^^^^^^^^^^^^^^^^^^^^^^^^^^^^^^^^^^^^^^^^
...
1658 | columnar_unsupported!(columnar_relation_copy_data(_r: pg_sys::Relation, _n: *const pg_sys::RelFileLocator), "ALTER TABLE SET TABLESPACE");
     | ----------------------------------------------------------------------------------------------------------------------------------------- in this macro invocation
     = note: for more information, see <https://doc.rust-lang.org/edition-guide/rust-2024/unsafe-op-in-unsafe-fn.html>
     = note: this warning originates in the macro `columnar_unsupported` (in Nightly builds, run with -Z macro-backtrace for more info)

warning[E0133]: call to unsafe function `pgrx::pgrx_extern_c_guard` is unsafe and requires unsafe block
    --> src/am/columnar.rs:1631:13
     |
1631 | /             pgrx::pgrx_extern_c_guard(|| {
1632 | |                 pg_sys::error!(concat!("theodb_columnar: ", $msg, " is not supported (M99 is append-only analytical)"))
1633 | |             })
     | |______________^ call to unsafe function
...
1659 |   columnar_unsupported!(columnar_relation_cop..., _trd: *mut f64), "CLUSTER / VACUUM FULL");
     |   -------------------------------------------...------------------------------------------- in this macro invocation
     |
     = note: consult the function's documentation for information on how to avoid undefined behavior
note: an unsafe function restricts its caller, but its body is safe by default
    --> src/am/columnar.rs:1622:9
     |
1622 |         pub unsafe extern "C-unwind" fn $name( $( $arg : $ty ),* ) $( -> $ret )? {
     |         ^^^^^^^^^^^^^^^^^^^^^^^^^^^^^^^^^^^^^^^^^^^^^^^^^^^^^^^^^^
...
1659 | columnar_unsupported!(columnar_relation_copy...4, _trd: *mut f64), "CLUSTER / VACUUM FULL");
     | --------------------------------------------...-------------------------------------------- in this macro invocation
     = note: for more information, see <https://doc.rust-lang.org/edition-guide/rust-2024/unsafe-op-in-unsafe-fn.html>
     = note: this warning originates in the macro `columnar_unsupported` (in Nightly builds, run with -Z macro-backtrace for more info)

warning[E0133]: call to unsafe function `pgrx::pgrx_extern_c_guard` is unsafe and requires unsafe block
    --> src/am/columnar.rs:1631:13
     |
1631 | /             pgrx::pgrx_extern_c_guard(|| {
1632 | |                 pg_sys::error!(concat!("theodb_columnar: ", $msg, " is not supported (M99 is append-only analytical)"))
1633 | |             })
     | |______________^ call to unsafe function
...
1660 |   columnar_unsupported!(columnar_relation_vacuum(_r: pg_sys::Relation, _p: *mut pg_sys::VacuumParams, _b: pg_sys::BufferAccessStrategy), "VACUUM (wired in a later phase)");
     |   ------------------------------------------------------------------------------------------------------------------------------------------------------------------------- in this macro invocation
     |
     = note: consult the function's documentation for information on how to avoid undefined behavior
note: an unsafe function restricts its caller, but its body is safe by default
    --> src/am/columnar.rs:1622:9
     |
1622 |         pub unsafe extern "C-unwind" fn $name( $( $arg : $ty ),* ) $( -> $ret )? {
     |         ^^^^^^^^^^^^^^^^^^^^^^^^^^^^^^^^^^^^^^^^^^^^^^^^^^^^^^^^^^
...
1660 | columnar_unsupported!(columnar_relation_vacuum(_r: pg_sys::Relation, _p: *mut pg_sys::VacuumParams, _b: pg_sys::BufferAccessStrategy), "VACUUM (wired in a later phase)");
     | ------------------------------------------------------------------------------------------------------------------------------------------------------------------------- in this macro invocation
     = note: for more information, see <https://doc.rust-lang.org/edition-guide/rust-2024/unsafe-op-in-unsafe-fn.html>
     = note: this warning originates in the macro `columnar_unsupported` (in Nightly builds, run with -Z macro-backtrace for more info)

warning[E0133]: call to unsafe function `pgrx::pgrx_extern_c_guard` is unsafe and requires unsafe block
    --> src/am/columnar.rs:1631:13
     |
1631 | /             pgrx::pgrx_extern_c_guard(|| {
1632 | |                 pg_sys::error!(concat!("theodb_columnar: ", $msg, " is not supported (M99 is append-only analytical)"))
1633 | |             })
     | |______________^ call to unsafe function
...
1661 |   columnar_unsupported!(columnar_index_build_...ld over columnar (wired in a later phase)");
     |   -------------------------------------------...------------------------------------------- in this macro invocation
     |
     = note: consult the function's documentation for information on how to avoid undefined behavior
note: an unsafe function restricts its caller, but its body is safe by default
    --> src/am/columnar.rs:1622:9
     |
1622 |         pub unsafe extern "C-unwind" fn $name( $( $arg : $ty ),* ) $( -> $ret )? {
     |         ^^^^^^^^^^^^^^^^^^^^^^^^^^^^^^^^^^^^^^^^^^^^^^^^^^^^^^^^^^^^^^^^^^^^^
...
1661 | columnar_unsupported!(columnar_index_build_r...ild over columnar (wired in a later phase)");
     | --------------------------------------------...-------------------------------------------- in this macro invocation
     = note: for more information, see <https://doc.rust-lang.org/edition-guide/rust-2024/unsafe-op-in-unsafe-fn.html>
     = note: this warning originates in the macro `columnar_unsupported` (in Nightly builds, run with -Z macro-backtrace for more info)

warning[E0133]: call to unsafe function `pgrx::pgrx_extern_c_guard` is unsafe and requires unsafe block
    --> src/am/columnar.rs:1631:13
     |
1631 | /             pgrx::pgrx_extern_c_guard(|| {
1632 | |                 pg_sys::error!(concat!("theodb_columnar: ", $msg, " is not supported (M99 is append-only analytical)"))
1633 | |             })
     | |______________^ call to unsafe function
...
1662 |   columnar_unsupported!(columnar_index_validate_scan(_tr: pg_sys::Relation, _ir: pg_sys::Relation, _ii: *mut pg_sys::IndexInfo, _sn: pg_sys::Snapshot, _st: *mut pg_sys::ValidateIndexState), "concurrent index validate");
     |   ------------------------------------------------------------------------------------------------------------------------------------------------------------------------------------------------------------------------ in this macro invocation
     |
     = note: consult the function's documentation for information on how to avoid undefined behavior
note: an unsafe function restricts its caller, but its body is safe by default
    --> src/am/columnar.rs:1622:9
     |
1622 |         pub unsafe extern "C-unwind" fn $name( $( $arg : $ty ),* ) $( -> $ret )? {
     |         ^^^^^^^^^^^^^^^^^^^^^^^^^^^^^^^^^^^^^^^^^^^^^^^^^^^^^^^^^^
...
1662 | columnar_unsupported!(columnar_index_validate_scan(_tr: pg_sys::Relation, _ir: pg_sys::Relation, _ii: *mut pg_sys::IndexInfo, _sn: pg_sys::Snapshot, _st: *mut pg_sys::ValidateIndexState), "concurrent index validate");
     | ------------------------------------------------------------------------------------------------------------------------------------------------------------------------------------------------------------------------ in this macro invocation
     = note: for more information, see <https://doc.rust-lang.org/edition-guide/rust-2024/unsafe-op-in-unsafe-fn.html>
     = note: this warning originates in the macro `columnar_unsupported` (in Nightly builds, run with -Z macro-backtrace for more info)

warning[E0133]: call to unsafe function `pgrx::pgrx_extern_c_guard` is unsafe and requires unsafe block
    --> src/am/columnar.rs:1631:13
     |
1631 | /             pgrx::pgrx_extern_c_guard(|| {
1632 | |                 pg_sys::error!(concat!("theodb_columnar: ", $msg, " is not supported (M99 is append-only analytical)"))
1633 | |             })
     | |______________^ call to unsafe function
...
1663 |   columnar_unsupported!(columnar_relation_toast_am(_r: pg_sys::Relation) -> pg_sys::Oid, "TOAST (columnar stores inline)");
     |   ------------------------------------------------------------------------------------------------------------------------ in this macro invocation
     |
     = note: consult the function's documentation for information on how to avoid undefined behavior
note: an unsafe function restricts its caller, but its body is safe by default
    --> src/am/columnar.rs:1622:9
     |
1622 |         pub unsafe extern "C-unwind" fn $name( $( $arg : $ty ),* ) $( -> $ret )? {
     |         ^^^^^^^^^^^^^^^^^^^^^^^^^^^^^^^^^^^^^^^^^^^^^^^^^^^^^^^^^^^^^^^^^^^^^
...
1663 | columnar_unsupported!(columnar_relation_toast_am(_r: pg_sys::Relation) -> pg_sys::Oid, "TOAST (columnar stores inline)");
     | ------------------------------------------------------------------------------------------------------------------------ in this macro invocation
     = note: for more information, see <https://doc.rust-lang.org/edition-guide/rust-2024/unsafe-op-in-unsafe-fn.html>
     = note: this warning originates in the macro `columnar_unsupported` (in Nightly builds, run with -Z macro-backtrace for more info)

warning[E0133]: call to unsafe function `pgrx::pgrx_extern_c_guard` is unsafe and requires unsafe block
    --> src/am/columnar.rs:1631:13
     |
1631 | /             pgrx::pgrx_extern_c_guard(|| {
1632 | |                 pg_sys::error!(concat!("theodb_columnar: ", $msg, " is not supported (M99 is append-only analytical)"))
1633 | |             })
     | |______________^ call to unsafe function
...
1664 |   columnar_unsupported!(columnar_relation_fetch_toast_slice(_tr: pg_sys::Relation, _v: pg_sys::Oid, _as: i32, _so: i32, _sl: i32, _res: *mut pg_sys::varlena), "TOAST slice fetch");
     |   --------------------------------------------------------------------------------------------------------------------------------------------------------------------------------- in this macro invocation
     |
     = note: consult the function's documentation for information on how to avoid undefined behavior
note: an unsafe function restricts its caller, but its body is safe by default
    --> src/am/columnar.rs:1622:9
     |
1622 |         pub unsafe extern "C-unwind" fn $name( $( $arg : $ty ),* ) $( -> $ret )? {
     |         ^^^^^^^^^^^^^^^^^^^^^^^^^^^^^^^^^^^^^^^^^^^^^^^^^^^^^^^^^^
...
1664 | columnar_unsupported!(columnar_relation_fetch_toast_slice(_tr: pg_sys::Relation, _v: pg_sys::Oid, _as: i32, _so: i32, _sl: i32, _res: *mut pg_sys::varlena), "TOAST slice fetch");
     | --------------------------------------------------------------------------------------------------------------------------------------------------------------------------------- in this macro invocation
     = note: for more information, see <https://doc.rust-lang.org/edition-guide/rust-2024/unsafe-op-in-unsafe-fn.html>
     = note: this warning originates in the macro `columnar_unsupported` (in Nightly builds, run with -Z macro-backtrace for more info)

warning[E0133]: call to unsafe function `pgrx::pgrx_extern_c_guard` is unsafe and requires unsafe block
    --> src/am/columnar.rs:1631:13
     |
1631 | /             pgrx::pgrx_extern_c_guard(|| {
1632 | |                 pg_sys::error!(concat!("theodb_columnar: ", $msg, " is not supported (M99 is append-only analytical)"))
1633 | |             })
     | |______________^ call to unsafe function
...
1665 |   columnar_unsupported!(columnar_scan_sample_next_block(_s: pg_sys::TableScanDesc, _ss: *mut pg_sys::SampleScanState) -> bool, "TABLESAMPLE");
     |   ------------------------------------------------------------------------------------------------------------------------------------------- in this macro invocation
     |
     = note: consult the function's documentation for information on how to avoid undefined behavior
note: an unsafe function restricts its caller, but its body is safe by default
    --> src/am/columnar.rs:1622:9
     |
1622 |         pub unsafe extern "C-unwind" fn $name( $( $arg : $ty ),* ) $( -> $ret )? {
     |         ^^^^^^^^^^^^^^^^^^^^^^^^^^^^^^^^^^^^^^^^^^^^^^^^^^^^^^^^^^^^^^^^^^^^^
...
1665 | columnar_unsupported!(columnar_scan_sample_next_block(_s: pg_sys::TableScanDesc, _ss: *mut pg_sys::SampleScanState) -> bool, "TABLESAMPLE");
     | ------------------------------------------------------------------------------------------------------------------------------------------- in this macro invocation
     = note: for more information, see <https://doc.rust-lang.org/edition-guide/rust-2024/unsafe-op-in-unsafe-fn.html>
     = note: this warning originates in the macro `columnar_unsupported` (in Nightly builds, run with -Z macro-backtrace for more info)

warning[E0133]: call to unsafe function `pgrx::pgrx_extern_c_guard` is unsafe and requires unsafe block
    --> src/am/columnar.rs:1631:13
     |
1631 | /             pgrx::pgrx_extern_c_guard(|| {
1632 | |                 pg_sys::error!(concat!("theodb_columnar: ", $msg, " is not supported (M99 is append-only analytical)"))
1633 | |             })
     | |______________^ call to unsafe function
...
1666 |   columnar_unsupported!(columnar_scan_sample_next_tuple(_s: pg_sys::TableScanDesc, _ss: *mut pg_sys::SampleScanState, _sl: *mut pg_sys::TupleTableSlot) -> bool, "TABLESAMPLE");
     |   ----------------------------------------------------------------------------------------------------------------------------------------------------------------------------- in this macro invocation
     |
     = note: consult the function's documentation for information on how to avoid undefined behavior
note: an unsafe function restricts its caller, but its body is safe by default
    --> src/am/columnar.rs:1622:9
     |
1622 |         pub unsafe extern "C-unwind" fn $name( $( $arg : $ty ),* ) $( -> $ret )? {
     |         ^^^^^^^^^^^^^^^^^^^^^^^^^^^^^^^^^^^^^^^^^^^^^^^^^^^^^^^^^^^^^^^^^^^^^
...
1666 | columnar_unsupported!(columnar_scan_sample_next_tuple(_s: pg_sys::TableScanDesc, _ss: *mut pg_sys::SampleScanState, _sl: *mut pg_sys::TupleTableSlot) -> bool, "TABLESAMPLE");
     | ----------------------------------------------------------------------------------------------------------------------------------------------------------------------------- in this macro invocation
     = note: for more information, see <https://doc.rust-lang.org/edition-guide/rust-2024/unsafe-op-in-unsafe-fn.html>
     = note: this warning originates in the macro `columnar_unsupported` (in Nightly builds, run with -Z macro-backtrace for more info)

warning[E0133]: call to unsafe function `pgrx::FromDatum::from_datum` is unsafe and requires unsafe block
   --> src/am/columnar_agg.rs:144:28
    |
144 |         MinMaxKind::I2 => (i16::from_datum(datum, false)? as i64) as u64,
    |                            ^^^^^^^^^^^^^^^^^^^^^^^^^^^^^ call to unsafe function
    |
    = note: consult the function's documentation for information on how to avoid undefined behavior
note: an unsafe function restricts its caller, but its body is safe by default
   --> src/am/columnar_agg.rs:142:1
    |
142 | pub(crate) unsafe fn encode_const_bits(datum: pg_sys::Datum, kind: MinMaxKind) -> Option<u64> {
    | ^^^^^^^^^^^^^^^^^^^^^^^^^^^^^^^^^^^^^^^^^^^^^^^^^^^^^^^^^^^^^^^^^^^^^^^^^^^^^^^^^^^^^^^^^^^^^
    = note: for more information, see <https://doc.rust-lang.org/edition-guide/rust-2024/unsafe-op-in-unsafe-fn.html>

warning[E0133]: call to unsafe function `pgrx::FromDatum::from_datum` is unsafe and requires unsafe block
   --> src/am/columnar_agg.rs:145:28
    |
145 |         MinMaxKind::I4 => (i32::from_datum(datum, false)? as i64) as u64,
    |                            ^^^^^^^^^^^^^^^^^^^^^^^^^^^^^ call to unsafe function
    |
    = note: consult the function's documentation for information on how to avoid undefined behavior
    = note: for more information, see <https://doc.rust-lang.org/edition-guide/rust-2024/unsafe-op-in-unsafe-fn.html>

warning[E0133]: call to unsafe function `pgrx::FromDatum::from_datum` is unsafe and requires unsafe block
   --> src/am/columnar_agg.rs:146:28
    |
146 |         MinMaxKind::I8 => (i64::from_datum(datum, false)?) as u64,
    |                            ^^^^^^^^^^^^^^^^^^^^^^^^^^^^^ call to unsafe function
    |
    = note: consult the function's documentation for information on how to avoid undefined behavior
    = note: for more information, see <https://doc.rust-lang.org/edition-guide/rust-2024/unsafe-op-in-unsafe-fn.html>

warning[E0133]: call to unsafe function `pgrx::FromDatum::from_datum` is unsafe and requires unsafe block
   --> src/am/columnar_agg.rs:147:30
    |
147 |         MinMaxKind::Bool => (bool::from_datum(datum, false)? as i64) as u64,
    |                              ^^^^^^^^^^^^^^^^^^^^^^^^^^^^^^ call to unsafe function
    |
    = note: consult the function's documentation for information on how to avoid undefined behavior
    = note: for more information, see <https://doc.rust-lang.org/edition-guide/rust-2024/unsafe-op-in-unsafe-fn.html>

warning[E0133]: call to unsafe function `pgrx::FromDatum::from_datum` is unsafe and requires unsafe block
   --> src/am/columnar_agg.rs:148:28
    |
148 |         MinMaxKind::F4 => (f32::from_datum(datum, false)? as f64).to_bits(),
    |                            ^^^^^^^^^^^^^^^^^^^^^^^^^^^^^ call to unsafe function
    |
    = note: consult the function's documentation for information on how to avoid undefined behavior
    = note: for more information, see <https://doc.rust-lang.org/edition-guide/rust-2024/unsafe-op-in-unsafe-fn.html>

warning[E0133]: call to unsafe function `pgrx::FromDatum::from_datum` is unsafe and requires unsafe block
   --> src/am/columnar_agg.rs:149:27
    |
149 |         MinMaxKind::F8 => f64::from_datum(datum, false)?.to_bits(),
    |                           ^^^^^^^^^^^^^^^^^^^^^^^^^^^^^ call to unsafe function
    |
    = note: consult the function's documentation for information on how to avoid undefined behavior
    = note: for more information, see <https://doc.rust-lang.org/edition-guide/rust-2024/unsafe-op-in-unsafe-fn.html>

warning[E0133]: dereference of raw pointer is unsafe and requires unsafe block
   --> src/am/columnar_agg.rs:161:28
    |
161 |     if clause.is_null() || (*clause).type_ != pg_sys::NodeTag::T_OpExpr {
    |                            ^^^^^^^^^ dereference of raw pointer
    |
    = note: raw pointers may be null, dangling or unaligned; they can violate aliasing rules and cause data races: all of these are undefined behavior
note: an unsafe function restricts its caller, but its body is safe by default
   --> src/am/columnar_agg.rs:160:1
    |
160 | pub(crate) unsafe fn extract_zone_predicate(clause: *mut pg_sys::Node, relid: i32) -> Option<ZonePredicate> {
    | ^^^^^^^^^^^^^^^^^^^^^^^^^^^^^^^^^^^^^^^^^^^^^^^^^^^^^^^^^^^^^^^^^^^^^^^^^^^^^^^^^^^^^^^^^^^^^^^^^^^^^^^^^^^
    = note: for more information, see <https://doc.rust-lang.org/edition-guide/rust-2024/unsafe-op-in-unsafe-fn.html>

warning[E0133]: call to unsafe function `pgrx::PgList::<T>::from_pg` is unsafe and requires unsafe block
   --> src/am/columnar_agg.rs:165:16
    |
165 |     let args = PgList::<pg_sys::Node>::from_pg((*op).args);
    |                ^^^^^^^^^^^^^^^^^^^^^^^^^^^^^^^^^^^^^^^^^^^ call to unsafe function
    |
    = note: consult the function's documentation for information on how to avoid undefined behavior
    = note: for more information, see <https://doc.rust-lang.org/edition-guide/rust-2024/unsafe-op-in-unsafe-fn.html>

warning[E0133]: dereference of raw pointer is unsafe and requires unsafe block
   --> src/am/columnar_agg.rs:165:48
    |
165 |     let args = PgList::<pg_sys::Node>::from_pg((*op).args);
    |                                                ^^^^^ dereference of raw pointer
    |
    = note: raw pointers may be null, dangling or unaligned; they can violate aliasing rules and cause data races: all of these are undefined behavior
    = note: for more information, see <https://doc.rust-lang.org/edition-guide/rust-2024/unsafe-op-in-unsafe-fn.html>

warning[E0133]: dereference of raw pointer is unsafe and requires unsafe block
   --> src/am/columnar_agg.rs:171:12
    |
171 |         if (*a0).type_ == pg_sys::NodeTag::T_Var && (*a1).type_ == pg_sys::NodeTag::T_Const {
    |            ^^^^^ dereference of raw pointer
    |
    = note: raw pointers may be null, dangling or unaligned; they can violate aliasing rules and cause data races: all of these are undefined behavior
    = note: for more information, see <https://doc.rust-lang.org/edition-guide/rust-2024/unsafe-op-in-unsafe-fn.html>

warning[E0133]: dereference of raw pointer is unsafe and requires unsafe block
   --> src/am/columnar_agg.rs:171:53
    |
171 |         if (*a0).type_ == pg_sys::NodeTag::T_Var && (*a1).type_ == pg_sys::NodeTag::T_Const {
    |                                                     ^^^^^ dereference of raw pointer
    |
    = note: raw pointers may be null, dangling or unaligned; they can violate aliasing rules and cause data races: all of these are undefined behavior
    = note: for more information, see <https://doc.rust-lang.org/edition-guide/rust-2024/unsafe-op-in-unsafe-fn.html>

warning[E0133]: dereference of raw pointer is unsafe and requires unsafe block
   --> src/am/columnar_agg.rs:173:19
    |
173 |         } else if (*a0).type_ == pg_sys::NodeTag::T_Const && (*a1).type_ == pg_sys::NodeTag::T_Var {
    |                   ^^^^^ dereference of raw pointer
    |
    = note: raw pointers may be null, dangling or unaligned; they can violate aliasing rules and cause data races: all of these are undefined behavior
    = note: for more information, see <https://doc.rust-lang.org/edition-guide/rust-2024/unsafe-op-in-unsafe-fn.html>

warning[E0133]: dereference of raw pointer is unsafe and requires unsafe block
   --> src/am/columnar_agg.rs:173:62
    |
173 |         } else if (*a0).type_ == pg_sys::NodeTag::T_Const && (*a1).type_ == pg_sys::NodeTag::T_Var {
    |                                                              ^^^^^ dereference of raw pointer
    |
    = note: raw pointers may be null, dangling or unaligned; they can violate aliasing rules and cause data races: all of these are undefined behavior
    = note: for more information, see <https://doc.rust-lang.org/edition-guide/rust-2024/unsafe-op-in-unsafe-fn.html>

warning[E0133]: dereference of raw pointer is unsafe and requires unsafe block
   --> src/am/columnar_agg.rs:178:8
    |
178 |     if (*var).varno as i32 != relid || (*konst).constisnull {
    |        ^^^^^^ dereference of raw pointer
    |
    = note: raw pointers may be null, dangling or unaligned; they can violate aliasing rules and cause data races: all of these are undefined behavior
    = note: for more information, see <https://doc.rust-lang.org/edition-guide/rust-2024/unsafe-op-in-unsafe-fn.html>

warning[E0133]: dereference of raw pointer is unsafe and requires unsafe block
   --> src/am/columnar_agg.rs:178:40
    |
178 |     if (*var).varno as i32 != relid || (*konst).constisnull {
    |                                        ^^^^^^^^ dereference of raw pointer
    |
    = note: raw pointers may be null, dangling or unaligned; they can violate aliasing rules and cause data races: all of these are undefined behavior
    = note: for more information, see <https://doc.rust-lang.org/edition-guide/rust-2024/unsafe-op-in-unsafe-fn.html>

warning[E0133]: dereference of raw pointer is unsafe and requires unsafe block
   --> src/am/columnar_agg.rs:181:19
    |
181 |     let vartype = (*var).vartype;
    |                   ^^^^^^ dereference of raw pointer
    |
    = note: raw pointers may be null, dangling or unaligned; they can violate aliasing rules and cause data races: all of these are undefined behavior
    = note: for more information, see <https://doc.rust-lang.org/edition-guide/rust-2024/unsafe-op-in-unsafe-fn.html>

warning[E0133]: dereference of raw pointer is unsafe and requires unsafe block
   --> src/am/columnar_agg.rs:190:21
    |
190 |     let consttype = (*konst).consttype.to_u32();
    |                     ^^^^^^^^ dereference of raw pointer
    |
    = note: raw pointers may be null, dangling or unaligned; they can violate aliasing rules and cause data races: all of these are undefined behavior
    = note: for more information, see <https://doc.rust-lang.org/edition-guide/rust-2024/unsafe-op-in-unsafe-fn.html>

warning[E0133]: call to unsafe function `pgrx::pg_sys::GetDefaultOpClass` is unsafe and requires unsafe block
   --> src/am/columnar_agg.rs:205:19
    |
205 |     let opclass = pg_sys::GetDefaultOpClass(vartype, pg_sys::BTREE_AM_OID);
    |                   ^^^^^^^^^^^^^^^^^^^^^^^^^^^^^^^^^^^^^^^^^^^^^^^^^^^^^^^^ call to unsafe function
    |
    = note: consult the function's documentation for information on how to avoid undefined behavior
    = note: for more information, see <https://doc.rust-lang.org/edition-guide/rust-2024/unsafe-op-in-unsafe-fn.html>

warning[E0133]: call to unsafe function `pgrx::pg_sys::get_opclass_family` is unsafe and requires unsafe block
   --> src/am/columnar_agg.rs:209:20
    |
209 |     let opfamily = pg_sys::get_opclass_family(opclass);
    |                    ^^^^^^^^^^^^^^^^^^^^^^^^^^^^^^^^^^^ call to unsafe function
    |
    = note: consult the function's documentation for information on how to avoid undefined behavior
    = note: for more information, see <https://doc.rust-lang.org/edition-guide/rust-2024/unsafe-op-in-unsafe-fn.html>

warning[E0133]: call to unsafe function `pgrx::pg_sys::op_in_opfamily` is unsafe and requires unsafe block
   --> src/am/columnar_agg.rs:214:36
    |
214 |     let (probe_op, forced_ne) = if pg_sys::op_in_opfamily((*op).opno, opfamily) {
    |                                    ^^^^^^^^^^^^^^^^^^^^^^^^^^^^^^^^^^^^^^^^^^^^ call to unsafe function
    |
    = note: consult the function's documentation for information on how to avoid undefined behavior
    = note: for more information, see <https://doc.rust-lang.org/edition-guide/rust-2024/unsafe-op-in-unsafe-fn.html>

warning[E0133]: dereference of raw pointer is unsafe and requires unsafe block
   --> src/am/columnar_agg.rs:214:59
    |
214 |     let (probe_op, forced_ne) = if pg_sys::op_in_opfamily((*op).opno, opfamily) {
    |                                                           ^^^^^ dereference of raw pointer
    |
    = note: raw pointers may be null, dangling or unaligned; they can violate aliasing rules and cause data races: all of these are undefined behavior
    = note: for more information, see <https://doc.rust-lang.org/edition-guide/rust-2024/unsafe-op-in-unsafe-fn.html>

warning[E0133]: dereference of raw pointer is unsafe and requires unsafe block
   --> src/am/columnar_agg.rs:215:10
    |
215 |         ((*op).opno, false)
    |          ^^^^^ dereference of raw pointer
    |
    = note: raw pointers may be null, dangling or unaligned; they can violate aliasing rules and cause data races: all of these are undefined behavior
    = note: for more information, see <https://doc.rust-lang.org/edition-guide/rust-2024/unsafe-op-in-unsafe-fn.html>

warning[E0133]: call to unsafe function `pgrx::pg_sys::get_negator` is unsafe and requires unsafe block
   --> src/am/columnar_agg.rs:217:19
    |
217 |         let neg = pg_sys::get_negator((*op).opno);
    |                   ^^^^^^^^^^^^^^^^^^^^^^^^^^^^^^^ call to unsafe function
    |
    = note: consult the function's documentation for information on how to avoid undefined behavior
    = note: for more information, see <https://doc.rust-lang.org/edition-guide/rust-2024/unsafe-op-in-unsafe-fn.html>

warning[E0133]: dereference of raw pointer is unsafe and requires unsafe block
   --> src/am/columnar_agg.rs:217:39
    |
217 |         let neg = pg_sys::get_negator((*op).opno);
    |                                       ^^^^^ dereference of raw pointer
    |
    = note: raw pointers may be null, dangling or unaligned; they can violate aliasing rules and cause data races: all of these are undefined behavior
    = note: for more information, see <https://doc.rust-lang.org/edition-guide/rust-2024/unsafe-op-in-unsafe-fn.html>

warning[E0133]: call to unsafe function `pgrx::pg_sys::op_in_opfamily` is unsafe and requires unsafe block
   --> src/am/columnar_agg.rs:218:42
    |
218 |         if neg == pg_sys::InvalidOid || !pg_sys::op_in_opfamily(neg, opfamily) {
    |                                          ^^^^^^^^^^^^^^^^^^^^^^^^^^^^^^^^^^^^^ call to unsafe function
    |
    = note: consult the function's documentation for information on how to avoid undefined behavior
    = note: for more information, see <https://doc.rust-lang.org/edition-guide/rust-2024/unsafe-op-in-unsafe-fn.html>

warning[E0133]: call to unsafe function `pgrx::pg_sys::get_op_opfamily_properties` is unsafe and requires unsafe block
   --> src/am/columnar_agg.rs:225:5
    |
225 |     pg_sys::get_op_opfamily_properties(probe_op, opfamily, false, &mut strategy, &mut lt, &mut rt);
    |     ^^^^^^^^^^^^^^^^^^^^^^^^^^^^^^^^^^^^^^^^^^^^^^^^^^^^^^^^^^^^^^^^^^^^^^^^^^^^^^^^^^^^^^^^^^^^^^ call to unsafe function
    |
    = note: consult the function's documentation for information on how to avoid undefined behavior
    = note: for more information, see <https://doc.rust-lang.org/edition-guide/rust-2024/unsafe-op-in-unsafe-fn.html>

warning[E0133]: dereference of raw pointer is unsafe and requires unsafe block
   --> src/am/columnar_agg.rs:247:16
    |
247 |     let col = ((*var).varattno as i32).checked_sub(1)?; // 1-based AttrNumber → 0-based col; system cols (≤0) rejected
    |                ^^^^^^ dereference of raw pointer
    |
    = note: raw pointers may be null, dangling or unaligned; they can violate aliasing rules and cause data races: all of these are undefined behavior
    = note: for more information, see <https://doc.rust-lang.org/edition-guide/rust-2024/unsafe-op-in-unsafe-fn.html>

warning[E0133]: call to unsafe function `am::columnar_agg::encode_const_coerced` is unsafe and requires unsafe block
   --> src/am/columnar_agg.rs:251:21
    |
251 |         const_bits: encode_const_coerced((*konst).constvalue, consttype, kind)?,
    |                     ^^^^^^^^^^^^^^^^^^^^^^^^^^^^^^^^^^^^^^^^^^^^^^^^^^^^^^^^^^ call to unsafe function
    |
    = note: consult the function's documentation for information on how to avoid undefined behavior
    = note: for more information, see <https://doc.rust-lang.org/edition-guide/rust-2024/unsafe-op-in-unsafe-fn.html>

warning[E0133]: dereference of raw pointer is unsafe and requires unsafe block
   --> src/am/columnar_agg.rs:251:42
    |
251 |         const_bits: encode_const_coerced((*konst).constvalue, consttype, kind)?,
    |                                          ^^^^^^^^ dereference of raw pointer
    |
    = note: raw pointers may be null, dangling or unaligned; they can violate aliasing rules and cause data races: all of these are undefined behavior
    = note: for more information, see <https://doc.rust-lang.org/edition-guide/rust-2024/unsafe-op-in-unsafe-fn.html>

warning[E0133]: call to unsafe function `pgrx::FromDatum::from_datum` is unsafe and requires unsafe block
   --> src/am/columnar_agg.rs:270:20
    |
270 |         21 => V::I(i16::from_datum(datum, false)? as i128),
    |                    ^^^^^^^^^^^^^^^^^^^^^^^^^^^^^ call to unsafe function
    |
    = note: consult the function's documentation for information on how to avoid undefined behavior
note: an unsafe function restricts its caller, but its body is safe by default
   --> src/am/columnar_agg.rs:262:1
    |
262 | unsafe fn encode_const_coerced(datum: pg_sys::Datum, consttype: u32, target: MinMaxKind) -> Option<u64> {
    | ^^^^^^^^^^^^^^^^^^^^^^^^^^^^^^^^^^^^^^^^^^^^^^^^^^^^^^^^^^^^^^^^^^^^^^^^^^^^^^^^^^^^^^^^^^^^^^^^^^^^^^^
    = note: for more information, see <https://doc.rust-lang.org/edition-guide/rust-2024/unsafe-op-in-unsafe-fn.html>

warning[E0133]: call to unsafe function `pgrx::FromDatum::from_datum` is unsafe and requires unsafe block
   --> src/am/columnar_agg.rs:271:20
    |
271 |         23 => V::I(i32::from_datum(datum, false)? as i128),
    |                    ^^^^^^^^^^^^^^^^^^^^^^^^^^^^^ call to unsafe function
    |
    = note: consult the function's documentation for information on how to avoid undefined behavior
    = note: for more information, see <https://doc.rust-lang.org/edition-guide/rust-2024/unsafe-op-in-unsafe-fn.html>

warning[E0133]: call to unsafe function `pgrx::FromDatum::from_datum` is unsafe and requires unsafe block
   --> src/am/columnar_agg.rs:272:20
    |
272 |         20 => V::I(i64::from_datum(datum, false)? as i128),
    |                    ^^^^^^^^^^^^^^^^^^^^^^^^^^^^^ call to unsafe function
    |
    = note: consult the function's documentation for information on how to avoid undefined behavior
    = note: for more information, see <https://doc.rust-lang.org/edition-guide/rust-2024/unsafe-op-in-unsafe-fn.html>

warning[E0133]: call to unsafe function `pgrx::FromDatum::from_datum` is unsafe and requires unsafe block
   --> src/am/columnar_agg.rs:273:20
    |
273 |         16 => V::B(bool::from_datum(datum, false)?),
    |                    ^^^^^^^^^^^^^^^^^^^^^^^^^^^^^^ call to unsafe function
    |
    = note: consult the function's documentation for information on how to avoid undefined behavior
    = note: for more information, see <https://doc.rust-lang.org/edition-guide/rust-2024/unsafe-op-in-unsafe-fn.html>

warning[E0133]: call to unsafe function `pgrx::FromDatum::from_datum` is unsafe and requires unsafe block
   --> src/am/columnar_agg.rs:274:21
    |
274 |         700 => V::F(f32::from_datum(datum, false)? as f64),
    |                     ^^^^^^^^^^^^^^^^^^^^^^^^^^^^^ call to unsafe function
    |
    = note: consult the function's documentation for information on how to avoid undefined behavior
    = note: for more information, see <https://doc.rust-lang.org/edition-guide/rust-2024/unsafe-op-in-unsafe-fn.html>

warning[E0133]: call to unsafe function `pgrx::FromDatum::from_datum` is unsafe and requires unsafe block
   --> src/am/columnar_agg.rs:275:21
    |
275 |         701 => V::F(f64::from_datum(datum, false)?),
    |                     ^^^^^^^^^^^^^^^^^^^^^^^^^^^^^ call to unsafe function
    |
    = note: consult the function's documentation for information on how to avoid undefined behavior
    = note: for more information, see <https://doc.rust-lang.org/edition-guide/rust-2024/unsafe-op-in-unsafe-fn.html>

warning[E0133]: call to unsafe function `pgrx::FromDatum::from_datum` is unsafe and requires unsafe block
   --> src/am/columnar_agg.rs:276:29
    |
276 |         1114 | 1184 => V::I(i64::from_datum(datum, false)? as i128), // timestamp/tz μs
    |                             ^^^^^^^^^^^^^^^^^^^^^^^^^^^^^ call to unsafe function
    |
    = note: consult the function's documentation for information on how to avoid undefined behavior
    = note: for more information, see <https://doc.rust-lang.org/edition-guide/rust-2024/unsafe-op-in-unsafe-fn.html>

warning[E0133]: call to unsafe function `pgrx::FromDatum::from_datum` is unsafe and requires unsafe block
   --> src/am/columnar_agg.rs:277:22
    |
277 |         1082 => V::I(i32::from_datum(datum, false)? as i128),        // date days
    |                      ^^^^^^^^^^^^^^^^^^^^^^^^^^^^^ call to unsafe function
    |
    = note: consult the function's documentation for information on how to avoid undefined behavior
    = note: for more information, see <https://doc.rust-lang.org/edition-guide/rust-2024/unsafe-op-in-unsafe-fn.html>

warning[E0133]: call to unsafe function `pgrx::pg_sys::get_opname` is unsafe and requires unsafe block
   --> src/am/columnar_agg.rs:303:17
    |
303 |     let namep = pg_sys::get_opname(opno);
    |                 ^^^^^^^^^^^^^^^^^^^^^^^^ call to unsafe function
    |
    = note: consult the function's documentation for information on how to avoid undefined behavior
note: an unsafe function restricts its caller, but its body is safe by default
   --> src/am/columnar_agg.rs:299:1
    |
299 | unsafe fn classify_text_op(opno: pg_sys::Oid) -> Option<TextOp> {
    | ^^^^^^^^^^^^^^^^^^^^^^^^^^^^^^^^^^^^^^^^^^^^^^^^^^^^^^^^^^^^^^^
    = note: for more information, see <https://doc.rust-lang.org/edition-guide/rust-2024/unsafe-op-in-unsafe-fn.html>

warning[E0133]: call to unsafe function `std::ffi::CStr::from_ptr` is unsafe and requires unsafe block
   --> src/am/columnar_agg.rs:307:11
    |
307 |     match CStr::from_ptr(namep).to_str().ok()? {
    |           ^^^^^^^^^^^^^^^^^^^^^ call to unsafe function
    |
    = note: consult the function's documentation for information on how to avoid undefined behavior
    = note: for more information, see <https://doc.rust-lang.org/edition-guide/rust-2024/unsafe-op-in-unsafe-fn.html>

warning[E0133]: dereference of raw pointer is unsafe and requires unsafe block
   --> src/am/columnar_agg.rs:327:28
    |
327 |     if clause.is_null() || (*clause).type_ != pg_sys::NodeTag::T_OpExpr {
    |                            ^^^^^^^^^ dereference of raw pointer
    |
    = note: raw pointers may be null, dangling or unaligned; they can violate aliasing rules and cause data races: all of these are undefined behavior
note: an unsafe function restricts its caller, but its body is safe by default
   --> src/am/columnar_agg.rs:326:1
    |
326 | unsafe fn extract_text_predicate(clause: *mut pg_sys::Node, relid: i32) -> Option<TextPredicate> {
    | ^^^^^^^^^^^^^^^^^^^^^^^^^^^^^^^^^^^^^^^^^^^^^^^^^^^^^^^^^^^^^^^^^^^^^^^^^^^^^^^^^^^^^^^^^^^^^^^^
    = note: for more information, see <https://doc.rust-lang.org/edition-guide/rust-2024/unsafe-op-in-unsafe-fn.html>

warning[E0133]: call to unsafe function `pgrx::PgList::<T>::from_pg` is unsafe and requires unsafe block
   --> src/am/columnar_agg.rs:331:16
    |
331 |     let args = PgList::<pg_sys::Node>::from_pg((*op).args);
    |                ^^^^^^^^^^^^^^^^^^^^^^^^^^^^^^^^^^^^^^^^^^^ call to unsafe function
    |
    = note: consult the function's documentation for information on how to avoid undefined behavior
    = note: for more information, see <https://doc.rust-lang.org/edition-guide/rust-2024/unsafe-op-in-unsafe-fn.html>

warning[E0133]: dereference of raw pointer is unsafe and requires unsafe block
   --> src/am/columnar_agg.rs:331:48
    |
331 |     let args = PgList::<pg_sys::Node>::from_pg((*op).args);
    |                                                ^^^^^ dereference of raw pointer
    |
    = note: raw pointers may be null, dangling or unaligned; they can violate aliasing rules and cause data races: all of these are undefined behavior
    = note: for more information, see <https://doc.rust-lang.org/edition-guide/rust-2024/unsafe-op-in-unsafe-fn.html>

warning[E0133]: dereference of raw pointer is unsafe and requires unsafe block
   --> src/am/columnar_agg.rs:337:8
    |
337 |     if (*a0).type_ != pg_sys::NodeTag::T_Var || (*a1).type_ != pg_sys::NodeTag::T_Const {
    |        ^^^^^ dereference of raw pointer
    |
    = note: raw pointers may be null, dangling or unaligned; they can violate aliasing rules and cause data races: all of these are undefined behavior
    = note: for more information, see <https://doc.rust-lang.org/edition-guide/rust-2024/unsafe-op-in-unsafe-fn.html>

warning[E0133]: dereference of raw pointer is unsafe and requires unsafe block
   --> src/am/columnar_agg.rs:337:49
    |
337 |     if (*a0).type_ != pg_sys::NodeTag::T_Var || (*a1).type_ != pg_sys::NodeTag::T_Const {
    |                                                 ^^^^^ dereference of raw pointer
    |
    = note: raw pointers may be null, dangling or unaligned; they can violate aliasing rules and cause data races: all of these are undefined behavior
    = note: for more information, see <https://doc.rust-lang.org/edition-guide/rust-2024/unsafe-op-in-unsafe-fn.html>

warning[E0133]: dereference of raw pointer is unsafe and requires unsafe block
   --> src/am/columnar_agg.rs:342:8
    |
342 |     if (*var).varno as i32 != relid || (*konst).constisnull {
    |        ^^^^^^ dereference of raw pointer
    |
    = note: raw pointers may be null, dangling or unaligned; they can violate aliasing rules and cause data races: all of these are undefined behavior
    = note: for more information, see <https://doc.rust-lang.org/edition-guide/rust-2024/unsafe-op-in-unsafe-fn.html>

warning[E0133]: dereference of raw pointer is unsafe and requires unsafe block
   --> src/am/columnar_agg.rs:342:40
    |
342 |     if (*var).varno as i32 != relid || (*konst).constisnull {
    |                                        ^^^^^^^^ dereference of raw pointer
    |
    = note: raw pointers may be null, dangling or unaligned; they can violate aliasing rules and cause data races: all of these are undefined behavior
    = note: for more information, see <https://doc.rust-lang.org/edition-guide/rust-2024/unsafe-op-in-unsafe-fn.html>

warning[E0133]: dereference of raw pointer is unsafe and requires unsafe block
   --> src/am/columnar_agg.rs:345:19
    |
345 |     let vartype = (*var).vartype.to_u32();
    |                   ^^^^^^ dereference of raw pointer
    |
    = note: raw pointers may be null, dangling or unaligned; they can violate aliasing rules and cause data races: all of these are undefined behavior
    = note: for more information, see <https://doc.rust-lang.org/edition-guide/rust-2024/unsafe-op-in-unsafe-fn.html>

warning[E0133]: dereference of raw pointer is unsafe and requires unsafe block
   --> src/am/columnar_agg.rs:349:21
    |
349 |     let consttype = (*konst).consttype.to_u32();
    |                     ^^^^^^^^ dereference of raw pointer
    |
    = note: raw pointers may be null, dangling or unaligned; they can violate aliasing rules and cause data races: all of these are undefined behavior
    = note: for more information, see <https://doc.rust-lang.org/edition-guide/rust-2024/unsafe-op-in-unsafe-fn.html>

warning[E0133]: dereference of raw pointer is unsafe and requires unsafe block
   --> src/am/columnar_agg.rs:355:18
    |
355 |     let collid = (*op).inputcollid;
    |                  ^^^^^ dereference of raw pointer
    |
    = note: raw pointers may be null, dangling or unaligned; they can violate aliasing rules and cause data races: all of these are undefined behavior
    = note: for more information, see <https://doc.rust-lang.org/edition-guide/rust-2024/unsafe-op-in-unsafe-fn.html>

warning[E0133]: call to unsafe function `pgrx::pg_sys::get_collation_isdeterministic` is unsafe and requires unsafe block
   --> src/am/columnar_agg.rs:356:41
    |
356 |     if collid != pg_sys::InvalidOid && !pg_sys::get_collation_isdeterministic(collid) {
    |                                         ^^^^^^^^^^^^^^^^^^^^^^^^^^^^^^^^^^^^^^^^^^^^^ call to unsafe function
    |
    = note: consult the function's documentation for information on how to avoid undefined behavior
    = note: for more information, see <https://doc.rust-lang.org/edition-guide/rust-2024/unsafe-op-in-unsafe-fn.html>

warning[E0133]: call to unsafe function `am::columnar_agg::classify_text_op` is unsafe and requires unsafe block
   --> src/am/columnar_agg.rs:360:19
    |
360 |     let text_op = classify_text_op((*op).opno)?;
    |                   ^^^^^^^^^^^^^^^^^^^^^^^^^^^^ call to unsafe function
    |
    = note: consult the function's documentation for information on how to avoid undefined behavior
    = note: for more information, see <https://doc.rust-lang.org/edition-guide/rust-2024/unsafe-op-in-unsafe-fn.html>

warning[E0133]: dereference of raw pointer is unsafe and requires unsafe block
   --> src/am/columnar_agg.rs:360:36
    |
360 |     let text_op = classify_text_op((*op).opno)?;
    |                                    ^^^^^ dereference of raw pointer
    |
    = note: raw pointers may be null, dangling or unaligned; they can violate aliasing rules and cause data races: all of these are undefined behavior
    = note: for more information, see <https://doc.rust-lang.org/edition-guide/rust-2024/unsafe-op-in-unsafe-fn.html>

warning[E0133]: dereference of raw pointer is unsafe and requires unsafe block
   --> src/am/columnar_agg.rs:361:8
    |
361 |     if (*var).varattno < 1 {
    |        ^^^^^^ dereference of raw pointer
    |
    = note: raw pointers may be null, dangling or unaligned; they can violate aliasing rules and cause data races: all of these are undefined behavior
    = note: for more information, see <https://doc.rust-lang.org/edition-guide/rust-2024/unsafe-op-in-unsafe-fn.html>

warning[E0133]: call to unsafe function `pgrx::pg_sys::text_to_cstring` is unsafe and requires unsafe block
   --> src/am/columnar_agg.rs:369:16
    |
369 |     let cstr = pg_sys::text_to_cstring((*konst).constvalue.cast_mut_ptr::<pg_sys::text>());
    |                ^^^^^^^^^^^^^^^^^^^^^^^^^^^^^^^^^^^^^^^^^^^^^^^^^^^^^^^^^^^^^^^^^^^^^^^^^^^ call to unsafe function
    |
    = note: consult the function's documentation for information on how to avoid undefined behavior
    = note: for more information, see <https://doc.rust-lang.org/edition-guide/rust-2024/unsafe-op-in-unsafe-fn.html>

warning[E0133]: dereference of raw pointer is unsafe and requires unsafe block
   --> src/am/columnar_agg.rs:369:40
    |
369 |     let cstr = pg_sys::text_to_cstring((*konst).constvalue.cast_mut_ptr::<pg_sys::text>());
    |                                        ^^^^^^^^ dereference of raw pointer
    |
    = note: raw pointers may be null, dangling or unaligned; they can violate aliasing rules and cause data races: all of these are undefined behavior
    = note: for more information, see <https://doc.rust-lang.org/edition-guide/rust-2024/unsafe-op-in-unsafe-fn.html>

warning[E0133]: call to unsafe function `std::ffi::CStr::from_ptr` is unsafe and requires unsafe block
   --> src/am/columnar_agg.rs:370:18
    |
370 |     let needle = CStr::from_ptr(cstr).to_str().ok()?.to_owned();
    |                  ^^^^^^^^^^^^^^^^^^^^ call to unsafe function
    |
    = note: consult the function's documentation for information on how to avoid undefined behavior
    = note: for more information, see <https://doc.rust-lang.org/edition-guide/rust-2024/unsafe-op-in-unsafe-fn.html>

warning[E0133]: dereference of raw pointer is unsafe and requires unsafe block
   --> src/am/columnar_agg.rs:382:16
    |
382 |     let col = ((*var).varattno as i32) - 1; // 1-based AttrNumber → 0-based (varattno ≥ 1 checked above)
    |                ^^^^^^ dereference of raw pointer
    |
    = note: raw pointers may be null, dangling or unaligned; they can violate aliasing rules and cause data races: all of these are undefined behavior
    = note: for more information, see <https://doc.rust-lang.org/edition-guide/rust-2024/unsafe-op-in-unsafe-fn.html>

warning[E0133]: call to unsafe function `pgrx::PgList::<T>::from_pg` is unsafe and requires unsafe block
   --> src/am/columnar_agg.rs:394:15
    |
394 |     let ris = PgList::<pg_sys::RestrictInfo>::from_pg((*input_rel).baserestrictinfo);
    |               ^^^^^^^^^^^^^^^^^^^^^^^^^^^^^^^^^^^^^^^^^^^^^^^^^^^^^^^^^^^^^^^^^^^^^^ call to unsafe function
    |
    = note: consult the function's documentation for information on how to avoid undefined behavior
note: an unsafe function restricts its caller, but its body is safe by default
   --> src/am/columnar_agg.rs:390:1
    |
390 | / unsafe fn extract_all_predicates(
391 | |     input_rel: *mut pg_sys::RelOptInfo,
392 | |     relid: i32,
393 | | ) -> Option<(Vec<ZonePredicate>, Vec<TextPredicate>)> {
    | |_____________________________________________________^
    = note: for more information, see <https://doc.rust-lang.org/edition-guide/rust-2024/unsafe-op-in-unsafe-fn.html>

warning[E0133]: dereference of raw pointer is unsafe and requires unsafe block
   --> src/am/columnar_agg.rs:394:55
    |
394 |     let ris = PgList::<pg_sys::RestrictInfo>::from_pg((*input_rel).baserestrictinfo);
    |                                                       ^^^^^^^^^^^^ dereference of raw pointer
    |
    = note: raw pointers may be null, dangling or unaligned; they can violate aliasing rules and cause data races: all of these are undefined behavior
    = note: for more information, see <https://doc.rust-lang.org/edition-guide/rust-2024/unsafe-op-in-unsafe-fn.html>

warning[E0133]: dereference of raw pointer is unsafe and requires unsafe block
   --> src/am/columnar_agg.rs:399:22
    |
399 |         let clause = (*ri).clause as *mut pg_sys::Node;
    |                      ^^^^^ dereference of raw pointer
    |
    = note: raw pointers may be null, dangling or unaligned; they can violate aliasing rules and cause data races: all of these are undefined behavior
    = note: for more information, see <https://doc.rust-lang.org/edition-guide/rust-2024/unsafe-op-in-unsafe-fn.html>

warning[E0133]: call to unsafe function `am::columnar_agg::extract_zone_predicate` is unsafe and requires unsafe block
   --> src/am/columnar_agg.rs:400:26
    |
400 |         if let Some(z) = extract_zone_predicate(clause, relid) {
    |                          ^^^^^^^^^^^^^^^^^^^^^^^^^^^^^^^^^^^^^ call to unsafe function
    |
    = note: consult the function's documentation for information on how to avoid undefined behavior
    = note: for more information, see <https://doc.rust-lang.org/edition-guide/rust-2024/unsafe-op-in-unsafe-fn.html>

warning[E0133]: call to unsafe function `am::columnar_agg::extract_text_predicate` is unsafe and requires unsafe block
   --> src/am/columnar_agg.rs:402:33
    |
402 |         } else if let Some(t) = extract_text_predicate(clause, relid) {
    |                                 ^^^^^^^^^^^^^^^^^^^^^^^^^^^^^^^^^^^^^ call to unsafe function
    |
    = note: consult the function's documentation for information on how to avoid undefined behavior
    = note: for more information, see <https://doc.rust-lang.org/edition-guide/rust-2024/unsafe-op-in-unsafe-fn.html>

warning[E0133]: dereference of raw pointer is unsafe and requires unsafe block
   --> src/am/columnar_agg.rs:512:8
    |
512 |     if (*node).type_ == pg_sys::NodeTag::T_Var {
    |        ^^^^^^^ dereference of raw pointer
    |
    = note: raw pointers may be null, dangling or unaligned; they can violate aliasing rules and cause data races: all of these are undefined behavior
note: an unsafe function restricts its caller, but its body is safe by default
   --> src/am/columnar_agg.rs:507:1
    |
507 | / unsafe fn classify_target_node(
508 | |     node: *mut pg_sys::Node,
509 | |     relid: i32,
510 | |     grouped: bool,
511 | | ) -> Option<TargetSlot> {
    | |_______________________^
    = note: for more information, see <https://doc.rust-lang.org/edition-guide/rust-2024/unsafe-op-in-unsafe-fn.html>

warning[E0133]: dereference of raw pointer is unsafe and requires unsafe block
   --> src/am/columnar_agg.rs:519:12
    |
519 |         if (*var).varno as i32 != relid {
    |            ^^^^^^ dereference of raw pointer
    |
    = note: raw pointers may be null, dangling or unaligned; they can violate aliasing rules and cause data races: all of these are undefined behavior
    = note: for more information, see <https://doc.rust-lang.org/edition-guide/rust-2024/unsafe-op-in-unsafe-fn.html>

warning[E0133]: dereference of raw pointer is unsafe and requires unsafe block
   --> src/am/columnar_agg.rs:522:21
    |
522 |         let attno = (*var).varattno as i32;
    |                     ^^^^^^ dereference of raw pointer
    |
    = note: raw pointers may be null, dangling or unaligned; they can violate aliasing rules and cause data races: all of these are undefined behavior
    = note: for more information, see <https://doc.rust-lang.org/edition-guide/rust-2024/unsafe-op-in-unsafe-fn.html>

warning[E0133]: dereference of raw pointer is unsafe and requires unsafe block
   --> src/am/columnar_agg.rs:526:60
    |
526 |         if !super::df_executor::arrow_supported_group_type((*var).vartype.to_u32()) {
    |                                                            ^^^^^^ dereference of raw pointer
    |
    = note: raw pointers may be null, dangling or unaligned; they can violate aliasing rules and cause data races: all of these are undefined behavior
    = note: for more information, see <https://doc.rust-lang.org/edition-guide/rust-2024/unsafe-op-in-unsafe-fn.html>

warning[E0133]: dereference of raw pointer is unsafe and requires unsafe block
   --> src/am/columnar_agg.rs:534:12
    |
534 |         if (*var).varcollid != pg_sys::InvalidOid
    |            ^^^^^^ dereference of raw pointer
    |
    = note: raw pointers may be null, dangling or unaligned; they can violate aliasing rules and cause data races: all of these are undefined behavior
    = note: for more information, see <https://doc.rust-lang.org/edition-guide/rust-2024/unsafe-op-in-unsafe-fn.html>

warning[E0133]: call to unsafe function `pgrx::pg_sys::get_collation_isdeterministic` is unsafe and requires unsafe block
   --> src/am/columnar_agg.rs:535:17
    |
535 |             && !pg_sys::get_collation_isdeterministic((*var).varcollid)
    |                 ^^^^^^^^^^^^^^^^^^^^^^^^^^^^^^^^^^^^^^^^^^^^^^^^^^^^^^^ call to unsafe function
    |
    = note: consult the function's documentation for information on how to avoid undefined behavior
    = note: for more information, see <https://doc.rust-lang.org/edition-guide/rust-2024/unsafe-op-in-unsafe-fn.html>

warning[E0133]: dereference of raw pointer is unsafe and requires unsafe block
   --> src/am/columnar_agg.rs:535:55
    |
535 |             && !pg_sys::get_collation_isdeterministic((*var).varcollid)
    |                                                       ^^^^^^ dereference of raw pointer
    |
    = note: raw pointers may be null, dangling or unaligned; they can violate aliasing rules and cause data races: all of these are undefined behavior
    = note: for more information, see <https://doc.rust-lang.org/edition-guide/rust-2024/unsafe-op-in-unsafe-fn.html>

warning[E0133]: dereference of raw pointer is unsafe and requires unsafe block
   --> src/am/columnar_agg.rs:540:39
    |
540 |         Some(TargetSlot::Group(attno, (*var).vartype.to_u32()))
    |                                       ^^^^^^ dereference of raw pointer
    |
    = note: raw pointers may be null, dangling or unaligned; they can violate aliasing rules and cause data races: all of these are undefined behavior
    = note: for more information, see <https://doc.rust-lang.org/edition-guide/rust-2024/unsafe-op-in-unsafe-fn.html>

warning[E0133]: dereference of raw pointer is unsafe and requires unsafe block
   --> src/am/columnar_agg.rs:541:15
    |
541 |     } else if (*node).type_ == pg_sys::NodeTag::T_FuncExpr {
    |               ^^^^^^^ dereference of raw pointer
    |
    = note: raw pointers may be null, dangling or unaligned; they can violate aliasing rules and cause data races: all of these are undefined behavior
    = note: for more information, see <https://doc.rust-lang.org/edition-guide/rust-2024/unsafe-op-in-unsafe-fn.html>

warning[E0133]: call to unsafe function `pgrx::pg_sys::get_func_name` is unsafe and requires unsafe block
   --> src/am/columnar_agg.rs:548:22
    |
548 |         let fnamep = pg_sys::get_func_name((*fe).funcid);
    |                      ^^^^^^^^^^^^^^^^^^^^^^^^^^^^^^^^^^^ call to unsafe function
    |
    = note: consult the function's documentation for information on how to avoid undefined behavior
    = note: for more information, see <https://doc.rust-lang.org/edition-guide/rust-2024/unsafe-op-in-unsafe-fn.html>

warning[E0133]: dereference of raw pointer is unsafe and requires unsafe block
   --> src/am/columnar_agg.rs:548:44
    |
548 |         let fnamep = pg_sys::get_func_name((*fe).funcid);
    |                                            ^^^^^ dereference of raw pointer
    |
    = note: raw pointers may be null, dangling or unaligned; they can violate aliasing rules and cause data races: all of these are undefined behavior
    = note: for more information, see <https://doc.rust-lang.org/edition-guide/rust-2024/unsafe-op-in-unsafe-fn.html>

warning[E0133]: call to unsafe function `std::ffi::CStr::from_ptr` is unsafe and requires unsafe block
   --> src/am/columnar_agg.rs:549:32
    |
549 |         if fnamep.is_null() || CStr::from_ptr(fnamep).to_string_lossy() != "date_trunc" {
    |                                ^^^^^^^^^^^^^^^^^^^^^^ call to unsafe function
    |
    = note: consult the function's documentation for information on how to avoid undefined behavior
    = note: for more information, see <https://doc.rust-lang.org/edition-guide/rust-2024/unsafe-op-in-unsafe-fn.html>

warning[E0133]: call to unsafe function `pgrx::PgList::<T>::from_pg` is unsafe and requires unsafe block
   --> src/am/columnar_agg.rs:553:20
    |
553 |         let args = PgList::<pg_sys::Node>::from_pg((*fe).args);
    |                    ^^^^^^^^^^^^^^^^^^^^^^^^^^^^^^^^^^^^^^^^^^^ call to unsafe function
    |
    = note: consult the function's documentation for information on how to avoid undefined behavior
    = note: for more information, see <https://doc.rust-lang.org/edition-guide/rust-2024/unsafe-op-in-unsafe-fn.html>

warning[E0133]: dereference of raw pointer is unsafe and requires unsafe block
   --> src/am/columnar_agg.rs:553:52
    |
553 |         let args = PgList::<pg_sys::Node>::from_pg((*fe).args);
    |                                                    ^^^^^ dereference of raw pointer
    |
    = note: raw pointers may be null, dangling or unaligned; they can violate aliasing rules and cause data races: all of these are undefined behavior
    = note: for more information, see <https://doc.rust-lang.org/edition-guide/rust-2024/unsafe-op-in-unsafe-fn.html>

warning[E0133]: dereference of raw pointer is unsafe and requires unsafe block
   --> src/am/columnar_agg.rs:559:12
    |
559 |         if (*a0).type_ != pg_sys::NodeTag::T_Const {
    |            ^^^^^ dereference of raw pointer
    |
    = note: raw pointers may be null, dangling or unaligned; they can violate aliasing rules and cause data races: all of these are undefined behavior
    = note: for more information, see <https://doc.rust-lang.org/edition-guide/rust-2024/unsafe-op-in-unsafe-fn.html>

warning[E0133]: dereference of raw pointer is unsafe and requires unsafe block
   --> src/am/columnar_agg.rs:563:18
    |
563 |         let ut = (*unit_const).consttype.to_u32();
    |                  ^^^^^^^^^^^^^ dereference of raw pointer
    |
    = note: raw pointers may be null, dangling or unaligned; they can violate aliasing rules and cause data races: all of these are undefined behavior
    = note: for more information, see <https://doc.rust-lang.org/edition-guide/rust-2024/unsafe-op-in-unsafe-fn.html>

warning[E0133]: dereference of raw pointer is unsafe and requires unsafe block
   --> src/am/columnar_agg.rs:564:12
    |
564 |         if (*unit_const).constisnull || (ut != 25 && ut != 1043) {
    |            ^^^^^^^^^^^^^ dereference of raw pointer
    |
    = note: raw pointers may be null, dangling or unaligned; they can violate aliasing rules and cause data races: all of these are undefined behavior
    = note: for more information, see <https://doc.rust-lang.org/edition-guide/rust-2024/unsafe-op-in-unsafe-fn.html>

warning[E0133]: call to unsafe function `pgrx::pg_sys::text_to_cstring` is unsafe and requires unsafe block
   --> src/am/columnar_agg.rs:567:25
    |
567 |         let unit_cstr = pg_sys::text_to_cstring((*unit_const).constvalue.cast_mut_ptr::<pg_sys::text>());
    |                         ^^^^^^^^^^^^^^^^^^^^^^^^^^^^^^^^^^^^^^^^^^^^^^^^^^^^^^^^^^^^^^^^^^^^^^^^^^^^^^^^ call to unsafe function
    |
    = note: consult the function's documentation for information on how to avoid undefined behavior
    = note: for more information, see <https://doc.rust-lang.org/edition-guide/rust-2024/unsafe-op-in-unsafe-fn.html>

warning[E0133]: dereference of raw pointer is unsafe and requires unsafe block
   --> src/am/columnar_agg.rs:567:49
    |
567 |         let unit_cstr = pg_sys::text_to_cstring((*unit_const).constvalue.cast_mut_ptr::<pg_sys::text>());
    |                                                 ^^^^^^^^^^^^^ dereference of raw pointer
    |
    = note: raw pointers may be null, dangling or unaligned; they can violate aliasing rules and cause data races: all of these are undefined behavior
    = note: for more information, see <https://doc.rust-lang.org/edition-guide/rust-2024/unsafe-op-in-unsafe-fn.html>

warning[E0133]: call to unsafe function `std::ffi::CStr::from_ptr` is unsafe and requires unsafe block
   --> src/am/columnar_agg.rs:568:20
    |
568 |         let unit = CStr::from_ptr(unit_cstr).to_str().ok()?.to_ascii_lowercase();
    |                    ^^^^^^^^^^^^^^^^^^^^^^^^^ call to unsafe function
    |
    = note: consult the function's documentation for information on how to avoid undefined behavior
    = note: for more information, see <https://doc.rust-lang.org/edition-guide/rust-2024/unsafe-op-in-unsafe-fn.html>

warning[E0133]: dereference of raw pointer is unsafe and requires unsafe block
   --> src/am/columnar_agg.rs:577:12
    |
577 |         if (*a1).type_ != pg_sys::NodeTag::T_Var {
    |            ^^^^^ dereference of raw pointer
    |
    = note: raw pointers may be null, dangling or unaligned; they can violate aliasing rules and cause data races: all of these are undefined behavior
    = note: for more information, see <https://doc.rust-lang.org/edition-guide/rust-2024/unsafe-op-in-unsafe-fn.html>

warning[E0133]: dereference of raw pointer is unsafe and requires unsafe block
   --> src/am/columnar_agg.rs:581:12
    |
581 |         if (*var).varno as i32 != relid {
    |            ^^^^^^ dereference of raw pointer
    |
    = note: raw pointers may be null, dangling or unaligned; they can violate aliasing rules and cause data races: all of these are undefined behavior
    = note: for more information, see <https://doc.rust-lang.org/edition-guide/rust-2024/unsafe-op-in-unsafe-fn.html>

warning[E0133]: dereference of raw pointer is unsafe and requires unsafe block
   --> src/am/columnar_agg.rs:584:26
    |
584 |         let base_attno = (*var).varattno as i32;
    |                          ^^^^^^ dereference of raw pointer
    |
    = note: raw pointers may be null, dangling or unaligned; they can violate aliasing rules and cause data races: all of these are undefined behavior
    = note: for more information, see <https://doc.rust-lang.org/edition-guide/rust-2024/unsafe-op-in-unsafe-fn.html>

warning[E0133]: dereference of raw pointer is unsafe and requires unsafe block
   --> src/am/columnar_agg.rs:588:12
    |
588 |         if (*var).vartype.to_u32() != 1114 {
    |            ^^^^^^ dereference of raw pointer
    |
    = note: raw pointers may be null, dangling or unaligned; they can violate aliasing rules and cause data races: all of these are undefined behavior
    = note: for more information, see <https://doc.rust-lang.org/edition-guide/rust-2024/unsafe-op-in-unsafe-fn.html>

warning[E0133]: dereference of raw pointer is unsafe and requires unsafe block
   --> src/am/columnar_agg.rs:598:15
    |
598 |     } else if (*node).type_ == pg_sys::NodeTag::T_Aggref {
    |               ^^^^^^^ dereference of raw pointer
    |
    = note: raw pointers may be null, dangling or unaligned; they can violate aliasing rules and cause data races: all of these are undefined behavior
    = note: for more information, see <https://doc.rust-lang.org/edition-guide/rust-2024/unsafe-op-in-unsafe-fn.html>

warning[E0133]: dereference of raw pointer is unsafe and requires unsafe block
   --> src/am/columnar_agg.rs:602:13
    |
602 |         if !(*agg).aggfilter.is_null() || !(*agg).aggorder.is_null() {
    |             ^^^^^^ dereference of raw pointer
    |
    = note: raw pointers may be null, dangling or unaligned; they can violate aliasing rules and cause data races: all of these are undefined behavior
    = note: for more information, see <https://doc.rust-lang.org/edition-guide/rust-2024/unsafe-op-in-unsafe-fn.html>

warning[E0133]: dereference of raw pointer is unsafe and requires unsafe block
   --> src/am/columnar_agg.rs:602:44
    |
602 |         if !(*agg).aggfilter.is_null() || !(*agg).aggorder.is_null() {
    |                                            ^^^^^^ dereference of raw pointer
    |
    = note: raw pointers may be null, dangling or unaligned; they can violate aliasing rules and cause data races: all of these are undefined behavior
    = note: for more information, see <https://doc.rust-lang.org/edition-guide/rust-2024/unsafe-op-in-unsafe-fn.html>

warning[E0133]: dereference of raw pointer is unsafe and requires unsafe block
   --> src/am/columnar_agg.rs:606:29
    |
606 |         let has_distinct = !(*agg).aggdistinct.is_null();
    |                             ^^^^^^ dereference of raw pointer
    |
    = note: raw pointers may be null, dangling or unaligned; they can violate aliasing rules and cause data races: all of these are undefined behavior
    = note: for more information, see <https://doc.rust-lang.org/edition-guide/rust-2024/unsafe-op-in-unsafe-fn.html>

warning[E0133]: dereference of raw pointer is unsafe and requires unsafe block
   --> src/am/columnar_agg.rs:609:12
    |
609 |         if (*agg).aggsplit != pg_sys::AggSplit::AGGSPLIT_SIMPLE {
    |            ^^^^^^ dereference of raw pointer
    |
    = note: raw pointers may be null, dangling or unaligned; they can violate aliasing rules and cause data races: all of these are undefined behavior
    = note: for more information, see <https://doc.rust-lang.org/edition-guide/rust-2024/unsafe-op-in-unsafe-fn.html>

warning[E0133]: call to unsafe function `pgrx::pg_sys::get_func_name` is unsafe and requires unsafe block
   --> src/am/columnar_agg.rs:612:21
    |
612 |         let fname = pg_sys::get_func_name((*agg).aggfnoid);
    |                     ^^^^^^^^^^^^^^^^^^^^^^^^^^^^^^^^^^^^^^ call to unsafe function
    |
    = note: consult the function's documentation for information on how to avoid undefined behavior
    = note: for more information, see <https://doc.rust-lang.org/edition-guide/rust-2024/unsafe-op-in-unsafe-fn.html>

warning[E0133]: dereference of raw pointer is unsafe and requires unsafe block
   --> src/am/columnar_agg.rs:612:43
    |
612 |         let fname = pg_sys::get_func_name((*agg).aggfnoid);
    |                                           ^^^^^^ dereference of raw pointer
    |
    = note: raw pointers may be null, dangling or unaligned; they can violate aliasing rules and cause data races: all of these are undefined behavior
    = note: for more information, see <https://doc.rust-lang.org/edition-guide/rust-2024/unsafe-op-in-unsafe-fn.html>

warning[E0133]: call to unsafe function `std::ffi::CStr::from_ptr` is unsafe and requires unsafe block
   --> src/am/columnar_agg.rs:616:20
    |
616 |         let name = CStr::from_ptr(fname).to_string_lossy();
    |                    ^^^^^^^^^^^^^^^^^^^^^ call to unsafe function
    |
    = note: consult the function's documentation for information on how to avoid undefined behavior
    = note: for more information, see <https://doc.rust-lang.org/edition-guide/rust-2024/unsafe-op-in-unsafe-fn.html>

warning[E0133]: dereference of raw pointer is unsafe and requires unsafe block
   --> src/am/columnar_agg.rs:617:31
    |
617 |         if name == "count" && (*agg).aggstar {
    |                               ^^^^^^ dereference of raw pointer
    |
    = note: raw pointers may be null, dangling or unaligned; they can violate aliasing rules and cause data races: all of these are undefined behavior
    = note: for more information, see <https://doc.rust-lang.org/edition-guide/rust-2024/unsafe-op-in-unsafe-fn.html>

warning[E0133]: call to unsafe function `pgrx::PgList::<T>::from_pg` is unsafe and requires unsafe block
   --> src/am/columnar_agg.rs:624:24
    |
624 |             let args = PgList::<pg_sys::TargetEntry>::from_pg((*agg).args);
    |                        ^^^^^^^^^^^^^^^^^^^^^^^^^^^^^^^^^^^^^^^^^^^^^^^^^^^ call to unsafe function
    |
    = note: consult the function's documentation for information on how to avoid undefined behavior
    = note: for more information, see <https://doc.rust-lang.org/edition-guide/rust-2024/unsafe-op-in-unsafe-fn.html>

warning[E0133]: dereference of raw pointer is unsafe and requires unsafe block
   --> src/am/columnar_agg.rs:624:63
    |
624 |             let args = PgList::<pg_sys::TargetEntry>::from_pg((*agg).args);
    |                                                               ^^^^^^ dereference of raw pointer
    |
    = note: raw pointers may be null, dangling or unaligned; they can violate aliasing rules and cause data races: all of these are undefined behavior
    = note: for more information, see <https://doc.rust-lang.org/edition-guide/rust-2024/unsafe-op-in-unsafe-fn.html>

warning[E0133]: dereference of raw pointer is unsafe and requires unsafe block
   --> src/am/columnar_agg.rs:630:21
    |
630 |             let e = (*te).expr as *mut pg_sys::Node;
    |                     ^^^^^ dereference of raw pointer
    |
    = note: raw pointers may be null, dangling or unaligned; they can violate aliasing rules and cause data races: all of these are undefined behavior
    = note: for more information, see <https://doc.rust-lang.org/edition-guide/rust-2024/unsafe-op-in-unsafe-fn.html>

warning[E0133]: dereference of raw pointer is unsafe and requires unsafe block
   --> src/am/columnar_agg.rs:631:31
    |
631 |             if e.is_null() || (*e).type_ != pg_sys::NodeTag::T_Var {
    |                               ^^^^ dereference of raw pointer
    |
    = note: raw pointers may be null, dangling or unaligned; they can violate aliasing rules and cause data races: all of these are undefined behavior
    = note: for more information, see <https://doc.rust-lang.org/edition-guide/rust-2024/unsafe-op-in-unsafe-fn.html>

warning[E0133]: dereference of raw pointer is unsafe and requires unsafe block
   --> src/am/columnar_agg.rs:636:16
    |
636 |             if (*var).varno as i32 != relid {
    |                ^^^^^^ dereference of raw pointer
    |
    = note: raw pointers may be null, dangling or unaligned; they can violate aliasing rules and cause data races: all of these are undefined behavior
    = note: for more information, see <https://doc.rust-lang.org/edition-guide/rust-2024/unsafe-op-in-unsafe-fn.html>

warning[E0133]: dereference of raw pointer is unsafe and requires unsafe block
   --> src/am/columnar_agg.rs:639:25
    |
639 |             let attno = (*var).varattno as i32;
    |                         ^^^^^^ dereference of raw pointer
    |
    = note: raw pointers may be null, dangling or unaligned; they can violate aliasing rules and cause data races: all of these are undefined behavior
    = note: for more information, see <https://doc.rust-lang.org/edition-guide/rust-2024/unsafe-op-in-unsafe-fn.html>

warning[E0133]: dereference of raw pointer is unsafe and requires unsafe block
   --> src/am/columnar_agg.rs:643:64
    |
643 |             if !super::df_executor::arrow_supported_group_type((*var).vartype.to_u32()) {
    |                                                                ^^^^^^ dereference of raw pointer
    |
    = note: raw pointers may be null, dangling or unaligned; they can violate aliasing rules and cause data races: all of these are undefined behavior
    = note: for more information, see <https://doc.rust-lang.org/edition-guide/rust-2024/unsafe-op-in-unsafe-fn.html>

warning[E0133]: dereference of raw pointer is unsafe and requires unsafe block
   --> src/am/columnar_agg.rs:650:22
    |
650 |             let vt = (*var).vartype;
    |                      ^^^^^^ dereference of raw pointer
    |
    = note: raw pointers may be null, dangling or unaligned; they can violate aliasing rules and cause data races: all of these are undefined behavior
    = note: for more information, see <https://doc.rust-lang.org/edition-guide/rust-2024/unsafe-op-in-unsafe-fn.html>

warning[E0133]: dereference of raw pointer is unsafe and requires unsafe block
   --> src/am/columnar_agg.rs:658:24
    |
658 |             let coll = (*agg).inputcollid;
    |                        ^^^^^^ dereference of raw pointer
    |
    = note: raw pointers may be null, dangling or unaligned; they can violate aliasing rules and cause data races: all of these are undefined behavior
    = note: for more information, see <https://doc.rust-lang.org/edition-guide/rust-2024/unsafe-op-in-unsafe-fn.html>

warning[E0133]: call to unsafe function `pgrx::pg_sys::get_collation_isdeterministic` is unsafe and requires unsafe block
   --> src/am/columnar_agg.rs:659:47
    |
659 |             if coll != pg_sys::InvalidOid && !pg_sys::get_collation_isdeterministic(coll) {
    |                                               ^^^^^^^^^^^^^^^^^^^^^^^^^^^^^^^^^^^^^^^^^^^ call to unsafe function
    |
    = note: consult the function's documentation for information on how to avoid undefined behavior
    = note: for more information, see <https://doc.rust-lang.org/edition-guide/rust-2024/unsafe-op-in-unsafe-fn.html>

warning[E0133]: call to unsafe function `pgrx::PgList::<T>::from_pg` is unsafe and requires unsafe block
   --> src/am/columnar_agg.rs:665:24
    |
665 |             let args = PgList::<pg_sys::TargetEntry>::from_pg((*agg).args);
    |                        ^^^^^^^^^^^^^^^^^^^^^^^^^^^^^^^^^^^^^^^^^^^^^^^^^^^ call to unsafe function
    |
    = note: consult the function's documentation for information on how to avoid undefined behavior
    = note: for more information, see <https://doc.rust-lang.org/edition-guide/rust-2024/unsafe-op-in-unsafe-fn.html>

warning[E0133]: dereference of raw pointer is unsafe and requires unsafe block
   --> src/am/columnar_agg.rs:665:63
    |
665 |             let args = PgList::<pg_sys::TargetEntry>::from_pg((*agg).args);
    |                                                               ^^^^^^ dereference of raw pointer
    |
    = note: raw pointers may be null, dangling or unaligned; they can violate aliasing rules and cause data races: all of these are undefined behavior
    = note: for more information, see <https://doc.rust-lang.org/edition-guide/rust-2024/unsafe-op-in-unsafe-fn.html>

warning[E0133]: dereference of raw pointer is unsafe and requires unsafe block
   --> src/am/columnar_agg.rs:670:21
    |
670 |             let e = (*te).expr as *mut pg_sys::Node;
    |                     ^^^^^ dereference of raw pointer
    |
    = note: raw pointers may be null, dangling or unaligned; they can violate aliasing rules and cause data races: all of these are undefined behavior
    = note: for more information, see <https://doc.rust-lang.org/edition-guide/rust-2024/unsafe-op-in-unsafe-fn.html>

warning[E0133]: dereference of raw pointer is unsafe and requires unsafe block
   --> src/am/columnar_agg.rs:671:31
    |
671 |             if e.is_null() || (*e).type_ != pg_sys::NodeTag::T_Var {
    |                               ^^^^ dereference of raw pointer
    |
    = note: raw pointers may be null, dangling or unaligned; they can violate aliasing rules and cause data races: all of these are undefined behavior
    = note: for more information, see <https://doc.rust-lang.org/edition-guide/rust-2024/unsafe-op-in-unsafe-fn.html>

warning[E0133]: dereference of raw pointer is unsafe and requires unsafe block
   --> src/am/columnar_agg.rs:676:16
    |
676 |             if (*var).varno as i32 != relid {
    |                ^^^^^^ dereference of raw pointer
    |
    = note: raw pointers may be null, dangling or unaligned; they can violate aliasing rules and cause data races: all of these are undefined behavior
    = note: for more information, see <https://doc.rust-lang.org/edition-guide/rust-2024/unsafe-op-in-unsafe-fn.html>

warning[E0133]: dereference of raw pointer is unsafe and requires unsafe block
   --> src/am/columnar_agg.rs:679:46
    |
679 |             let kind = parse_agg_kind(&name, (*var).vartype)?;
    |                                              ^^^^^^ dereference of raw pointer
    |
    = note: raw pointers may be null, dangling or unaligned; they can violate aliasing rules and cause data races: all of these are undefined behavior
    = note: for more information, see <https://doc.rust-lang.org/edition-guide/rust-2024/unsafe-op-in-unsafe-fn.html>

warning[E0133]: dereference of raw pointer is unsafe and requires unsafe block
   --> src/am/columnar_agg.rs:680:59
    |
680 |             Some(TargetSlot::Agg(ParsedAgg { kind, attno: (*var).varattno as i32 }))
    |                                                           ^^^^^^ dereference of raw pointer
    |
    = note: raw pointers may be null, dangling or unaligned; they can violate aliasing rules and cause data races: all of these are undefined behavior
    = note: for more information, see <https://doc.rust-lang.org/edition-guide/rust-2024/unsafe-op-in-unsafe-fn.html>

warning[E0133]: call to unsafe function `pgrx::pg_sys::get_rel_relam` is unsafe and requires unsafe block
   --> src/am/columnar_agg.rs:706:54
    |
706 |     let is_columnar = amoid != pg_sys::InvalidOid && pg_sys::get_rel_relam((*rte).relid) == amoid;
    |                                                      ^^^^^^^^^^^^^^^^^^^^^^^^^^^^^^^^^^^ call to unsafe function
    |
    = note: consult the function's documentation for information on how to avoid undefined behavior
note: an unsafe function restricts its caller, but its body is safe by default
   --> src/am/columnar_agg.rs:694:1
    |
694 | / unsafe fn build_admission(
695 | |     rte: *mut pg_sys::RangeTblEntry,
696 | |     input_rel: *mut pg_sys::RelOptInfo,
697 | |     relid: i32,
...   |
702 | |     layout: Vec<(u8, usize)>,
703 | | ) -> Option<Admitted> {
    | |_____________________^
    = note: for more information, see <https://doc.rust-lang.org/edition-guide/rust-2024/unsafe-op-in-unsafe-fn.html>

warning[E0133]: dereference of raw pointer is unsafe and requires unsafe block
   --> src/am/columnar_agg.rs:706:76
    |
706 |     let is_columnar = amoid != pg_sys::InvalidOid && pg_sys::get_rel_relam((*rte).relid) == amoid;
    |                                                                            ^^^^^^ dereference of raw pointer
    |
    = note: raw pointers may be null, dangling or unaligned; they can violate aliasing rules and cause data races: all of these are undefined behavior
    = note: for more information, see <https://doc.rust-lang.org/edition-guide/rust-2024/unsafe-op-in-unsafe-fn.html>

warning[E0133]: call to unsafe function `am::columnar_agg::extract_all_predicates` is unsafe and requires unsafe block
   --> src/am/columnar_agg.rs:710:45
    |
710 |             let (preds, text_preds) = match extract_all_predicates(input_rel, relid) {
    |                                             ^^^^^^^^^^^^^^^^^^^^^^^^^^^^^^^^^^^^^^^^ call to unsafe function
    |
    = note: consult the function's documentation for information on how to avoid undefined behavior
    = note: for more information, see <https://doc.rust-lang.org/edition-guide/rust-2024/unsafe-op-in-unsafe-fn.html>

warning[E0133]: call to unsafe function `am::columnar_agg::extract_all_predicates` is unsafe and requires unsafe block
   --> src/am/columnar_agg.rs:717:41
    |
717 |         let (preds, text_preds) = match extract_all_predicates(input_rel, relid) {
    |                                         ^^^^^^^^^^^^^^^^^^^^^^^^^^^^^^^^^^^^^^^^ call to unsafe function
    |
    = note: consult the function's documentation for information on how to avoid undefined behavior
    = note: for more information, see <https://doc.rust-lang.org/edition-guide/rust-2024/unsafe-op-in-unsafe-fn.html>

warning[E0133]: dereference of raw pointer is unsafe and requires unsafe block
   --> src/am/columnar_agg.rs:733:20
    |
733 |     if grouped || !(*input_rel).baserestrictinfo.is_null() {
    |                    ^^^^^^^^^^^^ dereference of raw pointer
    |
    = note: raw pointers may be null, dangling or unaligned; they can violate aliasing rules and cause data races: all of these are undefined behavior
    = note: for more information, see <https://doc.rust-lang.org/edition-guide/rust-2024/unsafe-op-in-unsafe-fn.html>

warning[E0133]: call to unsafe function `pgrx::pg_sys::get_attname` is unsafe and requires unsafe block
   --> src/am/columnar_agg.rs:742:21
    |
742 |             let n = pg_sys::get_attname((*rte).relid, a.attno as pg_sys::AttrNumber, true);
    |                     ^^^^^^^^^^^^^^^^^^^^^^^^^^^^^^^^^^^^^^^^^^^^^^^^^^^^^^^^^^^^^^^^^^^^^^ call to unsafe function
    |
    = note: consult the function's documentation for information on how to avoid undefined behavior
    = note: for more information, see <https://doc.rust-lang.org/edition-guide/rust-2024/unsafe-op-in-unsafe-fn.html>

warning[E0133]: dereference of raw pointer is unsafe and requires unsafe block
   --> src/am/columnar_agg.rs:742:41
    |
742 |             let n = pg_sys::get_attname((*rte).relid, a.attno as pg_sys::AttrNumber, true);
    |                                         ^^^^^^ dereference of raw pointer
    |
    = note: raw pointers may be null, dangling or unaligned; they can violate aliasing rules and cause data races: all of these are undefined behavior
    = note: for more information, see <https://doc.rust-lang.org/edition-guide/rust-2024/unsafe-op-in-unsafe-fn.html>

warning[E0133]: call to unsafe function `std::ffi::CStr::from_ptr` is unsafe and requires unsafe block
   --> src/am/columnar_agg.rs:743:49
    |
743 |             if n.is_null() { None } else { Some(CStr::from_ptr(n).to_string_lossy().into_owned()) }
    |                                                 ^^^^^^^^^^^^^^^^^ call to unsafe function
    |
    = note: consult the function's documentation for information on how to avoid undefined behavior
    = note: for more information, see <https://doc.rust-lang.org/edition-guide/rust-2024/unsafe-op-in-unsafe-fn.html>

warning[E0133]: dereference of raw pointer is unsafe and requires unsafe block
   --> src/am/columnar_agg.rs:747:51
    |
747 |         && super::arrow_cache::has_cached_columns((*rte).relid.to_u32(), &col_names)
    |                                                   ^^^^^^ dereference of raw pointer
    |
    = note: raw pointers may be null, dangling or unaligned; they can violate aliasing rules and cause data races: all of these are undefined behavior
    = note: for more information, see <https://doc.rust-lang.org/edition-guide/rust-2024/unsafe-op-in-unsafe-fn.html>

warning[E0133]: dereference of raw pointer is unsafe and requires unsafe block
   --> src/am/columnar_agg.rs:768:17
    |
768 |     let parse = (*root).parse;
    |                 ^^^^^^^ dereference of raw pointer
    |
    = note: raw pointers may be null, dangling or unaligned; they can violate aliasing rules and cause data races: all of these are undefined behavior
note: an unsafe function restricts its caller, but its body is safe by default
   --> src/am/columnar_agg.rs:763:1
    |
763 | / unsafe fn admit(
764 | |     root: *mut pg_sys::PlannerInfo,
765 | |     input_rel: *mut pg_sys::RelOptInfo,
766 | |     output_rel: *mut pg_sys::RelOptInfo,
767 | | ) -> Option<Admitted> {
    | |_____________________^
    = note: for more information, see <https://doc.rust-lang.org/edition-guide/rust-2024/unsafe-op-in-unsafe-fn.html>

warning[E0133]: dereference of raw pointer is unsafe and requires unsafe block
   --> src/am/columnar_agg.rs:770:9
    |
770 |     if !(*parse).groupingSets.is_null()
    |         ^^^^^^^^ dereference of raw pointer
    |
    = note: raw pointers may be null, dangling or unaligned; they can violate aliasing rules and cause data races: all of these are undefined behavior
    = note: for more information, see <https://doc.rust-lang.org/edition-guide/rust-2024/unsafe-op-in-unsafe-fn.html>

warning[E0133]: dereference of raw pointer is unsafe and requires unsafe block
   --> src/am/columnar_agg.rs:771:13
    |
771 |         || !(*parse).havingQual.is_null()
    |             ^^^^^^^^ dereference of raw pointer
    |
    = note: raw pointers may be null, dangling or unaligned; they can violate aliasing rules and cause data races: all of these are undefined behavior
    = note: for more information, see <https://doc.rust-lang.org/edition-guide/rust-2024/unsafe-op-in-unsafe-fn.html>

warning[E0133]: dereference of raw pointer is unsafe and requires unsafe block
   --> src/am/columnar_agg.rs:772:13
    |
772 |         || !(*parse).distinctClause.is_null()
    |             ^^^^^^^^ dereference of raw pointer
    |
    = note: raw pointers may be null, dangling or unaligned; they can violate aliasing rules and cause data races: all of these are undefined behavior
    = note: for more information, see <https://doc.rust-lang.org/edition-guide/rust-2024/unsafe-op-in-unsafe-fn.html>

warning[E0133]: dereference of raw pointer is unsafe and requires unsafe block
   --> src/am/columnar_agg.rs:773:12
    |
773 |         || (*parse).hasWindowFuncs
    |            ^^^^^^^^ dereference of raw pointer
    |
    = note: raw pointers may be null, dangling or unaligned; they can violate aliasing rules and cause data races: all of these are undefined behavior
    = note: for more information, see <https://doc.rust-lang.org/edition-guide/rust-2024/unsafe-op-in-unsafe-fn.html>

warning[E0133]: dereference of raw pointer is unsafe and requires unsafe block
   --> src/am/columnar_agg.rs:778:20
    |
778 |     let grouped = !(*parse).groupClause.is_null();
    |                    ^^^^^^^^ dereference of raw pointer
    |
    = note: raw pointers may be null, dangling or unaligned; they can violate aliasing rules and cause data races: all of these are undefined behavior
    = note: for more information, see <https://doc.rust-lang.org/edition-guide/rust-2024/unsafe-op-in-unsafe-fn.html>

warning[E0133]: dereference of raw pointer is unsafe and requires unsafe block
   --> src/am/columnar_agg.rs:779:8
    |
779 |     if (*input_rel).reloptkind != pg_sys::RelOptKind::RELOPT_BASEREL {
    |        ^^^^^^^^^^^^ dereference of raw pointer
    |
    = note: raw pointers may be null, dangling or unaligned; they can violate aliasing rules and cause data races: all of these are undefined behavior
    = note: for more information, see <https://doc.rust-lang.org/edition-guide/rust-2024/unsafe-op-in-unsafe-fn.html>

warning[E0133]: dereference of raw pointer is unsafe and requires unsafe block
   --> src/am/columnar_agg.rs:782:17
    |
782 |     let relid = (*input_rel).relid as i32;
    |                 ^^^^^^^^^^^^ dereference of raw pointer
    |
    = note: raw pointers may be null, dangling or unaligned; they can violate aliasing rules and cause data races: all of these are undefined behavior
    = note: for more information, see <https://doc.rust-lang.org/edition-guide/rust-2024/unsafe-op-in-unsafe-fn.html>

warning[E0133]: dereference of raw pointer is unsafe and requires unsafe block
   --> src/am/columnar_agg.rs:786:15
    |
786 |     let rte = *(*root).simple_rte_array.add(relid as usize);
    |               ^^^^^^^^^^^^^^^^^^^^^^^^^^^^^^^^^^^^^^^^^^^^^ dereference of raw pointer
    |
    = note: raw pointers may be null, dangling or unaligned; they can violate aliasing rules and cause data races: all of these are undefined behavior
    = note: for more information, see <https://doc.rust-lang.org/edition-guide/rust-2024/unsafe-op-in-unsafe-fn.html>

warning[E0133]: call to unsafe function `std::ptr::mut_ptr::<impl *mut T>::add` is unsafe and requires unsafe block
   --> src/am/columnar_agg.rs:786:16
    |
786 |     let rte = *(*root).simple_rte_array.add(relid as usize);
    |                ^^^^^^^^^^^^^^^^^^^^^^^^^^^^^^^^^^^^^^^^^^^^ call to unsafe function
    |
    = note: consult the function's documentation for information on how to avoid undefined behavior
    = note: for more information, see <https://doc.rust-lang.org/edition-guide/rust-2024/unsafe-op-in-unsafe-fn.html>

warning[E0133]: dereference of raw pointer is unsafe and requires unsafe block
   --> src/am/columnar_agg.rs:786:16
    |
786 |     let rte = *(*root).simple_rte_array.add(relid as usize);
    |                ^^^^^^^ dereference of raw pointer
    |
    = note: raw pointers may be null, dangling or unaligned; they can violate aliasing rules and cause data races: all of these are undefined behavior
    = note: for more information, see <https://doc.rust-lang.org/edition-guide/rust-2024/unsafe-op-in-unsafe-fn.html>

warning[E0133]: dereference of raw pointer is unsafe and requires unsafe block
   --> src/am/columnar_agg.rs:787:25
    |
787 |     if rte.is_null() || (*rte).rtekind != pg_sys::RTEKind::RTE_RELATION {
    |                         ^^^^^^ dereference of raw pointer
    |
    = note: raw pointers may be null, dangling or unaligned; they can violate aliasing rules and cause data races: all of these are undefined behavior
    = note: for more information, see <https://doc.rust-lang.org/edition-guide/rust-2024/unsafe-op-in-unsafe-fn.html>

warning[E0133]: dereference of raw pointer is unsafe and requires unsafe block
   --> src/am/columnar_agg.rs:790:18
    |
790 |     let target = (*output_rel).reltarget;
    |                  ^^^^^^^^^^^^^ dereference of raw pointer
    |
    = note: raw pointers may be null, dangling or unaligned; they can violate aliasing rules and cause data races: all of these are undefined behavior
    = note: for more information, see <https://doc.rust-lang.org/edition-guide/rust-2024/unsafe-op-in-unsafe-fn.html>

warning[E0133]: call to unsafe function `pgrx::PgList::<T>::from_pg` is unsafe and requires unsafe block
   --> src/am/columnar_agg.rs:794:17
    |
794 |     let exprs = PgList::<pg_sys::Node>::from_pg((*target).exprs);
    |                 ^^^^^^^^^^^^^^^^^^^^^^^^^^^^^^^^^^^^^^^^^^^^^^^^ call to unsafe function
    |
    = note: consult the function's documentation for information on how to avoid undefined behavior
    = note: for more information, see <https://doc.rust-lang.org/edition-guide/rust-2024/unsafe-op-in-unsafe-fn.html>

warning[E0133]: dereference of raw pointer is unsafe and requires unsafe block
   --> src/am/columnar_agg.rs:794:49
    |
794 |     let exprs = PgList::<pg_sys::Node>::from_pg((*target).exprs);
    |                                                 ^^^^^^^^^ dereference of raw pointer
    |
    = note: raw pointers may be null, dangling or unaligned; they can violate aliasing rules and cause data races: all of these are undefined behavior
    = note: for more information, see <https://doc.rust-lang.org/edition-guide/rust-2024/unsafe-op-in-unsafe-fn.html>

warning[E0133]: call to unsafe function `am::columnar_agg::classify_target_node` is unsafe and requires unsafe block
   --> src/am/columnar_agg.rs:806:15
    |
806 |         match classify_target_node(node, relid, grouped)? {
    |               ^^^^^^^^^^^^^^^^^^^^^^^^^^^^^^^^^^^^^^^^^^ call to unsafe function
    |
    = note: consult the function's documentation for information on how to avoid undefined behavior
    = note: for more information, see <https://doc.rust-lang.org/edition-guide/rust-2024/unsafe-op-in-unsafe-fn.html>

warning[E0133]: call to unsafe function `am::columnar_agg::build_admission` is unsafe and requires unsafe block
   --> src/am/columnar_agg.rs:824:5
    |
824 |     build_admission(rte, input_rel, relid, grouped, aggs, group_cols, group_exprs, layout)
    |     ^^^^^^^^^^^^^^^^^^^^^^^^^^^^^^^^^^^^^^^^^^^^^^^^^^^^^^^^^^^^^^^^^^^^^^^^^^^^^^^^^^^^^^ call to unsafe function
    |
    = note: consult the function's documentation for information on how to avoid undefined behavior
    = note: for more information, see <https://doc.rust-lang.org/edition-guide/rust-2024/unsafe-op-in-unsafe-fn.html>

warning[E0133]: use of mutable static is unsafe and requires unsafe block
   --> src/am/columnar_agg.rs:839:25
    |
839 |     if let Some(prev) = PREV_UPPER_HOOK {
    |                         ^^^^^^^^^^^^^^^ use of mutable static
    |
    = note: mutable statics can be mutated by multiple threads: aliasing violations or data races will cause undefined behavior
note: an unsafe function restricts its caller, but its body is safe by default
   --> src/am/columnar_agg.rs:832:1
    |
832 | / unsafe extern "C-unwind" fn upper_paths_hook(
833 | |     root: *mut pg_sys::PlannerInfo,
834 | |     stage: pg_sys::UpperRelationKind::Type,
835 | |     input_rel: *mut pg_sys::RelOptInfo,
836 | |     output_rel: *mut pg_sys::RelOptInfo,
837 | |     extra: *mut c_void,
838 | | ) {
    | |_^
    = note: for more information, see <https://doc.rust-lang.org/edition-guide/rust-2024/unsafe-op-in-unsafe-fn.html>

warning[E0133]: call to unsafe function is unsafe and requires unsafe block
   --> src/am/columnar_agg.rs:840:9
    |
840 |         prev(root, stage, input_rel, output_rel, extra);
    |         ^^^^^^^^^^^^^^^^^^^^^^^^^^^^^^^^^^^^^^^^^^^^^^^ call to unsafe function
    |
    = note: consult the function's documentation for information on how to avoid undefined behavior
    = note: for more information, see <https://doc.rust-lang.org/edition-guide/rust-2024/unsafe-op-in-unsafe-fn.html>

warning[E0133]: call to unsafe function `am::columnar_agg::admit` is unsafe and requires unsafe block
   --> src/am/columnar_agg.rs:845:21
    |
845 |     let Some(adm) = admit(root, input_rel, output_rel) else {
    |                     ^^^^^^^^^^^^^^^^^^^^^^^^^^^^^^^^^^ call to unsafe function
    |
    = note: consult the function's documentation for information on how to avoid undefined behavior
    = note: for more information, see <https://doc.rust-lang.org/edition-guide/rust-2024/unsafe-op-in-unsafe-fn.html>

warning[E0133]: dereference of raw pointer is unsafe and requires unsafe block
   --> src/am/columnar_agg.rs:849:15
    |
849 |     let rte = *(*root).simple_rte_array.add(adm.relid as usize);
    |               ^^^^^^^^^^^^^^^^^^^^^^^^^^^^^^^^^^^^^^^^^^^^^^^^^ dereference of raw pointer
    |
    = note: raw pointers may be null, dangling or unaligned; they can violate aliasing rules and cause data races: all of these are undefined behavior
    = note: for more information, see <https://doc.rust-lang.org/edition-guide/rust-2024/unsafe-op-in-unsafe-fn.html>

warning[E0133]: call to unsafe function `std::ptr::mut_ptr::<impl *mut T>::add` is unsafe and requires unsafe block
   --> src/am/columnar_agg.rs:849:16
    |
849 |     let rte = *(*root).simple_rte_array.add(adm.relid as usize);
    |                ^^^^^^^^^^^^^^^^^^^^^^^^^^^^^^^^^^^^^^^^^^^^^^^^ call to unsafe function
    |
    = note: consult the function's documentation for information on how to avoid undefined behavior
    = note: for more information, see <https://doc.rust-lang.org/edition-guide/rust-2024/unsafe-op-in-unsafe-fn.html>

warning[E0133]: dereference of raw pointer is unsafe and requires unsafe block
   --> src/am/columnar_agg.rs:849:16
    |
849 |     let rte = *(*root).simple_rte_array.add(adm.relid as usize);
    |                ^^^^^^^ dereference of raw pointer
    |
    = note: raw pointers may be null, dangling or unaligned; they can violate aliasing rules and cause data races: all of these are undefined behavior
    = note: for more information, see <https://doc.rust-lang.org/edition-guide/rust-2024/unsafe-op-in-unsafe-fn.html>

warning[E0133]: dereference of raw pointer is unsafe and requires unsafe block
   --> src/am/columnar_agg.rs:853:21
    |
853 |     let table_oid = (*rte).relid.to_u32();
    |                     ^^^^^^ dereference of raw pointer
    |
    = note: raw pointers may be null, dangling or unaligned; they can violate aliasing rules and cause data races: all of these are undefined behavior
    = note: for more information, see <https://doc.rust-lang.org/edition-guide/rust-2024/unsafe-op-in-unsafe-fn.html>

warning[E0133]: use of mutable static is unsafe and requires unsafe block
   --> src/am/columnar_agg.rs:877:22
    |
877 |     let stmt = match PREV_PLANNER_HOOK {
    |                      ^^^^^^^^^^^^^^^^^ use of mutable static
    |
    = note: mutable statics can be mutated by multiple threads: aliasing violations or data races will cause undefined behavior
note: an unsafe function restricts its caller, but its body is safe by default
   --> src/am/columnar_agg.rs:860:1
    |
860 | / unsafe extern "C-unwind" fn planner_hook(
861 | |     parse: *mut pg_sys::Query,
862 | |     query_string: *const std::os::raw::c_char,
863 | |     cursor_options: c_int,
864 | |     bound_params: pg_sys::ParamListInfo,
865 | | ) -> *mut pg_sys::PlannedStmt {
    | |_____________________________^
    = note: for more information, see <https://doc.rust-lang.org/edition-guide/rust-2024/unsafe-op-in-unsafe-fn.html>

warning[E0133]: call to unsafe function is unsafe and requires unsafe block
   --> src/am/columnar_agg.rs:878:23
    |
878 |         Some(prev) => prev(parse, query_string, cursor_options, bound_params),
    |                       ^^^^^^^^^^^^^^^^^^^^^^^^^^^^^^^^^^^^^^^^^^^^^^^^^^^^^^^ call to unsafe function
    |
    = note: consult the function's documentation for information on how to avoid undefined behavior
    = note: for more information, see <https://doc.rust-lang.org/edition-guide/rust-2024/unsafe-op-in-unsafe-fn.html>

warning[E0133]: call to unsafe function `pgrx::pg_sys::standard_planner` is unsafe and requires unsafe block
   --> src/am/columnar_agg.rs:879:17
    |
879 |         None => pg_sys::standard_planner(parse, query_string, cursor_options, bound_params),
    |                 ^^^^^^^^^^^^^^^^^^^^^^^^^^^^^^^^^^^^^^^^^^^^^^^^^^^^^^^^^^^^^^^^^^^^^^^^^^^ call to unsafe function
    |
    = note: consult the function's documentation for information on how to avoid undefined behavior
    = note: for more information, see <https://doc.rust-lang.org/edition-guide/rust-2024/unsafe-op-in-unsafe-fn.html>

warning[E0133]: call to unsafe function `am::columnar_agg::swap_walk` is unsafe and requires unsafe block
   --> src/am/columnar_agg.rs:883:9
    |
883 |         swap_walk(&mut (*stmt).planTree, (*stmt).rtable, std::ptr::null_mut());
    |         ^^^^^^^^^^^^^^^^^^^^^^^^^^^^^^^^^^^^^^^^^^^^^^^^^^^^^^^^^^^^^^^^^^^^^^ call to unsafe function
    |
    = note: consult the function's documentation for information on how to avoid undefined behavior
    = note: for more information, see <https://doc.rust-lang.org/edition-guide/rust-2024/unsafe-op-in-unsafe-fn.html>

warning[E0133]: dereference of raw pointer is unsafe and requires unsafe block
   --> src/am/columnar_agg.rs:883:24
    |
883 |         swap_walk(&mut (*stmt).planTree, (*stmt).rtable, std::ptr::null_mut());
    |                        ^^^^^^^ dereference of raw pointer
    |
    = note: raw pointers may be null, dangling or unaligned; they can violate aliasing rules and cause data races: all of these are undefined behavior
    = note: for more information, see <https://doc.rust-lang.org/edition-guide/rust-2024/unsafe-op-in-unsafe-fn.html>

warning[E0133]: dereference of raw pointer is unsafe and requires unsafe block
   --> src/am/columnar_agg.rs:883:42
    |
883 |         swap_walk(&mut (*stmt).planTree, (*stmt).rtable, std::ptr::null_mut());
    |                                          ^^^^^^^ dereference of raw pointer
    |
    = note: raw pointers may be null, dangling or unaligned; they can violate aliasing rules and cause data races: all of these are undefined behavior
    = note: for more information, see <https://doc.rust-lang.org/edition-guide/rust-2024/unsafe-op-in-unsafe-fn.html>

warning[E0133]: dereference of raw pointer is unsafe and requires unsafe block
   --> src/am/columnar_agg.rs:884:24
    |
884 |         let subplans = (*stmt).subplans;
    |                        ^^^^^^^ dereference of raw pointer
    |
    = note: raw pointers may be null, dangling or unaligned; they can violate aliasing rules and cause data races: all of these are undefined behavior
    = note: for more information, see <https://doc.rust-lang.org/edition-guide/rust-2024/unsafe-op-in-unsafe-fn.html>

warning[E0133]: dereference of raw pointer is unsafe and requires unsafe block
   --> src/am/columnar_agg.rs:886:21
    |
886 |             let n = (*subplans).length;
    |                     ^^^^^^^^^^^ dereference of raw pointer
    |
    = note: raw pointers may be null, dangling or unaligned; they can violate aliasing rules and cause data races: all of these are undefined behavior
    = note: for more information, see <https://doc.rust-lang.org/edition-guide/rust-2024/unsafe-op-in-unsafe-fn.html>

warning[E0133]: call to unsafe function `std::ptr::mut_ptr::<impl *mut T>::add` is unsafe and requires unsafe block
   --> src/am/columnar_agg.rs:888:28
    |
888 |                 let cell = (*subplans).elements.add(i as usize);
    |                            ^^^^^^^^^^^^^^^^^^^^^^^^^^^^^^^^^^^^ call to unsafe function
    |
    = note: consult the function's documentation for information on how to avoid undefined behavior
    = note: for more information, see <https://doc.rust-lang.org/edition-guide/rust-2024/unsafe-op-in-unsafe-fn.html>

warning[E0133]: dereference of raw pointer is unsafe and requires unsafe block
   --> src/am/columnar_agg.rs:888:28
    |
888 |                 let cell = (*subplans).elements.add(i as usize);
    |                            ^^^^^^^^^^^ dereference of raw pointer
    |
    = note: raw pointers may be null, dangling or unaligned; they can violate aliasing rules and cause data races: all of these are undefined behavior
    = note: for more information, see <https://doc.rust-lang.org/edition-guide/rust-2024/unsafe-op-in-unsafe-fn.html>

warning[E0133]: call to unsafe function `am::columnar_agg::swap_walk` is unsafe and requires unsafe block
   --> src/am/columnar_agg.rs:889:17
    |
889 | /                 swap_walk(
890 | |                     &mut (*cell).ptr_value as *mut _ as *mut *mut pg_sys::Plan,
891 | |                     (*stmt).rtable,
892 | |                     std::ptr::null_mut(),
893 | |                 );
    | |_________________^ call to unsafe function
    |
    = note: consult the function's documentation for information on how to avoid undefined behavior
    = note: for more information, see <https://doc.rust-lang.org/edition-guide/rust-2024/unsafe-op-in-unsafe-fn.html>

warning[E0133]: access to union field is unsafe and requires unsafe block
   --> src/am/columnar_agg.rs:890:26
    |
890 |                     &mut (*cell).ptr_value as *mut _ as *mut *mut pg_sys::Plan,
    |                          ^^^^^^^^^^^^^^^^^ access to union field
    |
    = note: the field may not be properly initialized: using uninitialized data will cause undefined behavior
    = note: for more information, see <https://doc.rust-lang.org/edition-guide/rust-2024/unsafe-op-in-unsafe-fn.html>

warning[E0133]: dereference of raw pointer is unsafe and requires unsafe block
   --> src/am/columnar_agg.rs:890:26
    |
890 |                     &mut (*cell).ptr_value as *mut _ as *mut *mut pg_sys::Plan,
    |                          ^^^^^^^ dereference of raw pointer
    |
    = note: raw pointers may be null, dangling or unaligned; they can violate aliasing rules and cause data races: all of these are undefined behavior
    = note: for more information, see <https://doc.rust-lang.org/edition-guide/rust-2024/unsafe-op-in-unsafe-fn.html>

warning[E0133]: dereference of raw pointer is unsafe and requires unsafe block
   --> src/am/columnar_agg.rs:891:21
    |
891 |                     (*stmt).rtable,
    |                     ^^^^^^^ dereference of raw pointer
    |
    = note: raw pointers may be null, dangling or unaligned; they can violate aliasing rules and cause data races: all of these are undefined behavior
    = note: for more information, see <https://doc.rust-lang.org/edition-guide/rust-2024/unsafe-op-in-unsafe-fn.html>

warning[E0133]: dereference of raw pointer is unsafe and requires unsafe block
   --> src/am/columnar_agg.rs:908:11
    |
908 |     match (*plan).type_ {
    |           ^^^^^^^ dereference of raw pointer
    |
    = note: raw pointers may be null, dangling or unaligned; they can violate aliasing rules and cause data races: all of these are undefined behavior
note: an unsafe function restricts its caller, but its body is safe by default
   --> src/am/columnar_agg.rs:904:1
    |
904 | unsafe fn find_scan_relid(plan: *mut pg_sys::Plan) -> Option<u32> {
    | ^^^^^^^^^^^^^^^^^^^^^^^^^^^^^^^^^^^^^^^^^^^^^^^^^^^^^^^^^^^^^^^^^
    = note: for more information, see <https://doc.rust-lang.org/edition-guide/rust-2024/unsafe-op-in-unsafe-fn.html>

warning[E0133]: dereference of raw pointer is unsafe and requires unsafe block
   --> src/am/columnar_agg.rs:910:23
    |
910 |             let rid = (*(plan as *mut pg_sys::SeqScan)).scan.scanrelid;
    |                       ^^^^^^^^^^^^^^^^^^^^^^^^^^^^^^^^^ dereference of raw pointer
    |
    = note: raw pointers may be null, dangling or unaligned; they can violate aliasing rules and cause data races: all of these are undefined behavior
    = note: for more information, see <https://doc.rust-lang.org/edition-guide/rust-2024/unsafe-op-in-unsafe-fn.html>

warning[E0133]: call to unsafe function `am::columnar_agg::find_scan_relid` is unsafe and requires unsafe block
   --> src/am/columnar_agg.rs:913:36
    |
913 |         pg_sys::NodeTag::T_Sort => find_scan_relid((*plan).lefttree),
    |                                    ^^^^^^^^^^^^^^^^^^^^^^^^^^^^^^^^^ call to unsafe function
    |
    = note: consult the function's documentation for information on how to avoid undefined behavior
    = note: for more information, see <https://doc.rust-lang.org/edition-guide/rust-2024/unsafe-op-in-unsafe-fn.html>

warning[E0133]: dereference of raw pointer is unsafe and requires unsafe block
   --> src/am/columnar_agg.rs:913:52
    |
913 |         pg_sys::NodeTag::T_Sort => find_scan_relid((*plan).lefttree),
    |                                                    ^^^^^^^ dereference of raw pointer
    |
    = note: raw pointers may be null, dangling or unaligned; they can violate aliasing rules and cause data races: all of these are undefined behavior
    = note: for more information, see <https://doc.rust-lang.org/edition-guide/rust-2024/unsafe-op-in-unsafe-fn.html>

warning[E0133]: call to unsafe function `pgrx::PgList::<T>::from_pg` is unsafe and requires unsafe block
   --> src/am/columnar_agg.rs:921:15
    |
921 |     let src = PgList::<pg_sys::TargetEntry>::from_pg(tlist);
    |               ^^^^^^^^^^^^^^^^^^^^^^^^^^^^^^^^^^^^^^^^^^^^^ call to unsafe function
    |
    = note: consult the function's documentation for information on how to avoid undefined behavior
note: an unsafe function restricts its caller, but its body is safe by default
   --> src/am/columnar_agg.rs:920:1
    |
920 | unsafe fn plain_var_tlist(tlist: *mut pg_sys::List) -> *mut pg_sys::List {
    | ^^^^^^^^^^^^^^^^^^^^^^^^^^^^^^^^^^^^^^^^^^^^^^^^^^^^^^^^^^^^^^^^^^^^^^^^
    = note: for more information, see <https://doc.rust-lang.org/edition-guide/rust-2024/unsafe-op-in-unsafe-fn.html>

warning[E0133]: dereference of raw pointer is unsafe and requires unsafe block
   --> src/am/columnar_agg.rs:925:17
    |
925 |         let e = (*te).expr as *mut pg_sys::Node;
    |                 ^^^^^ dereference of raw pointer
    |
    = note: raw pointers may be null, dangling or unaligned; they can violate aliasing rules and cause data races: all of these are undefined behavior
    = note: for more information, see <https://doc.rust-lang.org/edition-guide/rust-2024/unsafe-op-in-unsafe-fn.html>

warning[E0133]: call to unsafe function `pgrx::pg_sys::makeVar` is unsafe and requires unsafe block
   --> src/am/columnar_agg.rs:926:19
    |
926 |           let var = pg_sys::makeVar(
    |  ___________________^
927 | |             pg_sys::INDEX_VAR as i32,
928 | |             (i + 1) as pg_sys::AttrNumber,
929 | |             pg_sys::exprType(e),
...   |
932 | |             0,
933 | |         );
    | |_________^ call to unsafe function
    |
    = note: consult the function's documentation for information on how to avoid undefined behavior
    = note: for more information, see <https://doc.rust-lang.org/edition-guide/rust-2024/unsafe-op-in-unsafe-fn.html>

warning[E0133]: call to unsafe function `pgrx::pg_sys::exprType` is unsafe and requires unsafe block
   --> src/am/columnar_agg.rs:929:13
    |
929 |             pg_sys::exprType(e),
    |             ^^^^^^^^^^^^^^^^^^^ call to unsafe function
    |
    = note: consult the function's documentation for information on how to avoid undefined behavior
    = note: for more information, see <https://doc.rust-lang.org/edition-guide/rust-2024/unsafe-op-in-unsafe-fn.html>

warning[E0133]: call to unsafe function `pgrx::pg_sys::exprTypmod` is unsafe and requires unsafe block
   --> src/am/columnar_agg.rs:930:13
    |
930 |             pg_sys::exprTypmod(e),
    |             ^^^^^^^^^^^^^^^^^^^^^ call to unsafe function
    |
    = note: consult the function's documentation for information on how to avoid undefined behavior
    = note: for more information, see <https://doc.rust-lang.org/edition-guide/rust-2024/unsafe-op-in-unsafe-fn.html>

warning[E0133]: call to unsafe function `pgrx::pg_sys::exprCollation` is unsafe and requires unsafe block
   --> src/am/columnar_agg.rs:931:13
    |
931 |             pg_sys::exprCollation(e),
    |             ^^^^^^^^^^^^^^^^^^^^^^^^ call to unsafe function
    |
    = note: consult the function's documentation for information on how to avoid undefined behavior
    = note: for more information, see <https://doc.rust-lang.org/edition-guide/rust-2024/unsafe-op-in-unsafe-fn.html>

warning[E0133]: call to unsafe function `pgrx::pg_sys::makeTargetEntry` is unsafe and requires unsafe block
   --> src/am/columnar_agg.rs:934:19
    |
934 |           let nte = pg_sys::makeTargetEntry(
    |  ___________________^
935 | |             var as *mut pg_sys::Expr,
936 | |             (i + 1) as pg_sys::AttrNumber,
937 | |             (*te).resname,
938 | |             (*te).resjunk,
939 | |         );
    | |_________^ call to unsafe function
    |
    = note: consult the function's documentation for information on how to avoid undefined behavior
    = note: for more information, see <https://doc.rust-lang.org/edition-guide/rust-2024/unsafe-op-in-unsafe-fn.html>

warning[E0133]: dereference of raw pointer is unsafe and requires unsafe block
   --> src/am/columnar_agg.rs:937:13
    |
937 |             (*te).resname,
    |             ^^^^^ dereference of raw pointer
    |
    = note: raw pointers may be null, dangling or unaligned; they can violate aliasing rules and cause data races: all of these are undefined behavior
    = note: for more information, see <https://doc.rust-lang.org/edition-guide/rust-2024/unsafe-op-in-unsafe-fn.html>

warning[E0133]: dereference of raw pointer is unsafe and requires unsafe block
   --> src/am/columnar_agg.rs:938:13
    |
938 |             (*te).resjunk,
    |             ^^^^^ dereference of raw pointer
    |
    = note: raw pointers may be null, dangling or unaligned; they can violate aliasing rules and cause data races: all of these are undefined behavior
    = note: for more information, see <https://doc.rust-lang.org/edition-guide/rust-2024/unsafe-op-in-unsafe-fn.html>

warning[E0133]: call to unsafe function `pgrx::pg_sys::lappend` is unsafe and requires unsafe block
   --> src/am/columnar_agg.rs:940:15
    |
940 |         out = pg_sys::lappend(out, nte as *mut c_void);
    |               ^^^^^^^^^^^^^^^^^^^^^^^^^^^^^^^^^^^^^^^^ call to unsafe function
    |
    = note: consult the function's documentation for information on how to avoid undefined behavior
    = note: for more information, see <https://doc.rust-lang.org/edition-guide/rust-2024/unsafe-op-in-unsafe-fn.html>

warning[E0133]: call to unsafe function `pgrx::PgList::<T>::from_pg` is unsafe and requires unsafe block
   --> src/am/columnar_agg.rs:983:15
    |
983 |     let src = PgList::<pg_sys::TargetEntry>::from_pg(tlist);
    |               ^^^^^^^^^^^^^^^^^^^^^^^^^^^^^^^^^^^^^^^^^^^^^ call to unsafe function
    |
    = note: consult the function's documentation for information on how to avoid undefined behavior
note: an unsafe function restricts its caller, but its body is safe by default
   --> src/am/columnar_agg.rs:978:1
    |
978 | / unsafe fn deparse_safe_tlist(
979 | |     tlist: *mut pg_sys::List,
980 | |     adm: &Admitted,
981 | |     scanrelid: u32,
982 | | ) -> *mut pg_sys::List {
    | |______________________^
    = note: for more information, see <https://doc.rust-lang.org/edition-guide/rust-2024/unsafe-op-in-unsafe-fn.html>

warning[E0133]: dereference of raw pointer is unsafe and requires unsafe block
   --> src/am/columnar_agg.rs:988:17
    |
988 |         let e = (*te).expr as *mut pg_sys::Node;
    |                 ^^^^^ dereference of raw pointer
    |
    = note: raw pointers may be null, dangling or unaligned; they can violate aliasing rules and cause data races: all of these are undefined behavior
    = note: for more information, see <https://doc.rust-lang.org/edition-guide/rust-2024/unsafe-op-in-unsafe-fn.html>

warning[E0133]: call to unsafe function `pgrx::pg_sys::makeVar` is unsafe and requires unsafe block
    --> src/am/columnar_agg.rs:1004:43
     |
1004 |                   Some(&(attno, typoid)) => pg_sys::makeVar(
     |  ___________________________________________^
1005 | |                     scanrelid as i32,
1006 | |                     attno as pg_sys::AttrNumber,
1007 | |                     pg_sys::Oid::from(typoid),
...    |
1010 | |                     0,
1011 | |                 ) as *mut pg_sys::Expr,
     | |_________________^ call to unsafe function
     |
     = note: consult the function's documentation for information on how to avoid undefined behavior
     = note: for more information, see <https://doc.rust-lang.org/edition-guide/rust-2024/unsafe-op-in-unsafe-fn.html>

warning[E0133]: call to unsafe function `pgrx::pg_sys::exprTypmod` is unsafe and requires unsafe block
    --> src/am/columnar_agg.rs:1008:21
     |
1008 |                     pg_sys::exprTypmod(e),
     |                     ^^^^^^^^^^^^^^^^^^^^^ call to unsafe function
     |
     = note: consult the function's documentation for information on how to avoid undefined behavior
     = note: for more information, see <https://doc.rust-lang.org/edition-guide/rust-2024/unsafe-op-in-unsafe-fn.html>

warning[E0133]: call to unsafe function `pgrx::pg_sys::exprCollation` is unsafe and requires unsafe block
    --> src/am/columnar_agg.rs:1009:21
     |
1009 |                     pg_sys::exprCollation(e),
     |                     ^^^^^^^^^^^^^^^^^^^^^^^^ call to unsafe function
     |
     = note: consult the function's documentation for information on how to avoid undefined behavior
     = note: for more information, see <https://doc.rust-lang.org/edition-guide/rust-2024/unsafe-op-in-unsafe-fn.html>

warning[E0133]: call to unsafe function `pgrx::pg_sys::makeVar` is unsafe and requires unsafe block
    --> src/am/columnar_agg.rs:1022:28
     |
1022 |                   Some(g) => pg_sys::makeVar(
     |  ____________________________^
1023 | |                     scanrelid as i32,
1024 | |                     g.base_attno as pg_sys::AttrNumber,
1025 | |                     pg_sys::Oid::from(g.out_typoid),
...    |
1028 | |                     0,
1029 | |                 ) as *mut pg_sys::Expr,
     | |_________________^ call to unsafe function
     |
     = note: consult the function's documentation for information on how to avoid undefined behavior
     = note: for more information, see <https://doc.rust-lang.org/edition-guide/rust-2024/unsafe-op-in-unsafe-fn.html>

warning[E0133]: call to unsafe function `pgrx::pg_sys::exprTypmod` is unsafe and requires unsafe block
    --> src/am/columnar_agg.rs:1026:21
     |
1026 |                     pg_sys::exprTypmod(e),
     |                     ^^^^^^^^^^^^^^^^^^^^^ call to unsafe function
     |
     = note: consult the function's documentation for information on how to avoid undefined behavior
     = note: for more information, see <https://doc.rust-lang.org/edition-guide/rust-2024/unsafe-op-in-unsafe-fn.html>

warning[E0133]: call to unsafe function `pgrx::pg_sys::exprCollation` is unsafe and requires unsafe block
    --> src/am/columnar_agg.rs:1027:21
     |
1027 |                     pg_sys::exprCollation(e),
     |                     ^^^^^^^^^^^^^^^^^^^^^^^^ call to unsafe function
     |
     = note: consult the function's documentation for information on how to avoid undefined behavior
     = note: for more information, see <https://doc.rust-lang.org/edition-guide/rust-2024/unsafe-op-in-unsafe-fn.html>

warning[E0133]: call to unsafe function `pgrx::pg_sys::copyObjectImpl` is unsafe and requires unsafe block
    --> src/am/columnar_agg.rs:1035:26
     |
1035 |             let copied = pg_sys::copyObjectImpl(e as *const c_void) as *mut pg_sys::Node;
     |                          ^^^^^^^^^^^^^^^^^^^^^^^^^^^^^^^^^^^^^^^^^^ call to unsafe function
     |
     = note: consult the function's documentation for information on how to avoid undefined behavior
     = note: for more information, see <https://doc.rust-lang.org/edition-guide/rust-2024/unsafe-op-in-unsafe-fn.html>

warning[E0133]: dereference of raw pointer is unsafe and requires unsafe block
    --> src/am/columnar_agg.rs:1039:16
     |
1039 |             if (*copied).type_ == pg_sys::NodeTag::T_Aggref {
     |                ^^^^^^^^^ dereference of raw pointer
     |
     = note: raw pointers may be null, dangling or unaligned; they can violate aliasing rules and cause data races: all of these are undefined behavior
     = note: for more information, see <https://doc.rust-lang.org/edition-guide/rust-2024/unsafe-op-in-unsafe-fn.html>

warning[E0133]: call to unsafe function `pgrx::PgList::<T>::from_pg` is unsafe and requires unsafe block
    --> src/am/columnar_agg.rs:1044:32
     |
1044 |                     let args = PgList::<pg_sys::TargetEntry>::from_pg((*aggref).args);
     |                                ^^^^^^^^^^^^^^^^^^^^^^^^^^^^^^^^^^^^^^^^^^^^^^^^^^^^^^ call to unsafe function
     |
     = note: consult the function's documentation for information on how to avoid undefined behavior
     = note: for more information, see <https://doc.rust-lang.org/edition-guide/rust-2024/unsafe-op-in-unsafe-fn.html>

warning[E0133]: dereference of raw pointer is unsafe and requires unsafe block
    --> src/am/columnar_agg.rs:1044:71
     |
1044 |                     let args = PgList::<pg_sys::TargetEntry>::from_pg((*aggref).args);
     |                                                                       ^^^^^^^^^ dereference of raw pointer
     |
     = note: raw pointers may be null, dangling or unaligned; they can violate aliasing rules and cause data races: all of these are undefined behavior
     = note: for more information, see <https://doc.rust-lang.org/edition-guide/rust-2024/unsafe-op-in-unsafe-fn.html>

warning[E0133]: dereference of raw pointer is unsafe and requires unsafe block
    --> src/am/columnar_agg.rs:1047:34
     |
1047 |                         let av = (*ate).expr as *mut pg_sys::Node;
     |                                  ^^^^^^ dereference of raw pointer
     |
     = note: raw pointers may be null, dangling or unaligned; they can violate aliasing rules and cause data races: all of these are undefined behavior
     = note: for more information, see <https://doc.rust-lang.org/edition-guide/rust-2024/unsafe-op-in-unsafe-fn.html>

warning[E0133]: dereference of raw pointer is unsafe and requires unsafe block
    --> src/am/columnar_agg.rs:1048:45
     |
1048 |                         if !av.is_null() && (*av).type_ == pg_sys::NodeTag::T_Var {
     |                                             ^^^^^ dereference of raw pointer
     |
     = note: raw pointers may be null, dangling or unaligned; they can violate aliasing rules and cause data races: all of these are undefined behavior
     = note: for more information, see <https://doc.rust-lang.org/edition-guide/rust-2024/unsafe-op-in-unsafe-fn.html>

warning[E0133]: dereference of raw pointer is unsafe and requires unsafe block
    --> src/am/columnar_agg.rs:1051:29
     |
1051 | ...                   (*ate).expr = pg_sys::makeVar(
     |                       ^^^^^^ dereference of raw pointer
     |
     = note: raw pointers may be null, dangling or unaligned; they can violate aliasing rules and cause data races: all of these are undefined behavior
     = note: for more information, see <https://doc.rust-lang.org/edition-guide/rust-2024/unsafe-op-in-unsafe-fn.html>

warning[E0133]: call to unsafe function `pgrx::pg_sys::makeVar` is unsafe and requires unsafe block
    --> src/am/columnar_agg.rs:1051:43
     |
1051 |   ...                   (*ate).expr = pg_sys::makeVar(
     |  _____________________________________^
1052 | | ...                       scanrelid as i32,
1053 | | ...                       attno as pg_sys::AttrNumber,
1054 | | ...                       (*v).vartype,
...    |
1057 | | ...                       0,
1058 | | ...                   ) as *mut pg_sys::Expr;
     | |_______________________^ call to unsafe function
     |
     = note: consult the function's documentation for information on how to avoid undefined behavior
     = note: for more information, see <https://doc.rust-lang.org/edition-guide/rust-2024/unsafe-op-in-unsafe-fn.html>

warning[E0133]: dereference of raw pointer is unsafe and requires unsafe block
    --> src/am/columnar_agg.rs:1054:33
     |
1054 | ...                   (*v).vartype,
     |                       ^^^^ dereference of raw pointer
     |
     = note: raw pointers may be null, dangling or unaligned; they can violate aliasing rules and cause data races: all of these are undefined behavior
     = note: for more information, see <https://doc.rust-lang.org/edition-guide/rust-2024/unsafe-op-in-unsafe-fn.html>

warning[E0133]: dereference of raw pointer is unsafe and requires unsafe block
    --> src/am/columnar_agg.rs:1055:33
     |
1055 | ...                   (*v).vartypmod,
     |                       ^^^^ dereference of raw pointer
     |
     = note: raw pointers may be null, dangling or unaligned; they can violate aliasing rules and cause data races: all of these are undefined behavior
     = note: for more information, see <https://doc.rust-lang.org/edition-guide/rust-2024/unsafe-op-in-unsafe-fn.html>

warning[E0133]: dereference of raw pointer is unsafe and requires unsafe block
    --> src/am/columnar_agg.rs:1056:33
     |
1056 | ...                   (*v).varcollid,
     |                       ^^^^ dereference of raw pointer
     |
     = note: raw pointers may be null, dangling or unaligned; they can violate aliasing rules and cause data races: all of these are undefined behavior
     = note: for more information, see <https://doc.rust-lang.org/edition-guide/rust-2024/unsafe-op-in-unsafe-fn.html>

warning[E0133]: call to unsafe function `pgrx::pg_sys::makeTargetEntry` is unsafe and requires unsafe block
    --> src/am/columnar_agg.rs:1065:19
     |
1065 |           let nte = pg_sys::makeTargetEntry(
     |  ___________________^
1066 | |             expr,
1067 | |             (i + 1) as pg_sys::AttrNumber,
1068 | |             (*te).resname,
1069 | |             (*te).resjunk,
1070 | |         );
     | |_________^ call to unsafe function
     |
     = note: consult the function's documentation for information on how to avoid undefined behavior
     = note: for more information, see <https://doc.rust-lang.org/edition-guide/rust-2024/unsafe-op-in-unsafe-fn.html>

warning[E0133]: dereference of raw pointer is unsafe and requires unsafe block
    --> src/am/columnar_agg.rs:1068:13
     |
1068 |             (*te).resname,
     |             ^^^^^ dereference of raw pointer
     |
     = note: raw pointers may be null, dangling or unaligned; they can violate aliasing rules and cause data races: all of these are undefined behavior
     = note: for more information, see <https://doc.rust-lang.org/edition-guide/rust-2024/unsafe-op-in-unsafe-fn.html>

warning[E0133]: dereference of raw pointer is unsafe and requires unsafe block
    --> src/am/columnar_agg.rs:1069:13
     |
1069 |             (*te).resjunk,
     |             ^^^^^ dereference of raw pointer
     |
     = note: raw pointers may be null, dangling or unaligned; they can violate aliasing rules and cause data races: all of these are undefined behavior
     = note: for more information, see <https://doc.rust-lang.org/edition-guide/rust-2024/unsafe-op-in-unsafe-fn.html>

warning[E0133]: call to unsafe function `pgrx::pg_sys::lappend` is unsafe and requires unsafe block
    --> src/am/columnar_agg.rs:1071:15
     |
1071 |         out = pg_sys::lappend(out, nte as *mut c_void);
     |               ^^^^^^^^^^^^^^^^^^^^^^^^^^^^^^^^^^^^^^^^ call to unsafe function
     |
     = note: consult the function's documentation for information on how to avoid undefined behavior
     = note: for more information, see <https://doc.rust-lang.org/edition-guide/rust-2024/unsafe-op-in-unsafe-fn.html>

warning[E0133]: call to unsafe function `pgrx::pg_sys::lappend_int` is unsafe and requires unsafe block
    --> src/am/columnar_agg.rs:1080:18
     |
1080 |     let mut pl = pg_sys::lappend_int(std::ptr::null_mut(), table_oid as i32);
     |                  ^^^^^^^^^^^^^^^^^^^^^^^^^^^^^^^^^^^^^^^^^^^^^^^^^^^^^^^^^^^ call to unsafe function
     |
     = note: consult the function's documentation for information on how to avoid undefined behavior
note: an unsafe function restricts its caller, but its body is safe by default
    --> src/am/columnar_agg.rs:1079:1
     |
1079 | unsafe fn encode_private(adm: &Admitted, table_oid: u32) -> *mut pg_sys::List {
     | ^^^^^^^^^^^^^^^^^^^^^^^^^^^^^^^^^^^^^^^^^^^^^^^^^^^^^^^^^^^^^^^^^^^^^^^^^^^^^
     = note: for more information, see <https://doc.rust-lang.org/edition-guide/rust-2024/unsafe-op-in-unsafe-fn.html>

warning[E0133]: call to unsafe function `pgrx::pg_sys::lappend_int` is unsafe and requires unsafe block
    --> src/am/columnar_agg.rs:1081:10
     |
1081 |     pl = pg_sys::lappend_int(pl, adm.mode);
     |          ^^^^^^^^^^^^^^^^^^^^^^^^^^^^^^^^^ call to unsafe function
     |
     = note: consult the function's documentation for information on how to avoid undefined behavior
     = note: for more information, see <https://doc.rust-lang.org/edition-guide/rust-2024/unsafe-op-in-unsafe-fn.html>

warning[E0133]: call to unsafe function `pgrx::pg_sys::lappend_int` is unsafe and requires unsafe block
    --> src/am/columnar_agg.rs:1082:10
     |
1082 |     pl = pg_sys::lappend_int(pl, adm.aggs.len() as i32);
     |          ^^^^^^^^^^^^^^^^^^^^^^^^^^^^^^^^^^^^^^^^^^^^^^ call to unsafe function
     |
     = note: consult the function's documentation for information on how to avoid undefined behavior
     = note: for more information, see <https://doc.rust-lang.org/edition-guide/rust-2024/unsafe-op-in-unsafe-fn.html>

warning[E0133]: call to unsafe function `pgrx::pg_sys::lappend_int` is unsafe and requires unsafe block
    --> src/am/columnar_agg.rs:1084:14
     |
1084 |         pl = pg_sys::lappend_int(pl, a.kind);
     |              ^^^^^^^^^^^^^^^^^^^^^^^^^^^^^^^ call to unsafe function
     |
     = note: consult the function's documentation for information on how to avoid undefined behavior
     = note: for more information, see <https://doc.rust-lang.org/edition-guide/rust-2024/unsafe-op-in-unsafe-fn.html>

warning[E0133]: call to unsafe function `pgrx::pg_sys::lappend_int` is unsafe and requires unsafe block
    --> src/am/columnar_agg.rs:1085:14
     |
1085 |         pl = pg_sys::lappend_int(pl, a.attno);
     |              ^^^^^^^^^^^^^^^^^^^^^^^^^^^^^^^^ call to unsafe function
     |
     = note: consult the function's documentation for information on how to avoid undefined behavior
     = note: for more information, see <https://doc.rust-lang.org/edition-guide/rust-2024/unsafe-op-in-unsafe-fn.html>

warning[E0133]: call to unsafe function `pgrx::pg_sys::lappend_int` is unsafe and requires unsafe block
    --> src/am/columnar_agg.rs:1087:10
     |
1087 |     pl = pg_sys::lappend_int(pl, adm.preds.len() as i32);
     |          ^^^^^^^^^^^^^^^^^^^^^^^^^^^^^^^^^^^^^^^^^^^^^^^ call to unsafe function
     |
     = note: consult the function's documentation for information on how to avoid undefined behavior
     = note: for more information, see <https://doc.rust-lang.org/edition-guide/rust-2024/unsafe-op-in-unsafe-fn.html>

warning[E0133]: call to unsafe function `pgrx::pg_sys::lappend_int` is unsafe and requires unsafe block
    --> src/am/columnar_agg.rs:1089:14
     |
1089 |         pl = pg_sys::lappend_int(pl, p.col as i32);
     |              ^^^^^^^^^^^^^^^^^^^^^^^^^^^^^^^^^^^^^ call to unsafe function
     |
     = note: consult the function's documentation for information on how to avoid undefined behavior
     = note: for more information, see <https://doc.rust-lang.org/edition-guide/rust-2024/unsafe-op-in-unsafe-fn.html>

warning[E0133]: call to unsafe function `pgrx::pg_sys::lappend_int` is unsafe and requires unsafe block
    --> src/am/columnar_agg.rs:1090:14
     |
1090 |         pl = pg_sys::lappend_int(pl, p.op as i32);
     |              ^^^^^^^^^^^^^^^^^^^^^^^^^^^^^^^^^^^^ call to unsafe function
     |
     = note: consult the function's documentation for information on how to avoid undefined behavior
     = note: for more information, see <https://doc.rust-lang.org/edition-guide/rust-2024/unsafe-op-in-unsafe-fn.html>

warning[E0133]: call to unsafe function `pgrx::pg_sys::lappend_int` is unsafe and requires unsafe block
    --> src/am/columnar_agg.rs:1091:14
     |
1091 |         pl = pg_sys::lappend_int(pl, (p.const_bits >> 32) as i32);
     |              ^^^^^^^^^^^^^^^^^^^^^^^^^^^^^^^^^^^^^^^^^^^^^^^^^^^^ call to unsafe function
     |
     = note: consult the function's documentation for information on how to avoid undefined behavior
     = note: for more information, see <https://doc.rust-lang.org/edition-guide/rust-2024/unsafe-op-in-unsafe-fn.html>

warning[E0133]: call to unsafe function `pgrx::pg_sys::lappend_int` is unsafe and requires unsafe block
    --> src/am/columnar_agg.rs:1092:14
     |
1092 |         pl = pg_sys::lappend_int(pl, (p.const_bits & 0xFFFF_FFFF) as i32);
     |              ^^^^^^^^^^^^^^^^^^^^^^^^^^^^^^^^^^^^^^^^^^^^^^^^^^^^^^^^^^^^ call to unsafe function
     |
     = note: consult the function's documentation for information on how to avoid undefined behavior
     = note: for more information, see <https://doc.rust-lang.org/edition-guide/rust-2024/unsafe-op-in-unsafe-fn.html>

warning[E0133]: call to unsafe function `pgrx::pg_sys::lappend_int` is unsafe and requires unsafe block
    --> src/am/columnar_agg.rs:1094:10
     |
1094 |     pl = pg_sys::lappend_int(pl, adm.group_cols.len() as i32);
     |          ^^^^^^^^^^^^^^^^^^^^^^^^^^^^^^^^^^^^^^^^^^^^^^^^^^^^ call to unsafe function
     |
     = note: consult the function's documentation for information on how to avoid undefined behavior
     = note: for more information, see <https://doc.rust-lang.org/edition-guide/rust-2024/unsafe-op-in-unsafe-fn.html>

warning[E0133]: call to unsafe function `pgrx::pg_sys::lappend_int` is unsafe and requires unsafe block
    --> src/am/columnar_agg.rs:1096:14
     |
1096 |         pl = pg_sys::lappend_int(pl, attno);
     |              ^^^^^^^^^^^^^^^^^^^^^^^^^^^^^^ call to unsafe function
     |
     = note: consult the function's documentation for information on how to avoid undefined behavior
     = note: for more information, see <https://doc.rust-lang.org/edition-guide/rust-2024/unsafe-op-in-unsafe-fn.html>

warning[E0133]: call to unsafe function `pgrx::pg_sys::lappend_int` is unsafe and requires unsafe block
    --> src/am/columnar_agg.rs:1097:14
     |
1097 |         pl = pg_sys::lappend_int(pl, typoid as i32);
     |              ^^^^^^^^^^^^^^^^^^^^^^^^^^^^^^^^^^^^^^ call to unsafe function
     |
     = note: consult the function's documentation for information on how to avoid undefined behavior
     = note: for more information, see <https://doc.rust-lang.org/edition-guide/rust-2024/unsafe-op-in-unsafe-fn.html>

warning[E0133]: call to unsafe function `pgrx::pg_sys::lappend_int` is unsafe and requires unsafe block
    --> src/am/columnar_agg.rs:1099:10
     |
1099 |     pl = pg_sys::lappend_int(pl, adm.layout.len() as i32);
     |          ^^^^^^^^^^^^^^^^^^^^^^^^^^^^^^^^^^^^^^^^^^^^^^^^ call to unsafe function
     |
     = note: consult the function's documentation for information on how to avoid undefined behavior
     = note: for more information, see <https://doc.rust-lang.org/edition-guide/rust-2024/unsafe-op-in-unsafe-fn.html>

warning[E0133]: call to unsafe function `pgrx::pg_sys::lappend_int` is unsafe and requires unsafe block
    --> src/am/columnar_agg.rs:1101:14
     |
1101 |         pl = pg_sys::lappend_int(pl, kind as i32);
     |              ^^^^^^^^^^^^^^^^^^^^^^^^^^^^^^^^^^^^ call to unsafe function
     |
     = note: consult the function's documentation for information on how to avoid undefined behavior
     = note: for more information, see <https://doc.rust-lang.org/edition-guide/rust-2024/unsafe-op-in-unsafe-fn.html>

warning[E0133]: call to unsafe function `pgrx::pg_sys::lappend_int` is unsafe and requires unsafe block
    --> src/am/columnar_agg.rs:1102:14
     |
1102 |         pl = pg_sys::lappend_int(pl, idx as i32);
     |              ^^^^^^^^^^^^^^^^^^^^^^^^^^^^^^^^^^^ call to unsafe function
     |
     = note: consult the function's documentation for information on how to avoid undefined behavior
     = note: for more information, see <https://doc.rust-lang.org/edition-guide/rust-2024/unsafe-op-in-unsafe-fn.html>

warning[E0133]: call to unsafe function `pgrx::pg_sys::pstrdup` is unsafe and requires unsafe block
    --> src/am/columnar_agg.rs:1116:21
     |
1116 |         let pgstr = pg_sys::pstrdup(cneedle.as_ptr()); // copy into the current (planner) memory context
     |                     ^^^^^^^^^^^^^^^^^^^^^^^^^^^^^^^^^ call to unsafe function
     |
     = note: consult the function's documentation for information on how to avoid undefined behavior
note: an unsafe function restricts its caller, but its body is safe by default
    --> src/am/columnar_agg.rs:1112:1
     |
1112 | unsafe fn encode_text_preds(tpreds: &[TextPredicate]) -> Option<*mut pg_sys::List> {
     | ^^^^^^^^^^^^^^^^^^^^^^^^^^^^^^^^^^^^^^^^^^^^^^^^^^^^^^^^^^^^^^^^^^^^^^^^^^^^^^^^^^
     = note: for more information, see <https://doc.rust-lang.org/edition-guide/rust-2024/unsafe-op-in-unsafe-fn.html>

warning[E0133]: call to unsafe function `pgrx::pg_sys::lappend` is unsafe and requires unsafe block
    --> src/am/columnar_agg.rs:1118:17
     |
1118 |         entry = pg_sys::lappend(entry, pg_sys::makeInteger(t.col as i32) as *mut c_void);
     |                 ^^^^^^^^^^^^^^^^^^^^^^^^^^^^^^^^^^^^^^^^^^^^^^^^^^^^^^^^^^^^^^^^^^^^^^^^ call to unsafe function
     |
     = note: consult the function's documentation for information on how to avoid undefined behavior
     = note: for more information, see <https://doc.rust-lang.org/edition-guide/rust-2024/unsafe-op-in-unsafe-fn.html>

warning[E0133]: call to unsafe function `pgrx::pg_sys::makeInteger` is unsafe and requires unsafe block
    --> src/am/columnar_agg.rs:1118:40
     |
1118 |         entry = pg_sys::lappend(entry, pg_sys::makeInteger(t.col as i32) as *mut c_void);
     |                                        ^^^^^^^^^^^^^^^^^^^^^^^^^^^^^^^^^ call to unsafe function
     |
     = note: consult the function's documentation for information on how to avoid undefined behavior
     = note: for more information, see <https://doc.rust-lang.org/edition-guide/rust-2024/unsafe-op-in-unsafe-fn.html>

warning[E0133]: call to unsafe function `pgrx::pg_sys::lappend` is unsafe and requires unsafe block
    --> src/am/columnar_agg.rs:1119:17
     |
1119 |         entry = pg_sys::lappend(entry, pg_sys::makeInteger(t.op as i32) as *mut c_void);
     |                 ^^^^^^^^^^^^^^^^^^^^^^^^^^^^^^^^^^^^^^^^^^^^^^^^^^^^^^^^^^^^^^^^^^^^^^^ call to unsafe function
     |
     = note: consult the function's documentation for information on how to avoid undefined behavior
     = note: for more information, see <https://doc.rust-lang.org/edition-guide/rust-2024/unsafe-op-in-unsafe-fn.html>

warning[E0133]: call to unsafe function `pgrx::pg_sys::makeInteger` is unsafe and requires unsafe block
    --> src/am/columnar_agg.rs:1119:40
     |
1119 |         entry = pg_sys::lappend(entry, pg_sys::makeInteger(t.op as i32) as *mut c_void);
     |                                        ^^^^^^^^^^^^^^^^^^^^^^^^^^^^^^^^ call to unsafe function
     |
     = note: consult the function's documentation for information on how to avoid undefined behavior
     = note: for more information, see <https://doc.rust-lang.org/edition-guide/rust-2024/unsafe-op-in-unsafe-fn.html>

warning[E0133]: call to unsafe function `pgrx::pg_sys::lappend` is unsafe and requires unsafe block
    --> src/am/columnar_agg.rs:1120:17
     |
1120 |         entry = pg_sys::lappend(entry, pg_sys::makeString(pgstr) as *mut c_void);
     |                 ^^^^^^^^^^^^^^^^^^^^^^^^^^^^^^^^^^^^^^^^^^^^^^^^^^^^^^^^^^^^^^^^ call to unsafe function
     |
     = note: consult the function's documentation for information on how to avoid undefined behavior
     = note: for more information, see <https://doc.rust-lang.org/edition-guide/rust-2024/unsafe-op-in-unsafe-fn.html>

warning[E0133]: call to unsafe function `pgrx::pg_sys::makeString` is unsafe and requires unsafe block
    --> src/am/columnar_agg.rs:1120:40
     |
1120 |         entry = pg_sys::lappend(entry, pg_sys::makeString(pgstr) as *mut c_void);
     |                                        ^^^^^^^^^^^^^^^^^^^^^^^^^ call to unsafe function
     |
     = note: consult the function's documentation for information on how to avoid undefined behavior
     = note: for more information, see <https://doc.rust-lang.org/edition-guide/rust-2024/unsafe-op-in-unsafe-fn.html>

warning[E0133]: call to unsafe function `pgrx::pg_sys::lappend` is unsafe and requires unsafe block
    --> src/am/columnar_agg.rs:1121:17
     |
1121 |         outer = pg_sys::lappend(outer, entry as *mut c_void);
     |                 ^^^^^^^^^^^^^^^^^^^^^^^^^^^^^^^^^^^^^^^^^^^^ call to unsafe function
     |
     = note: consult the function's documentation for information on how to avoid undefined behavior
     = note: for more information, see <https://doc.rust-lang.org/edition-guide/rust-2024/unsafe-op-in-unsafe-fn.html>

warning[E0133]: call to unsafe function `pgrx::pg_sys::pstrdup` is unsafe and requires unsafe block
    --> src/am/columnar_agg.rs:1133:21
     |
1133 |         let pgstr = pg_sys::pstrdup(std::ffi::CString::new(g.unit.as_str()).unwrap_or_default().as_ptr());
     |                     ^^^^^^^^^^^^^^^^^^^^^^^^^^^^^^^^^^^^^^^^^^^^^^^^^^^^^^^^^^^^^^^^^^^^^^^^^^^^^^^^^^^^^ call to unsafe function
     |
     = note: consult the function's documentation for information on how to avoid undefined behavior
note: an unsafe function restricts its caller, but its body is safe by default
    --> src/am/columnar_agg.rs:1129:1
     |
1129 | unsafe fn encode_group_exprs(gexprs: &[GroupExprSpec]) -> *mut pg_sys::List {
     | ^^^^^^^^^^^^^^^^^^^^^^^^^^^^^^^^^^^^^^^^^^^^^^^^^^^^^^^^^^^^^^^^^^^^^^^^^^^
     = note: for more information, see <https://doc.rust-lang.org/edition-guide/rust-2024/unsafe-op-in-unsafe-fn.html>

warning[E0133]: call to unsafe function `pgrx::pg_sys::lappend` is unsafe and requires unsafe block
    --> src/am/columnar_agg.rs:1135:17
     |
1135 |         entry = pg_sys::lappend(entry, pg_sys::makeInteger(g.base_attno) as *mut c_void);
     |                 ^^^^^^^^^^^^^^^^^^^^^^^^^^^^^^^^^^^^^^^^^^^^^^^^^^^^^^^^^^^^^^^^^^^^^^^^ call to unsafe function
     |
     = note: consult the function's documentation for information on how to avoid undefined behavior
     = note: for more information, see <https://doc.rust-lang.org/edition-guide/rust-2024/unsafe-op-in-unsafe-fn.html>

warning[E0133]: call to unsafe function `pgrx::pg_sys::makeInteger` is unsafe and requires unsafe block
    --> src/am/columnar_agg.rs:1135:40
     |
1135 |         entry = pg_sys::lappend(entry, pg_sys::makeInteger(g.base_attno) as *mut c_void);
     |                                        ^^^^^^^^^^^^^^^^^^^^^^^^^^^^^^^^^ call to unsafe function
     |
     = note: consult the function's documentation for information on how to avoid undefined behavior
     = note: for more information, see <https://doc.rust-lang.org/edition-guide/rust-2024/unsafe-op-in-unsafe-fn.html>

warning[E0133]: call to unsafe function `pgrx::pg_sys::lappend` is unsafe and requires unsafe block
    --> src/am/columnar_agg.rs:1136:17
     |
1136 |         entry = pg_sys::lappend(entry, pg_sys::makeInteger(g.func as i32) as *mut c_void);
     |                 ^^^^^^^^^^^^^^^^^^^^^^^^^^^^^^^^^^^^^^^^^^^^^^^^^^^^^^^^^^^^^^^^^^^^^^^^^ call to unsafe function
     |
     = note: consult the function's documentation for information on how to avoid undefined behavior
     = note: for more information, see <https://doc.rust-lang.org/edition-guide/rust-2024/unsafe-op-in-unsafe-fn.html>

warning[E0133]: call to unsafe function `pgrx::pg_sys::makeInteger` is unsafe and requires unsafe block
    --> src/am/columnar_agg.rs:1136:40
     |
1136 |         entry = pg_sys::lappend(entry, pg_sys::makeInteger(g.func as i32) as *mut c_void);
     |                                        ^^^^^^^^^^^^^^^^^^^^^^^^^^^^^^^^^^ call to unsafe function
     |
     = note: consult the function's documentation for information on how to avoid undefined behavior
     = note: for more information, see <https://doc.rust-lang.org/edition-guide/rust-2024/unsafe-op-in-unsafe-fn.html>

warning[E0133]: call to unsafe function `pgrx::pg_sys::lappend` is unsafe and requires unsafe block
    --> src/am/columnar_agg.rs:1137:17
     |
1137 |         entry = pg_sys::lappend(entry, pg_sys::makeString(pgstr) as *mut c_void);
     |                 ^^^^^^^^^^^^^^^^^^^^^^^^^^^^^^^^^^^^^^^^^^^^^^^^^^^^^^^^^^^^^^^^ call to unsafe function
     |
     = note: consult the function's documentation for information on how to avoid undefined behavior
     = note: for more information, see <https://doc.rust-lang.org/edition-guide/rust-2024/unsafe-op-in-unsafe-fn.html>

warning[E0133]: call to unsafe function `pgrx::pg_sys::makeString` is unsafe and requires unsafe block
    --> src/am/columnar_agg.rs:1137:40
     |
1137 |         entry = pg_sys::lappend(entry, pg_sys::makeString(pgstr) as *mut c_void);
     |                                        ^^^^^^^^^^^^^^^^^^^^^^^^^ call to unsafe function
     |
     = note: consult the function's documentation for information on how to avoid undefined behavior
     = note: for more information, see <https://doc.rust-lang.org/edition-guide/rust-2024/unsafe-op-in-unsafe-fn.html>

warning[E0133]: call to unsafe function `pgrx::pg_sys::lappend` is unsafe and requires unsafe block
    --> src/am/columnar_agg.rs:1138:17
     |
1138 |         entry = pg_sys::lappend(entry, pg_sys::makeInteger(g.out_typoid as i32) as *mut c_void);
     |                 ^^^^^^^^^^^^^^^^^^^^^^^^^^^^^^^^^^^^^^^^^^^^^^^^^^^^^^^^^^^^^^^^^^^^^^^^^^^^^^^ call to unsafe function
     |
     = note: consult the function's documentation for information on how to avoid undefined behavior
     = note: for more information, see <https://doc.rust-lang.org/edition-guide/rust-2024/unsafe-op-in-unsafe-fn.html>

warning[E0133]: call to unsafe function `pgrx::pg_sys::makeInteger` is unsafe and requires unsafe block
    --> src/am/columnar_agg.rs:1138:40
     |
1138 |         entry = pg_sys::lappend(entry, pg_sys::makeInteger(g.out_typoid as i32) as *mut c_void);
     |                                        ^^^^^^^^^^^^^^^^^^^^^^^^^^^^^^^^^^^^^^^^ call to unsafe function
     |
     = note: consult the function's documentation for information on how to avoid undefined behavior
     = note: for more information, see <https://doc.rust-lang.org/edition-guide/rust-2024/unsafe-op-in-unsafe-fn.html>

warning[E0133]: call to unsafe function `pgrx::pg_sys::lappend` is unsafe and requires unsafe block
    --> src/am/columnar_agg.rs:1139:17
     |
1139 |         outer = pg_sys::lappend(outer, entry as *mut c_void);
     |                 ^^^^^^^^^^^^^^^^^^^^^^^^^^^^^^^^^^^^^^^^^^^^ call to unsafe function
     |
     = note: consult the function's documentation for information on how to avoid undefined behavior
     = note: for more information, see <https://doc.rust-lang.org/edition-guide/rust-2024/unsafe-op-in-unsafe-fn.html>

warning[E0133]: dereference of raw pointer is unsafe and requires unsafe block
    --> src/am/columnar_agg.rs:1155:8
     |
1155 |     if (*agg).aggsplit != pg_sys::AggSplit::AGGSPLIT_SIMPLE {
     |        ^^^^^^ dereference of raw pointer
     |
     = note: raw pointers may be null, dangling or unaligned; they can violate aliasing rules and cause data races: all of these are undefined behavior
note: an unsafe function restricts its caller, but its body is safe by default
    --> src/am/columnar_agg.rs:1146:1
     |
1146 | / unsafe fn try_swap_agg(
1147 | |     plan: *mut pg_sys::Plan,
1148 | |     rtable: *mut pg_sys::List,
1149 | |     parent: *mut pg_sys::Plan,
1150 | | ) -> Option<*mut pg_sys::Plan> {
     | |______________________________^
     = note: for more information, see <https://doc.rust-lang.org/edition-guide/rust-2024/unsafe-op-in-unsafe-fn.html>

warning[E0133]: dereference of raw pointer is unsafe and requires unsafe block
    --> src/am/columnar_agg.rs:1163:17
     |
1163 |     let strat = (*agg).aggstrategy;
     |                 ^^^^^^ dereference of raw pointer
     |
     = note: raw pointers may be null, dangling or unaligned; they can violate aliasing rules and cause data races: all of these are undefined behavior
     = note: for more information, see <https://doc.rust-lang.org/edition-guide/rust-2024/unsafe-op-in-unsafe-fn.html>

warning[E0133]: call to unsafe function `am::columnar_agg::find_scan_relid` is unsafe and requires unsafe block
    --> src/am/columnar_agg.rs:1171:21
     |
1171 |     let scanrelid = find_scan_relid((*agg).plan.lefttree)?;
     |                     ^^^^^^^^^^^^^^^^^^^^^^^^^^^^^^^^^^^^^ call to unsafe function
     |
     = note: consult the function's documentation for information on how to avoid undefined behavior
     = note: for more information, see <https://doc.rust-lang.org/edition-guide/rust-2024/unsafe-op-in-unsafe-fn.html>

warning[E0133]: dereference of raw pointer is unsafe and requires unsafe block
    --> src/am/columnar_agg.rs:1171:37
     |
1171 |     let scanrelid = find_scan_relid((*agg).plan.lefttree)?;
     |                                     ^^^^^^ dereference of raw pointer
     |
     = note: raw pointers may be null, dangling or unaligned; they can violate aliasing rules and cause data races: all of these are undefined behavior
     = note: for more information, see <https://doc.rust-lang.org/edition-guide/rust-2024/unsafe-op-in-unsafe-fn.html>

warning[E0133]: call to unsafe function `pgrx::pg_sys::list_nth` is unsafe and requires unsafe block
    --> src/am/columnar_agg.rs:1172:20
     |
1172 |     let scan_rte = pg_sys::list_nth(rtable, (scanrelid - 1) as i32) as *mut pg_sys::RangeTblEntry;
     |                    ^^^^^^^^^^^^^^^^^^^^^^^^^^^^^^^^^^^^^^^^^^^^^^^^ call to unsafe function
     |
     = note: consult the function's documentation for information on how to avoid undefined behavior
     = note: for more information, see <https://doc.rust-lang.org/edition-guide/rust-2024/unsafe-op-in-unsafe-fn.html>

warning[E0133]: dereference of raw pointer is unsafe and requires unsafe block
    --> src/am/columnar_agg.rs:1177:21
     |
1177 |     let table_oid = (*scan_rte).relid.to_u32();
     |                     ^^^^^^^^^^^ dereference of raw pointer
     |
     = note: raw pointers may be null, dangling or unaligned; they can violate aliasing rules and cause data races: all of these are undefined behavior
     = note: for more information, see <https://doc.rust-lang.org/edition-guide/rust-2024/unsafe-op-in-unsafe-fn.html>

warning[E0133]: call to unsafe function `pgrx::pg_sys::list_length` is unsafe and requires unsafe block
    --> src/am/columnar_agg.rs:1178:21
     |
1178 |     let out_arity = pg_sys::list_length((*agg).plan.targetlist) as usize;
     |                     ^^^^^^^^^^^^^^^^^^^^^^^^^^^^^^^^^^^^^^^^^^^ call to unsafe function
     |
     = note: consult the function's documentation for information on how to avoid undefined behavior
     = note: for more information, see <https://doc.rust-lang.org/edition-guide/rust-2024/unsafe-op-in-unsafe-fn.html>

warning[E0133]: dereference of raw pointer is unsafe and requires unsafe block
    --> src/am/columnar_agg.rs:1178:41
     |
1178 |     let out_arity = pg_sys::list_length((*agg).plan.targetlist) as usize;
     |                                         ^^^^^^ dereference of raw pointer
     |
     = note: raw pointers may be null, dangling or unaligned; they can violate aliasing rules and cause data races: all of these are undefined behavior
     = note: for more information, see <https://doc.rust-lang.org/edition-guide/rust-2024/unsafe-op-in-unsafe-fn.html>

warning[E0133]: dereference of raw pointer is unsafe and requires unsafe block
    --> src/am/columnar_agg.rs:1179:19
     |
1179 |     let numcols = (*agg).numCols as usize;
     |                   ^^^^^^ dereference of raw pointer
     |
     = note: raw pointers may be null, dangling or unaligned; they can violate aliasing rules and cause data races: all of these are undefined behavior
     = note: for more information, see <https://doc.rust-lang.org/edition-guide/rust-2024/unsafe-op-in-unsafe-fn.html>

warning[E0133]: dereference of raw pointer is unsafe and requires unsafe block
    --> src/am/columnar_agg.rs:1209:36
     |
1209 |             if parent.is_null() || (*parent).type_ != pg_sys::NodeTag::T_Sort {
     |                                    ^^^^^^^^^ dereference of raw pointer
     |
     = note: raw pointers may be null, dangling or unaligned; they can violate aliasing rules and cause data races: all of these are undefined behavior
     = note: for more information, see <https://doc.rust-lang.org/edition-guide/rust-2024/unsafe-op-in-unsafe-fn.html>

warning[E0133]: dereference of raw pointer is unsafe and requires unsafe block
    --> src/am/columnar_agg.rs:1216:25
     |
1216 |             let child = (*agg).plan.lefttree;
     |                         ^^^^^^ dereference of raw pointer
     |
     = note: raw pointers may be null, dangling or unaligned; they can violate aliasing rules and cause data races: all of these are undefined behavior
     = note: for more information, see <https://doc.rust-lang.org/edition-guide/rust-2024/unsafe-op-in-unsafe-fn.html>

warning[E0133]: dereference of raw pointer is unsafe and requires unsafe block
    --> src/am/columnar_agg.rs:1217:35
     |
1217 |             if child.is_null() || (*child).type_ != pg_sys::NodeTag::T_Sort {
     |                                   ^^^^^^^^ dereference of raw pointer
     |
     = note: raw pointers may be null, dangling or unaligned; they can violate aliasing rules and cause data races: all of these are undefined behavior
     = note: for more information, see <https://doc.rust-lang.org/edition-guide/rust-2024/unsafe-op-in-unsafe-fn.html>

warning[E0133]: dereference of raw pointer is unsafe and requires unsafe block
    --> src/am/columnar_agg.rs:1221:25
     |
1221 |             for i in 0..(*s).numCols as usize {
     |                         ^^^^ dereference of raw pointer
     |
     = note: raw pointers may be null, dangling or unaligned; they can violate aliasing rules and cause data races: all of these are undefined behavior
     = note: for more information, see <https://doc.rust-lang.org/edition-guide/rust-2024/unsafe-op-in-unsafe-fn.html>

warning[E0133]: dereference of raw pointer is unsafe and requires unsafe block
    --> src/am/columnar_agg.rs:1222:20
     |
1222 |                 if *(*s).nullsFirst.add(i) {
     |                    ^^^^^^^^^^^^^^^^^^^^^^^ dereference of raw pointer
     |
     = note: raw pointers may be null, dangling or unaligned; they can violate aliasing rules and cause data races: all of these are undefined behavior
     = note: for more information, see <https://doc.rust-lang.org/edition-guide/rust-2024/unsafe-op-in-unsafe-fn.html>

warning[E0133]: call to unsafe function `std::ptr::mut_ptr::<impl *mut T>::add` is unsafe and requires unsafe block
    --> src/am/columnar_agg.rs:1222:21
     |
1222 |                 if *(*s).nullsFirst.add(i) {
     |                     ^^^^^^^^^^^^^^^^^^^^^^ call to unsafe function
     |
     = note: consult the function's documentation for information on how to avoid undefined behavior
     = note: for more information, see <https://doc.rust-lang.org/edition-guide/rust-2024/unsafe-op-in-unsafe-fn.html>

warning[E0133]: dereference of raw pointer is unsafe and requires unsafe block
    --> src/am/columnar_agg.rs:1222:21
     |
1222 |                 if *(*s).nullsFirst.add(i) {
     |                     ^^^^ dereference of raw pointer
     |
     = note: raw pointers may be null, dangling or unaligned; they can violate aliasing rules and cause data races: all of these are undefined behavior
     = note: for more information, see <https://doc.rust-lang.org/edition-guide/rust-2024/unsafe-op-in-unsafe-fn.html>

warning[E0133]: dereference of raw pointer is unsafe and requires unsafe block
    --> src/am/columnar_agg.rs:1226:28
     |
1226 |                 let opno = *(*s).sortOperators.add(i);
     |                            ^^^^^^^^^^^^^^^^^^^^^^^^^^ dereference of raw pointer
     |
     = note: raw pointers may be null, dangling or unaligned; they can violate aliasing rules and cause data races: all of these are undefined behavior
     = note: for more information, see <https://doc.rust-lang.org/edition-guide/rust-2024/unsafe-op-in-unsafe-fn.html>

warning[E0133]: call to unsafe function `std::ptr::mut_ptr::<impl *mut T>::add` is unsafe and requires unsafe block
    --> src/am/columnar_agg.rs:1226:29
     |
1226 |                 let opno = *(*s).sortOperators.add(i);
     |                             ^^^^^^^^^^^^^^^^^^^^^^^^^ call to unsafe function
     |
     = note: consult the function's documentation for information on how to avoid undefined behavior
     = note: for more information, see <https://doc.rust-lang.org/edition-guide/rust-2024/unsafe-op-in-unsafe-fn.html>

warning[E0133]: dereference of raw pointer is unsafe and requires unsafe block
    --> src/am/columnar_agg.rs:1226:29
     |
1226 |                 let opno = *(*s).sortOperators.add(i);
     |                             ^^^^ dereference of raw pointer
     |
     = note: raw pointers may be null, dangling or unaligned; they can violate aliasing rules and cause data races: all of these are undefined behavior
     = note: for more information, see <https://doc.rust-lang.org/edition-guide/rust-2024/unsafe-op-in-unsafe-fn.html>

warning[E0133]: call to unsafe function `pgrx::pg_sys::get_ordering_op_properties` is unsafe and requires unsafe block
    --> src/am/columnar_agg.rs:1240:13
     |
1240 |             pg_sys::get_ordering_op_properties(opno, &mut opfamily, &mut opcintype, &mut cmptype);
     |             ^^^^^^^^^^^^^^^^^^^^^^^^^^^^^^^^^^^^^^^^^^^^^^^^^^^^^^^^^^^^^^^^^^^^^^^^^^^^^^^^^^^^^ call to unsafe function
     |
     = note: consult the function's documentation for information on how to avoid undefined behavior
     = note: for more information, see <https://doc.rust-lang.org/edition-guide/rust-2024/unsafe-op-in-unsafe-fn.html>

warning[E0133]: dereference of raw pointer is unsafe and requires unsafe block
    --> src/am/columnar_agg.rs:1249:17
     |
1249 |     let tlist = (*agg).plan.targetlist;
     |                 ^^^^^^ dereference of raw pointer
     |
     = note: raw pointers may be null, dangling or unaligned; they can violate aliasing rules and cause data races: all of these are undefined behavior
     = note: for more information, see <https://doc.rust-lang.org/edition-guide/rust-2024/unsafe-op-in-unsafe-fn.html>

warning[E0133]: call to unsafe function `pgrx::PgBox::<T, AllocatedBy>::alloc_node` is unsafe and requires unsafe block
    --> src/am/columnar_agg.rs:1250:21
     |
1250 |     let mut cscan = PgBox::<pg_sys::CustomScan>::alloc_node(pg_sys::NodeTag::T_CustomScan);
     |                     ^^^^^^^^^^^^^^^^^^^^^^^^^^^^^^^^^^^^^^^^^^^^^^^^^^^^^^^^^^^^^^^^^^^^^^ call to unsafe function
     |
     = note: consult the function's documentation for information on how to avoid undefined behavior
     = note: for more information, see <https://doc.rust-lang.org/edition-guide/rust-2024/unsafe-op-in-unsafe-fn.html>

warning[E0133]: call to unsafe function `am::columnar_agg::plain_var_tlist` is unsafe and requires unsafe block
    --> src/am/columnar_agg.rs:1253:31
     |
1253 |         plan_out.targetlist = plain_var_tlist(tlist);
     |                               ^^^^^^^^^^^^^^^^^^^^^^ call to unsafe function
     |
     = note: consult the function's documentation for information on how to avoid undefined behavior
     = note: for more information, see <https://doc.rust-lang.org/edition-guide/rust-2024/unsafe-op-in-unsafe-fn.html>

warning[E0133]: dereference of raw pointer is unsafe and requires unsafe block
    --> src/am/columnar_agg.rs:1257:33
     |
1257 |         plan_out.plan_node_id = (*agg).plan.plan_node_id;
     |                                 ^^^^^^ dereference of raw pointer
     |
     = note: raw pointers may be null, dangling or unaligned; they can violate aliasing rules and cause data races: all of these are undefined behavior
     = note: for more information, see <https://doc.rust-lang.org/edition-guide/rust-2024/unsafe-op-in-unsafe-fn.html>

warning[E0133]: dereference of raw pointer is unsafe and requires unsafe block
    --> src/am/columnar_agg.rs:1258:33
     |
1258 |         plan_out.startup_cost = (*agg).plan.startup_cost;
     |                                 ^^^^^^ dereference of raw pointer
     |
     = note: raw pointers may be null, dangling or unaligned; they can violate aliasing rules and cause data races: all of these are undefined behavior
     = note: for more information, see <https://doc.rust-lang.org/edition-guide/rust-2024/unsafe-op-in-unsafe-fn.html>

warning[E0133]: dereference of raw pointer is unsafe and requires unsafe block
    --> src/am/columnar_agg.rs:1259:31
     |
1259 |         plan_out.total_cost = (*agg).plan.total_cost;
     |                               ^^^^^^ dereference of raw pointer
     |
     = note: raw pointers may be null, dangling or unaligned; they can violate aliasing rules and cause data races: all of these are undefined behavior
     = note: for more information, see <https://doc.rust-lang.org/edition-guide/rust-2024/unsafe-op-in-unsafe-fn.html>

warning[E0133]: dereference of raw pointer is unsafe and requires unsafe block
    --> src/am/columnar_agg.rs:1260:30
     |
1260 |         plan_out.plan_rows = (*agg).plan.plan_rows;
     |                              ^^^^^^ dereference of raw pointer
     |
     = note: raw pointers may be null, dangling or unaligned; they can violate aliasing rules and cause data races: all of these are undefined behavior
     = note: for more information, see <https://doc.rust-lang.org/edition-guide/rust-2024/unsafe-op-in-unsafe-fn.html>

warning[E0133]: dereference of raw pointer is unsafe and requires unsafe block
    --> src/am/columnar_agg.rs:1261:31
     |
1261 |         plan_out.plan_width = (*agg).plan.plan_width;
     |                               ^^^^^^ dereference of raw pointer
     |
     = note: raw pointers may be null, dangling or unaligned; they can violate aliasing rules and cause data races: all of these are undefined behavior
     = note: for more information, see <https://doc.rust-lang.org/edition-guide/rust-2024/unsafe-op-in-unsafe-fn.html>

warning[E0133]: dereference of raw pointer is unsafe and requires unsafe block
    --> src/am/columnar_agg.rs:1263:34
     |
1263 |         plan_out.parallel_safe = (*agg).plan.parallel_safe;
     |                                  ^^^^^^ dereference of raw pointer
     |
     = note: raw pointers may be null, dangling or unaligned; they can violate aliasing rules and cause data races: all of these are undefined behavior
     = note: for more information, see <https://doc.rust-lang.org/edition-guide/rust-2024/unsafe-op-in-unsafe-fn.html>

warning[E0133]: call to unsafe function `am::columnar_agg::encode_private` is unsafe and requires unsafe block
    --> src/am/columnar_agg.rs:1273:23
     |
1273 |     let int_channel = encode_private(&adm, table_oid);
     |                       ^^^^^^^^^^^^^^^^^^^^^^^^^^^^^^^ call to unsafe function
     |
     = note: consult the function's documentation for information on how to avoid undefined behavior
     = note: for more information, see <https://doc.rust-lang.org/edition-guide/rust-2024/unsafe-op-in-unsafe-fn.html>

warning[E0133]: call to unsafe function `am::columnar_agg::encode_text_preds` is unsafe and requires unsafe block
    --> src/am/columnar_agg.rs:1274:24
     |
1274 |     let text_channel = encode_text_preds(&adm.text_preds)?;
     |                        ^^^^^^^^^^^^^^^^^^^^^^^^^^^^^^^^^^ call to unsafe function
     |
     = note: consult the function's documentation for information on how to avoid undefined behavior
     = note: for more information, see <https://doc.rust-lang.org/edition-guide/rust-2024/unsafe-op-in-unsafe-fn.html>

warning[E0133]: call to unsafe function `am::columnar_agg::encode_group_exprs` is unsafe and requires unsafe block
    --> src/am/columnar_agg.rs:1275:30
     |
1275 |     let group_expr_channel = encode_group_exprs(&adm.group_exprs);
     |                              ^^^^^^^^^^^^^^^^^^^^^^^^^^^^^^^^^^^^ call to unsafe function
     |
     = note: consult the function's documentation for information on how to avoid undefined behavior
     = note: for more information, see <https://doc.rust-lang.org/edition-guide/rust-2024/unsafe-op-in-unsafe-fn.html>

warning[E0133]: call to unsafe function `pgrx::pg_sys::lappend` is unsafe and requires unsafe block
    --> src/am/columnar_agg.rs:1276:21
     |
1276 |     let mut outer = pg_sys::lappend(std::ptr::null_mut(), int_channel as *mut c_void);
     |                     ^^^^^^^^^^^^^^^^^^^^^^^^^^^^^^^^^^^^^^^^^^^^^^^^^^^^^^^^^^^^^^^^^ call to unsafe function
     |
     = note: consult the function's documentation for information on how to avoid undefined behavior
     = note: for more information, see <https://doc.rust-lang.org/edition-guide/rust-2024/unsafe-op-in-unsafe-fn.html>

warning[E0133]: call to unsafe function `pgrx::pg_sys::lappend` is unsafe and requires unsafe block
    --> src/am/columnar_agg.rs:1277:13
     |
1277 |     outer = pg_sys::lappend(outer, text_channel as *mut c_void);
     |             ^^^^^^^^^^^^^^^^^^^^^^^^^^^^^^^^^^^^^^^^^^^^^^^^^^^ call to unsafe function
     |
     = note: consult the function's documentation for information on how to avoid undefined behavior
     = note: for more information, see <https://doc.rust-lang.org/edition-guide/rust-2024/unsafe-op-in-unsafe-fn.html>

warning[E0133]: call to unsafe function `pgrx::pg_sys::lappend` is unsafe and requires unsafe block
    --> src/am/columnar_agg.rs:1278:13
     |
1278 |     outer = pg_sys::lappend(outer, group_expr_channel as *mut c_void);
     |             ^^^^^^^^^^^^^^^^^^^^^^^^^^^^^^^^^^^^^^^^^^^^^^^^^^^^^^^^^ call to unsafe function
     |
     = note: consult the function's documentation for information on how to avoid undefined behavior
     = note: for more information, see <https://doc.rust-lang.org/edition-guide/rust-2024/unsafe-op-in-unsafe-fn.html>

warning[E0133]: call to unsafe function `am::columnar_agg::deparse_safe_tlist` is unsafe and requires unsafe block
    --> src/am/columnar_agg.rs:1285:22
     |
1285 |     let safe_tlist = deparse_safe_tlist(tlist, &adm, scanrelid);
     |                      ^^^^^^^^^^^^^^^^^^^^^^^^^^^^^^^^^^^^^^^^^^ call to unsafe function
     |
     = note: consult the function's documentation for information on how to avoid undefined behavior
     = note: for more information, see <https://doc.rust-lang.org/edition-guide/rust-2024/unsafe-op-in-unsafe-fn.html>

warning[E0133]: call to unsafe function `pgrx::pg_sys::list_length` is unsafe and requires unsafe block
    --> src/am/columnar_agg.rs:1286:32
     |
1286 |     if safe_tlist.is_null() || pg_sys::list_length(safe_tlist) as usize != out_arity {
     |                                ^^^^^^^^^^^^^^^^^^^^^^^^^^^^^^^ call to unsafe function
     |
     = note: consult the function's documentation for information on how to avoid undefined behavior
     = note: for more information, see <https://doc.rust-lang.org/edition-guide/rust-2024/unsafe-op-in-unsafe-fn.html>

warning[E0133]: dereference of raw pointer is unsafe and requires unsafe block
    --> src/am/columnar_agg.rs:1304:16
     |
1304 |     let plan = *slot;
     |                ^^^^^ dereference of raw pointer
     |
     = note: raw pointers may be null, dangling or unaligned; they can violate aliasing rules and cause data races: all of these are undefined behavior
note: an unsafe function restricts its caller, but its body is safe by default
    --> src/am/columnar_agg.rs:1299:1
     |
1299 | / unsafe fn swap_walk(
1300 | |     slot: *mut *mut pg_sys::Plan,
1301 | |     rtable: *mut pg_sys::List,
1302 | |     parent: *mut pg_sys::Plan,
1303 | | ) {
     | |_^
     = note: for more information, see <https://doc.rust-lang.org/edition-guide/rust-2024/unsafe-op-in-unsafe-fn.html>

warning[E0133]: dereference of raw pointer is unsafe and requires unsafe block
    --> src/am/columnar_agg.rs:1308:8
     |
1308 |     if (*plan).type_ == pg_sys::NodeTag::T_Agg {
     |        ^^^^^^^ dereference of raw pointer
     |
     = note: raw pointers may be null, dangling or unaligned; they can violate aliasing rules and cause data races: all of these are undefined behavior
     = note: for more information, see <https://doc.rust-lang.org/edition-guide/rust-2024/unsafe-op-in-unsafe-fn.html>

warning[E0133]: call to unsafe function `am::columnar_agg::try_swap_agg` is unsafe and requires unsafe block
    --> src/am/columnar_agg.rs:1309:32
     |
1309 |         if let Some(newnode) = try_swap_agg(plan, rtable, parent) {
     |                                ^^^^^^^^^^^^^^^^^^^^^^^^^^^^^^^^^^ call to unsafe function
     |
     = note: consult the function's documentation for information on how to avoid undefined behavior
     = note: for more information, see <https://doc.rust-lang.org/edition-guide/rust-2024/unsafe-op-in-unsafe-fn.html>

warning[E0133]: dereference of raw pointer is unsafe and requires unsafe block
    --> src/am/columnar_agg.rs:1310:13
     |
1310 |             *slot = newnode;
     |             ^^^^^ dereference of raw pointer
     |
     = note: raw pointers may be null, dangling or unaligned; they can violate aliasing rules and cause data races: all of these are undefined behavior
     = note: for more information, see <https://doc.rust-lang.org/edition-guide/rust-2024/unsafe-op-in-unsafe-fn.html>

warning[E0133]: call to unsafe function `am::columnar_agg::swap_walk` is unsafe and requires unsafe block
    --> src/am/columnar_agg.rs:1314:5
     |
1314 |     swap_walk(&mut (*plan).lefttree, rtable, plan);
     |     ^^^^^^^^^^^^^^^^^^^^^^^^^^^^^^^^^^^^^^^^^^^^^^ call to unsafe function
     |
     = note: consult the function's documentation for information on how to avoid undefined behavior
     = note: for more information, see <https://doc.rust-lang.org/edition-guide/rust-2024/unsafe-op-in-unsafe-fn.html>

warning[E0133]: dereference of raw pointer is unsafe and requires unsafe block
    --> src/am/columnar_agg.rs:1314:20
     |
1314 |     swap_walk(&mut (*plan).lefttree, rtable, plan);
     |                    ^^^^^^^ dereference of raw pointer
     |
     = note: raw pointers may be null, dangling or unaligned; they can violate aliasing rules and cause data races: all of these are undefined behavior
     = note: for more information, see <https://doc.rust-lang.org/edition-guide/rust-2024/unsafe-op-in-unsafe-fn.html>

warning[E0133]: call to unsafe function `am::columnar_agg::swap_walk` is unsafe and requires unsafe block
    --> src/am/columnar_agg.rs:1315:5
     |
1315 |     swap_walk(&mut (*plan).righttree, rtable, plan);
     |     ^^^^^^^^^^^^^^^^^^^^^^^^^^^^^^^^^^^^^^^^^^^^^^^ call to unsafe function
     |
     = note: consult the function's documentation for information on how to avoid undefined behavior
     = note: for more information, see <https://doc.rust-lang.org/edition-guide/rust-2024/unsafe-op-in-unsafe-fn.html>

warning[E0133]: dereference of raw pointer is unsafe and requires unsafe block
    --> src/am/columnar_agg.rs:1315:20
     |
1315 |     swap_walk(&mut (*plan).righttree, rtable, plan);
     |                    ^^^^^^^ dereference of raw pointer
     |
     = note: raw pointers may be null, dangling or unaligned; they can violate aliasing rules and cause data races: all of these are undefined behavior
     = note: for more information, see <https://doc.rust-lang.org/edition-guide/rust-2024/unsafe-op-in-unsafe-fn.html>

warning[E0133]: dereference of raw pointer is unsafe and requires unsafe block
    --> src/am/columnar_agg.rs:1316:11
     |
1316 |     match (*plan).type_ {
     |           ^^^^^^^ dereference of raw pointer
     |
     = note: raw pointers may be null, dangling or unaligned; they can violate aliasing rules and cause data races: all of these are undefined behavior
     = note: for more information, see <https://doc.rust-lang.org/edition-guide/rust-2024/unsafe-op-in-unsafe-fn.html>

warning[E0133]: call to unsafe function `am::columnar_agg::swap_walk_list` is unsafe and requires unsafe block
    --> src/am/columnar_agg.rs:1318:13
     |
1318 |             swap_walk_list((*(plan as *mut pg_sys::Append)).appendplans, rtable, plan)
     |             ^^^^^^^^^^^^^^^^^^^^^^^^^^^^^^^^^^^^^^^^^^^^^^^^^^^^^^^^^^^^^^^^^^^^^^^^^^ call to unsafe function
     |
     = note: consult the function's documentation for information on how to avoid undefined behavior
     = note: for more information, see <https://doc.rust-lang.org/edition-guide/rust-2024/unsafe-op-in-unsafe-fn.html>

warning[E0133]: dereference of raw pointer is unsafe and requires unsafe block
    --> src/am/columnar_agg.rs:1318:28
     |
1318 |             swap_walk_list((*(plan as *mut pg_sys::Append)).appendplans, rtable, plan)
     |                            ^^^^^^^^^^^^^^^^^^^^^^^^^^^^^^^^ dereference of raw pointer
     |
     = note: raw pointers may be null, dangling or unaligned; they can violate aliasing rules and cause data races: all of these are undefined behavior
     = note: for more information, see <https://doc.rust-lang.org/edition-guide/rust-2024/unsafe-op-in-unsafe-fn.html>

warning[E0133]: call to unsafe function `am::columnar_agg::swap_walk_list` is unsafe and requires unsafe block
    --> src/am/columnar_agg.rs:1321:13
     |
1321 |             swap_walk_list((*(plan as *mut pg_sys::MergeAppend)).mergeplans, rtable, plan)
     |             ^^^^^^^^^^^^^^^^^^^^^^^^^^^^^^^^^^^^^^^^^^^^^^^^^^^^^^^^^^^^^^^^^^^^^^^^^^^^^^ call to unsafe function
     |
     = note: consult the function's documentation for information on how to avoid undefined behavior
     = note: for more information, see <https://doc.rust-lang.org/edition-guide/rust-2024/unsafe-op-in-unsafe-fn.html>

warning[E0133]: dereference of raw pointer is unsafe and requires unsafe block
    --> src/am/columnar_agg.rs:1321:28
     |
1321 |             swap_walk_list((*(plan as *mut pg_sys::MergeAppend)).mergeplans, rtable, plan)
     |                            ^^^^^^^^^^^^^^^^^^^^^^^^^^^^^^^^^^^^^ dereference of raw pointer
     |
     = note: raw pointers may be null, dangling or unaligned; they can violate aliasing rules and cause data races: all of these are undefined behavior
     = note: for more information, see <https://doc.rust-lang.org/edition-guide/rust-2024/unsafe-op-in-unsafe-fn.html>

warning[E0133]: call to unsafe function `am::columnar_agg::swap_walk` is unsafe and requires unsafe block
    --> src/am/columnar_agg.rs:1324:13
     |
1324 |             swap_walk(&mut (*(plan as *mut pg_sys::SubqueryScan)).subplan, rtable, plan)
     |             ^^^^^^^^^^^^^^^^^^^^^^^^^^^^^^^^^^^^^^^^^^^^^^^^^^^^^^^^^^^^^^^^^^^^^^^^^^^^ call to unsafe function
     |
     = note: consult the function's documentation for information on how to avoid undefined behavior
     = note: for more information, see <https://doc.rust-lang.org/edition-guide/rust-2024/unsafe-op-in-unsafe-fn.html>

warning[E0133]: dereference of raw pointer is unsafe and requires unsafe block
    --> src/am/columnar_agg.rs:1324:28
     |
1324 |             swap_walk(&mut (*(plan as *mut pg_sys::SubqueryScan)).subplan, rtable, plan)
     |                            ^^^^^^^^^^^^^^^^^^^^^^^^^^^^^^^^^^^^^^ dereference of raw pointer
     |
     = note: raw pointers may be null, dangling or unaligned; they can violate aliasing rules and cause data races: all of these are undefined behavior
     = note: for more information, see <https://doc.rust-lang.org/edition-guide/rust-2024/unsafe-op-in-unsafe-fn.html>

warning[E0133]: dereference of raw pointer is unsafe and requires unsafe block
    --> src/am/columnar_agg.rs:1339:13
     |
1339 |     let n = (*list).length;
     |             ^^^^^^^ dereference of raw pointer
     |
     = note: raw pointers may be null, dangling or unaligned; they can violate aliasing rules and cause data races: all of these are undefined behavior
note: an unsafe function restricts its caller, but its body is safe by default
    --> src/am/columnar_agg.rs:1331:1
     |
1331 | / unsafe fn swap_walk_list(
1332 | |     list: *mut pg_sys::List,
1333 | |     rtable: *mut pg_sys::List,
1334 | |     parent: *mut pg_sys::Plan,
1335 | | ) {
     | |_^
     = note: for more information, see <https://doc.rust-lang.org/edition-guide/rust-2024/unsafe-op-in-unsafe-fn.html>

warning[E0133]: call to unsafe function `std::ptr::mut_ptr::<impl *mut T>::add` is unsafe and requires unsafe block
    --> src/am/columnar_agg.rs:1341:20
     |
1341 |         let cell = (*list).elements.add(i as usize);
     |                    ^^^^^^^^^^^^^^^^^^^^^^^^^^^^^^^^ call to unsafe function
     |
     = note: consult the function's documentation for information on how to avoid undefined behavior
     = note: for more information, see <https://doc.rust-lang.org/edition-guide/rust-2024/unsafe-op-in-unsafe-fn.html>

warning[E0133]: dereference of raw pointer is unsafe and requires unsafe block
    --> src/am/columnar_agg.rs:1341:20
     |
1341 |         let cell = (*list).elements.add(i as usize);
     |                    ^^^^^^^ dereference of raw pointer
     |
     = note: raw pointers may be null, dangling or unaligned; they can violate aliasing rules and cause data races: all of these are undefined behavior
     = note: for more information, see <https://doc.rust-lang.org/edition-guide/rust-2024/unsafe-op-in-unsafe-fn.html>

warning[E0133]: call to unsafe function `am::columnar_agg::swap_walk` is unsafe and requires unsafe block
    --> src/am/columnar_agg.rs:1342:9
     |
1342 | /         swap_walk(
1343 | |             &mut (*cell).ptr_value as *mut _ as *mut *mut pg_sys::Plan,
1344 | |             rtable,
1345 | |             parent,
1346 | |         );
     | |_________^ call to unsafe function
     |
     = note: consult the function's documentation for information on how to avoid undefined behavior
     = note: for more information, see <https://doc.rust-lang.org/edition-guide/rust-2024/unsafe-op-in-unsafe-fn.html>

warning[E0133]: access to union field is unsafe and requires unsafe block
    --> src/am/columnar_agg.rs:1343:18
     |
1343 |             &mut (*cell).ptr_value as *mut _ as *mut *mut pg_sys::Plan,
     |                  ^^^^^^^^^^^^^^^^^ access to union field
     |
     = note: the field may not be properly initialized: using uninitialized data will cause undefined behavior
     = note: for more information, see <https://doc.rust-lang.org/edition-guide/rust-2024/unsafe-op-in-unsafe-fn.html>

warning[E0133]: dereference of raw pointer is unsafe and requires unsafe block
    --> src/am/columnar_agg.rs:1343:18
     |
1343 |             &mut (*cell).ptr_value as *mut _ as *mut *mut pg_sys::Plan,
     |                  ^^^^^^^ dereference of raw pointer
     |
     = note: raw pointers may be null, dangling or unaligned; they can violate aliasing rules and cause data races: all of these are undefined behavior
     = note: for more information, see <https://doc.rust-lang.org/edition-guide/rust-2024/unsafe-op-in-unsafe-fn.html>

warning[E0133]: call to unsafe function `pgrx::pg_sys::palloc0` is unsafe and requires unsafe block
    --> src/am/columnar_agg.rs:1354:15
     |
1354 |     let ptr = pg_sys::palloc0(std::mem::size_of::<ColumnarAggState>()) as *mut ColumnarAggState;
     |               ^^^^^^^^^^^^^^^^^^^^^^^^^^^^^^^^^^^^^^^^^^^^^^^^^^^^^^^^ call to unsafe function
     |
     = note: consult the function's documentation for information on how to avoid undefined behavior
note: an unsafe function restricts its caller, but its body is safe by default
    --> src/am/columnar_agg.rs:1351:1
     |
1351 | / unsafe extern "C-unwind" fn create_custom_scan_state(
1352 | |     _cscan: *mut pg_sys::CustomScan,
1353 | | ) -> *mut pg_sys::Node {
     | |______________________^
     = note: for more information, see <https://doc.rust-lang.org/edition-guide/rust-2024/unsafe-op-in-unsafe-fn.html>

warning[E0133]: dereference of raw pointer is unsafe and requires unsafe block
    --> src/am/columnar_agg.rs:1355:19
     |
1355 |     let st = &mut *ptr;
     |                   ^^^^ dereference of raw pointer
     |
     = note: raw pointers may be null, dangling or unaligned; they can violate aliasing rules and cause data races: all of these are undefined behavior
     = note: for more information, see <https://doc.rust-lang.org/edition-guide/rust-2024/unsafe-op-in-unsafe-fn.html>

warning[E0133]: dereference of raw pointer is unsafe and requires unsafe block
    --> src/am/columnar_agg.rs:1369:19
     |
1369 |     let st = &mut *(node as *mut ColumnarAggState);
     |                   ^^^^^^^^^^^^^^^^^^^^^^^^^^^^^^^^ dereference of raw pointer
     |
     = note: raw pointers may be null, dangling or unaligned; they can violate aliasing rules and cause data races: all of these are undefined behavior
note: an unsafe function restricts its caller, but its body is safe by default
    --> src/am/columnar_agg.rs:1364:1
     |
1364 | / unsafe extern "C-unwind" fn begin_custom_scan(
1365 | |     node: *mut pg_sys::CustomScanState,
1366 | |     estate: *mut pg_sys::EState,
1367 | |     eflags: c_int,
1368 | | ) {
     | |_^
     = note: for more information, see <https://doc.rust-lang.org/edition-guide/rust-2024/unsafe-op-in-unsafe-fn.html>

warning[E0133]: dereference of raw pointer is unsafe and requires unsafe block
    --> src/am/columnar_agg.rs:1379:20
     |
1379 |     let raw_priv = (*cscan).custom_private;
     |                    ^^^^^^^^ dereference of raw pointer
     |
     = note: raw pointers may be null, dangling or unaligned; they can violate aliasing rules and cause data races: all of these are undefined behavior
     = note: for more information, see <https://doc.rust-lang.org/edition-guide/rust-2024/unsafe-op-in-unsafe-fn.html>

warning[E0133]: dereference of raw pointer is unsafe and requires unsafe block
    --> src/am/columnar_agg.rs:1384:35
     |
1384 |     ) = if !raw_priv.is_null() && (*(raw_priv as *mut pg_sys::Node)).type_ == pg_sys::NodeTag::T_List {
     |                                   ^^^^^^^^^^^^^^^^^^^^^^^^^^^^^^^^^^ dereference of raw pointer
     |
     = note: raw pointers may be null, dangling or unaligned; they can violate aliasing rules and cause data races: all of these are undefined behavior
     = note: for more information, see <https://doc.rust-lang.org/edition-guide/rust-2024/unsafe-op-in-unsafe-fn.html>

warning[E0133]: call to unsafe function `pgrx::pg_sys::list_length` is unsafe and requires unsafe block
    --> src/am/columnar_agg.rs:1385:25
     |
1385 |         let outer_len = pg_sys::list_length(raw_priv);
     |                         ^^^^^^^^^^^^^^^^^^^^^^^^^^^^^ call to unsafe function
     |
     = note: consult the function's documentation for information on how to avoid undefined behavior
     = note: for more information, see <https://doc.rust-lang.org/edition-guide/rust-2024/unsafe-op-in-unsafe-fn.html>

warning[E0133]: call to unsafe function `pgrx::pg_sys::list_nth` is unsafe and requires unsafe block
    --> src/am/columnar_agg.rs:1387:13
     |
1387 |             pg_sys::list_nth(raw_priv, 0) as *mut pg_sys::List,
     |             ^^^^^^^^^^^^^^^^^^^^^^^^^^^^^ call to unsafe function
     |
     = note: consult the function's documentation for information on how to avoid undefined behavior
     = note: for more information, see <https://doc.rust-lang.org/edition-guide/rust-2024/unsafe-op-in-unsafe-fn.html>

warning[E0133]: call to unsafe function `pgrx::pg_sys::list_nth` is unsafe and requires unsafe block
    --> src/am/columnar_agg.rs:1388:13
     |
1388 |             pg_sys::list_nth(raw_priv, 1) as *mut pg_sys::List,
     |             ^^^^^^^^^^^^^^^^^^^^^^^^^^^^^ call to unsafe function
     |
     = note: consult the function's documentation for information on how to avoid undefined behavior
     = note: for more information, see <https://doc.rust-lang.org/edition-guide/rust-2024/unsafe-op-in-unsafe-fn.html>

warning[E0133]: call to unsafe function `pgrx::pg_sys::list_nth` is unsafe and requires unsafe block
    --> src/am/columnar_agg.rs:1390:17
     |
1390 |                 pg_sys::list_nth(raw_priv, 2) as *mut pg_sys::List
     |                 ^^^^^^^^^^^^^^^^^^^^^^^^^^^^^ call to unsafe function
     |
     = note: consult the function's documentation for information on how to avoid undefined behavior
     = note: for more information, see <https://doc.rust-lang.org/edition-guide/rust-2024/unsafe-op-in-unsafe-fn.html>

warning[E0133]: call to unsafe function `pgrx::pg_sys::list_length` is unsafe and requires unsafe block
    --> src/am/columnar_agg.rs:1398:13
     |
1398 |     let n = pg_sys::list_length(priv_list);
     |             ^^^^^^^^^^^^^^^^^^^^^^^^^^^^^^ call to unsafe function
     |
     = note: consult the function's documentation for information on how to avoid undefined behavior
     = note: for more information, see <https://doc.rust-lang.org/edition-guide/rust-2024/unsafe-op-in-unsafe-fn.html>

warning[E0133]: call to unsafe function `pgrx::pg_sys::Oid::from_u32_unchecked` is unsafe and requires unsafe block
    --> src/am/columnar_agg.rs:1401:17
     |
1401 |     let relid = pg_sys::Oid::from_u32_unchecked(pg_sys::list_nth_int(priv_list, 0) as u32);
     |                 ^^^^^^^^^^^^^^^^^^^^^^^^^^^^^^^^^^^^^^^^^^^^^^^^^^^^^^^^^^^^^^^^^^^^^^^^^^ call to unsafe function
     |
     = note: consult the function's documentation for information on how to avoid undefined behavior
     = note: for more information, see <https://doc.rust-lang.org/edition-guide/rust-2024/unsafe-op-in-unsafe-fn.html>

warning[E0133]: call to unsafe function `pgrx::pg_sys::list_nth_int` is unsafe and requires unsafe block
    --> src/am/columnar_agg.rs:1401:49
     |
1401 |     let relid = pg_sys::Oid::from_u32_unchecked(pg_sys::list_nth_int(priv_list, 0) as u32);
     |                                                 ^^^^^^^^^^^^^^^^^^^^^^^^^^^^^^^^^^ call to unsafe function
     |
     = note: consult the function's documentation for information on how to avoid undefined behavior
     = note: for more information, see <https://doc.rust-lang.org/edition-guide/rust-2024/unsafe-op-in-unsafe-fn.html>

warning[E0133]: call to unsafe function `pgrx::pg_sys::list_nth_int` is unsafe and requires unsafe block
    --> src/am/columnar_agg.rs:1402:16
     |
1402 |     let mode = pg_sys::list_nth_int(priv_list, 1);
     |                ^^^^^^^^^^^^^^^^^^^^^^^^^^^^^^^^^^ call to unsafe function
     |
     = note: consult the function's documentation for information on how to avoid undefined behavior
     = note: for more information, see <https://doc.rust-lang.org/edition-guide/rust-2024/unsafe-op-in-unsafe-fn.html>

warning[E0133]: call to unsafe function `pgrx::pg_sys::MemoryContextSwitchTo` is unsafe and requires unsafe block
    --> src/am/columnar_agg.rs:1406:18
     |
1406 |     let oldcxt = pg_sys::MemoryContextSwitchTo((*estate).es_query_cxt);
     |                  ^^^^^^^^^^^^^^^^^^^^^^^^^^^^^^^^^^^^^^^^^^^^^^^^^^^^^ call to unsafe function
     |
     = note: consult the function's documentation for information on how to avoid undefined behavior
     = note: for more information, see <https://doc.rust-lang.org/edition-guide/rust-2024/unsafe-op-in-unsafe-fn.html>

warning[E0133]: dereference of raw pointer is unsafe and requires unsafe block
    --> src/am/columnar_agg.rs:1406:48
     |
1406 |     let oldcxt = pg_sys::MemoryContextSwitchTo((*estate).es_query_cxt);
     |                                                ^^^^^^^^^ dereference of raw pointer
     |
     = note: raw pointers may be null, dangling or unaligned; they can violate aliasing rules and cause data races: all of these are undefined behavior
     = note: for more information, see <https://doc.rust-lang.org/edition-guide/rust-2024/unsafe-op-in-unsafe-fn.html>

warning[E0133]: call to unsafe function `pgrx::pg_sys::list_nth_int` is unsafe and requires unsafe block
    --> src/am/columnar_agg.rs:1410:20
     |
1410 |         let nagg = pg_sys::list_nth_int(priv_list, 2) as usize;
     |                    ^^^^^^^^^^^^^^^^^^^^^^^^^^^^^^^^^^ call to unsafe function
     |
     = note: consult the function's documentation for information on how to avoid undefined behavior
     = note: for more information, see <https://doc.rust-lang.org/edition-guide/rust-2024/unsafe-op-in-unsafe-fn.html>

warning[E0133]: call to unsafe function `pgrx::pg_sys::list_nth_int` is unsafe and requires unsafe block
    --> src/am/columnar_agg.rs:1414:24
     |
1414 |             let kind = pg_sys::list_nth_int(priv_list, i);
     |                        ^^^^^^^^^^^^^^^^^^^^^^^^^^^^^^^^^^ call to unsafe function
     |
     = note: consult the function's documentation for information on how to avoid undefined behavior
     = note: for more information, see <https://doc.rust-lang.org/edition-guide/rust-2024/unsafe-op-in-unsafe-fn.html>

warning[E0133]: call to unsafe function `pgrx::pg_sys::list_nth_int` is unsafe and requires unsafe block
    --> src/am/columnar_agg.rs:1415:25
     |
1415 |             let attno = pg_sys::list_nth_int(priv_list, i + 1);
     |                         ^^^^^^^^^^^^^^^^^^^^^^^^^^^^^^^^^^^^^^ call to unsafe function
     |
     = note: consult the function's documentation for information on how to avoid undefined behavior
     = note: for more information, see <https://doc.rust-lang.org/edition-guide/rust-2024/unsafe-op-in-unsafe-fn.html>

warning[E0133]: call to unsafe function `pgrx::pg_sys::get_attname` is unsafe and requires unsafe block
    --> src/am/columnar_agg.rs:1418:26
     |
1418 |                 let nm = pg_sys::get_attname(relid, ano as pg_sys::AttrNumber, false);
     |                          ^^^^^^^^^^^^^^^^^^^^^^^^^^^^^^^^^^^^^^^^^^^^^^^^^^^^^^^^^^^^ call to unsafe function
     |
     = note: consult the function's documentation for information on how to avoid undefined behavior
     = note: for more information, see <https://doc.rust-lang.org/edition-guide/rust-2024/unsafe-op-in-unsafe-fn.html>

warning[E0133]: call to unsafe function `std::ffi::CStr::from_ptr` is unsafe and requires unsafe block
    --> src/am/columnar_agg.rs:1419:17
     |
1419 |                 CStr::from_ptr(nm).to_string_lossy().into_owned()
     |                 ^^^^^^^^^^^^^^^^^^ call to unsafe function
     |
     = note: consult the function's documentation for information on how to avoid undefined behavior
     = note: for more information, see <https://doc.rust-lang.org/edition-guide/rust-2024/unsafe-op-in-unsafe-fn.html>

warning[E0133]: call to unsafe function `pgrx::pg_sys::get_atttype` is unsafe and requires unsafe block
    --> src/am/columnar_agg.rs:1423:17
     |
1423 |                 pg_sys::get_atttype(relid, ano as pg_sys::AttrNumber).to_u32()
     |                 ^^^^^^^^^^^^^^^^^^^^^^^^^^^^^^^^^^^^^^^^^^^^^^^^^^^^^ call to unsafe function
     |
     = note: consult the function's documentation for information on how to avoid undefined behavior
     = note: for more information, see <https://doc.rust-lang.org/edition-guide/rust-2024/unsafe-op-in-unsafe-fn.html>

warning[E0133]: call to unsafe function `pgrx::pg_sys::list_nth_int` is unsafe and requires unsafe block
    --> src/am/columnar_agg.rs:1438:32
     |
1438 |         let npred = if i < n { pg_sys::list_nth_int(priv_list, i) as usize } else { 0 };
     |                                ^^^^^^^^^^^^^^^^^^^^^^^^^^^^^^^^^^ call to unsafe function
     |
     = note: consult the function's documentation for information on how to avoid undefined behavior
     = note: for more information, see <https://doc.rust-lang.org/edition-guide/rust-2024/unsafe-op-in-unsafe-fn.html>

warning[E0133]: call to unsafe function `pgrx::pg_sys::list_nth_int` is unsafe and requires unsafe block
    --> src/am/columnar_agg.rs:1442:23
     |
1442 |             let col = pg_sys::list_nth_int(priv_list, i) as usize;
     |                       ^^^^^^^^^^^^^^^^^^^^^^^^^^^^^^^^^^ call to unsafe function
     |
     = note: consult the function's documentation for information on how to avoid undefined behavior
     = note: for more information, see <https://doc.rust-lang.org/edition-guide/rust-2024/unsafe-op-in-unsafe-fn.html>

warning[E0133]: call to unsafe function `pgrx::pg_sys::list_nth_int` is unsafe and requires unsafe block
    --> src/am/columnar_agg.rs:1443:23
     |
1443 |             let opn = pg_sys::list_nth_int(priv_list, i + 1);
     |                       ^^^^^^^^^^^^^^^^^^^^^^^^^^^^^^^^^^^^^^ call to unsafe function
     |
     = note: consult the function's documentation for information on how to avoid undefined behavior
     = note: for more information, see <https://doc.rust-lang.org/edition-guide/rust-2024/unsafe-op-in-unsafe-fn.html>

warning[E0133]: call to unsafe function `pgrx::pg_sys::list_nth_int` is unsafe and requires unsafe block
    --> src/am/columnar_agg.rs:1444:22
     |
1444 |             let hi = pg_sys::list_nth_int(priv_list, i + 2) as u32 as u64;
     |                      ^^^^^^^^^^^^^^^^^^^^^^^^^^^^^^^^^^^^^^ call to unsafe function
     |
     = note: consult the function's documentation for information on how to avoid undefined behavior
     = note: for more information, see <https://doc.rust-lang.org/edition-guide/rust-2024/unsafe-op-in-unsafe-fn.html>

warning[E0133]: call to unsafe function `pgrx::pg_sys::list_nth_int` is unsafe and requires unsafe block
    --> src/am/columnar_agg.rs:1445:22
     |
1445 |             let lo = pg_sys::list_nth_int(priv_list, i + 3) as u32 as u64;
     |                      ^^^^^^^^^^^^^^^^^^^^^^^^^^^^^^^^^^^^^^ call to unsafe function
     |
     = note: consult the function's documentation for information on how to avoid undefined behavior
     = note: for more information, see <https://doc.rust-lang.org/edition-guide/rust-2024/unsafe-op-in-unsafe-fn.html>

warning[E0133]: call to unsafe function `pgrx::pg_sys::list_length` is unsafe and requires unsafe block
    --> src/am/columnar_agg.rs:1461:18
     |
1461 |         let tn = pg_sys::list_length(text_list);
     |                  ^^^^^^^^^^^^^^^^^^^^^^^^^^^^^^ call to unsafe function
     |
     = note: consult the function's documentation for information on how to avoid undefined behavior
     = note: for more information, see <https://doc.rust-lang.org/edition-guide/rust-2024/unsafe-op-in-unsafe-fn.html>

warning[E0133]: call to unsafe function `pgrx::pg_sys::list_nth` is unsafe and requires unsafe block
    --> src/am/columnar_agg.rs:1463:25
     |
1463 |             let entry = pg_sys::list_nth(text_list, k) as *mut pg_sys::List;
     |                         ^^^^^^^^^^^^^^^^^^^^^^^^^^^^^^ call to unsafe function
     |
     = note: consult the function's documentation for information on how to avoid undefined behavior
     = note: for more information, see <https://doc.rust-lang.org/edition-guide/rust-2024/unsafe-op-in-unsafe-fn.html>

warning[E0133]: dereference of raw pointer is unsafe and requires unsafe block
    --> src/am/columnar_agg.rs:1464:23
     |
1464 |             let col = (*(pg_sys::list_nth(entry, 0) as *mut pg_sys::Integer)).ival as usize;
     |                       ^^^^^^^^^^^^^^^^^^^^^^^^^^^^^^^^^^^^^^^^^^^^^^^^^^^^^^^ dereference of raw pointer
     |
     = note: raw pointers may be null, dangling or unaligned; they can violate aliasing rules and cause data races: all of these are undefined behavior
     = note: for more information, see <https://doc.rust-lang.org/edition-guide/rust-2024/unsafe-op-in-unsafe-fn.html>

warning[E0133]: call to unsafe function `pgrx::pg_sys::list_nth` is unsafe and requires unsafe block
    --> src/am/columnar_agg.rs:1464:26
     |
1464 |             let col = (*(pg_sys::list_nth(entry, 0) as *mut pg_sys::Integer)).ival as usize;
     |                          ^^^^^^^^^^^^^^^^^^^^^^^^^^ call to unsafe function
     |
     = note: consult the function's documentation for information on how to avoid undefined behavior
     = note: for more information, see <https://doc.rust-lang.org/edition-guide/rust-2024/unsafe-op-in-unsafe-fn.html>

warning[E0133]: dereference of raw pointer is unsafe and requires unsafe block
    --> src/am/columnar_agg.rs:1465:23
     |
1465 |             let opn = (*(pg_sys::list_nth(entry, 1) as *mut pg_sys::Integer)).ival;
     |                       ^^^^^^^^^^^^^^^^^^^^^^^^^^^^^^^^^^^^^^^^^^^^^^^^^^^^^^^ dereference of raw pointer
     |
     = note: raw pointers may be null, dangling or unaligned; they can violate aliasing rules and cause data races: all of these are undefined behavior
     = note: for more information, see <https://doc.rust-lang.org/edition-guide/rust-2024/unsafe-op-in-unsafe-fn.html>

warning[E0133]: call to unsafe function `pgrx::pg_sys::list_nth` is unsafe and requires unsafe block
    --> src/am/columnar_agg.rs:1465:26
     |
1465 |             let opn = (*(pg_sys::list_nth(entry, 1) as *mut pg_sys::Integer)).ival;
     |                          ^^^^^^^^^^^^^^^^^^^^^^^^^^ call to unsafe function
     |
     = note: consult the function's documentation for information on how to avoid undefined behavior
     = note: for more information, see <https://doc.rust-lang.org/edition-guide/rust-2024/unsafe-op-in-unsafe-fn.html>

warning[E0133]: dereference of raw pointer is unsafe and requires unsafe block
    --> src/am/columnar_agg.rs:1466:24
     |
1466 |             let sval = (*(pg_sys::list_nth(entry, 2) as *mut pg_sys::String)).sval;
     |                        ^^^^^^^^^^^^^^^^^^^^^^^^^^^^^^^^^^^^^^^^^^^^^^^^^^^^^^ dereference of raw pointer
     |
     = note: raw pointers may be null, dangling or unaligned; they can violate aliasing rules and cause data races: all of these are undefined behavior
     = note: for more information, see <https://doc.rust-lang.org/edition-guide/rust-2024/unsafe-op-in-unsafe-fn.html>

warning[E0133]: call to unsafe function `pgrx::pg_sys::list_nth` is unsafe and requires unsafe block
    --> src/am/columnar_agg.rs:1466:27
     |
1466 |             let sval = (*(pg_sys::list_nth(entry, 2) as *mut pg_sys::String)).sval;
     |                           ^^^^^^^^^^^^^^^^^^^^^^^^^^ call to unsafe function
     |
     = note: consult the function's documentation for information on how to avoid undefined behavior
     = note: for more information, see <https://doc.rust-lang.org/edition-guide/rust-2024/unsafe-op-in-unsafe-fn.html>

warning[E0133]: call to unsafe function `std::ffi::CStr::from_ptr` is unsafe and requires unsafe block
    --> src/am/columnar_agg.rs:1474:26
     |
1474 |             let needle = CStr::from_ptr(sval).to_string_lossy().into_owned();
     |                          ^^^^^^^^^^^^^^^^^^^^ call to unsafe function
     |
     = note: consult the function's documentation for information on how to avoid undefined behavior
     = note: for more information, see <https://doc.rust-lang.org/edition-guide/rust-2024/unsafe-op-in-unsafe-fn.html>

warning[E0133]: call to unsafe function `pgrx::pg_sys::list_nth_int` is unsafe and requires unsafe block
    --> src/am/columnar_agg.rs:1478:33
     |
1478 |         let ngroup = if i < n { pg_sys::list_nth_int(priv_list, i) as usize } else { 0 };
     |                                 ^^^^^^^^^^^^^^^^^^^^^^^^^^^^^^^^^^ call to unsafe function
     |
     = note: consult the function's documentation for information on how to avoid undefined behavior
     = note: for more information, see <https://doc.rust-lang.org/edition-guide/rust-2024/unsafe-op-in-unsafe-fn.html>

warning[E0133]: call to unsafe function `pgrx::pg_sys::list_nth_int` is unsafe and requires unsafe block
    --> src/am/columnar_agg.rs:1482:25
     |
1482 |             let attno = pg_sys::list_nth_int(priv_list, i);
     |                         ^^^^^^^^^^^^^^^^^^^^^^^^^^^^^^^^^^ call to unsafe function
     |
     = note: consult the function's documentation for information on how to avoid undefined behavior
     = note: for more information, see <https://doc.rust-lang.org/edition-guide/rust-2024/unsafe-op-in-unsafe-fn.html>

warning[E0133]: call to unsafe function `pgrx::pg_sys::list_nth_int` is unsafe and requires unsafe block
    --> src/am/columnar_agg.rs:1483:26
     |
1483 |             let typoid = pg_sys::list_nth_int(priv_list, i + 1) as u32;
     |                          ^^^^^^^^^^^^^^^^^^^^^^^^^^^^^^^^^^^^^^ call to unsafe function
     |
     = note: consult the function's documentation for information on how to avoid undefined behavior
     = note: for more information, see <https://doc.rust-lang.org/edition-guide/rust-2024/unsafe-op-in-unsafe-fn.html>

warning[E0133]: call to unsafe function `pgrx::pg_sys::get_attname` is unsafe and requires unsafe block
    --> src/am/columnar_agg.rs:1485:22
     |
1485 |             let nm = pg_sys::get_attname(relid, attno as pg_sys::AttrNumber, false);
     |                      ^^^^^^^^^^^^^^^^^^^^^^^^^^^^^^^^^^^^^^^^^^^^^^^^^^^^^^^^^^^^^^ call to unsafe function
     |
     = note: consult the function's documentation for information on how to avoid undefined behavior
     = note: for more information, see <https://doc.rust-lang.org/edition-guide/rust-2024/unsafe-op-in-unsafe-fn.html>

warning[E0133]: call to unsafe function `std::ffi::CStr::from_ptr` is unsafe and requires unsafe block
    --> src/am/columnar_agg.rs:1486:30
     |
1486 |             group_cols.push((CStr::from_ptr(nm).to_string_lossy().into_owned(), typoid));
     |                              ^^^^^^^^^^^^^^^^^^ call to unsafe function
     |
     = note: consult the function's documentation for information on how to avoid undefined behavior
     = note: for more information, see <https://doc.rust-lang.org/edition-guide/rust-2024/unsafe-op-in-unsafe-fn.html>

warning[E0133]: call to unsafe function `pgrx::pg_sys::list_nth_int` is unsafe and requires unsafe block
    --> src/am/columnar_agg.rs:1488:34
     |
1488 |         let noutput = if i < n { pg_sys::list_nth_int(priv_list, i) as usize } else { 0 };
     |                                  ^^^^^^^^^^^^^^^^^^^^^^^^^^^^^^^^^^ call to unsafe function
     |
     = note: consult the function's documentation for information on how to avoid undefined behavior
     = note: for more information, see <https://doc.rust-lang.org/edition-guide/rust-2024/unsafe-op-in-unsafe-fn.html>

warning[E0133]: call to unsafe function `pgrx::pg_sys::list_nth_int` is unsafe and requires unsafe block
    --> src/am/columnar_agg.rs:1492:24
     |
1492 |             let kind = pg_sys::list_nth_int(priv_list, i) as u8;
     |                        ^^^^^^^^^^^^^^^^^^^^^^^^^^^^^^^^^^ call to unsafe function
     |
     = note: consult the function's documentation for information on how to avoid undefined behavior
     = note: for more information, see <https://doc.rust-lang.org/edition-guide/rust-2024/unsafe-op-in-unsafe-fn.html>

warning[E0133]: call to unsafe function `pgrx::pg_sys::list_nth_int` is unsafe and requires unsafe block
    --> src/am/columnar_agg.rs:1493:23
     |
1493 |             let idx = pg_sys::list_nth_int(priv_list, i + 1) as usize;
     |                       ^^^^^^^^^^^^^^^^^^^^^^^^^^^^^^^^^^^^^^ call to unsafe function
     |
     = note: consult the function's documentation for information on how to avoid undefined behavior
     = note: for more information, see <https://doc.rust-lang.org/edition-guide/rust-2024/unsafe-op-in-unsafe-fn.html>

warning[E0133]: call to unsafe function `pgrx::pg_sys::list_length` is unsafe and requires unsafe block
    --> src/am/columnar_agg.rs:1501:18
     |
1501 |         let gn = pg_sys::list_length(group_expr_list);
     |                  ^^^^^^^^^^^^^^^^^^^^^^^^^^^^^^^^^^^^ call to unsafe function
     |
     = note: consult the function's documentation for information on how to avoid undefined behavior
     = note: for more information, see <https://doc.rust-lang.org/edition-guide/rust-2024/unsafe-op-in-unsafe-fn.html>

warning[E0133]: call to unsafe function `pgrx::pg_sys::list_nth` is unsafe and requires unsafe block
    --> src/am/columnar_agg.rs:1503:25
     |
1503 |             let entry = pg_sys::list_nth(group_expr_list, k) as *mut pg_sys::List;
     |                         ^^^^^^^^^^^^^^^^^^^^^^^^^^^^^^^^^^^^ call to unsafe function
     |
     = note: consult the function's documentation for information on how to avoid undefined behavior
     = note: for more information, see <https://doc.rust-lang.org/edition-guide/rust-2024/unsafe-op-in-unsafe-fn.html>

warning[E0133]: dereference of raw pointer is unsafe and requires unsafe block
    --> src/am/columnar_agg.rs:1504:30
     |
1504 |             let base_attno = (*(pg_sys::list_nth(entry, 0) as *mut pg_sys::Integer)).ival;
     |                              ^^^^^^^^^^^^^^^^^^^^^^^^^^^^^^^^^^^^^^^^^^^^^^^^^^^^^^^ dereference of raw pointer
     |
     = note: raw pointers may be null, dangling or unaligned; they can violate aliasing rules and cause data races: all of these are undefined behavior
     = note: for more information, see <https://doc.rust-lang.org/edition-guide/rust-2024/unsafe-op-in-unsafe-fn.html>

warning[E0133]: call to unsafe function `pgrx::pg_sys::list_nth` is unsafe and requires unsafe block
    --> src/am/columnar_agg.rs:1504:33
     |
1504 |             let base_attno = (*(pg_sys::list_nth(entry, 0) as *mut pg_sys::Integer)).ival;
     |                                 ^^^^^^^^^^^^^^^^^^^^^^^^^^ call to unsafe function
     |
     = note: consult the function's documentation for information on how to avoid undefined behavior
     = note: for more information, see <https://doc.rust-lang.org/edition-guide/rust-2024/unsafe-op-in-unsafe-fn.html>

warning[E0133]: dereference of raw pointer is unsafe and requires unsafe block
    --> src/am/columnar_agg.rs:1505:25
     |
1505 |             let _func = (*(pg_sys::list_nth(entry, 1) as *mut pg_sys::Integer)).ival; // 0 = DateTrunc
     |                         ^^^^^^^^^^^^^^^^^^^^^^^^^^^^^^^^^^^^^^^^^^^^^^^^^^^^^^^ dereference of raw pointer
     |
     = note: raw pointers may be null, dangling or unaligned; they can violate aliasing rules and cause data races: all of these are undefined behavior
     = note: for more information, see <https://doc.rust-lang.org/edition-guide/rust-2024/unsafe-op-in-unsafe-fn.html>

warning[E0133]: call to unsafe function `pgrx::pg_sys::list_nth` is unsafe and requires unsafe block
    --> src/am/columnar_agg.rs:1505:28
     |
1505 |             let _func = (*(pg_sys::list_nth(entry, 1) as *mut pg_sys::Integer)).ival; // 0 = DateTrunc
     |                            ^^^^^^^^^^^^^^^^^^^^^^^^^^ call to unsafe function
     |
     = note: consult the function's documentation for information on how to avoid undefined behavior
     = note: for more information, see <https://doc.rust-lang.org/edition-guide/rust-2024/unsafe-op-in-unsafe-fn.html>

warning[E0133]: call to unsafe function `std::ffi::CStr::from_ptr` is unsafe and requires unsafe block
    --> src/am/columnar_agg.rs:1506:24
     |
1506 |             let unit = CStr::from_ptr((*(pg_sys::list_nth(entry, 2) as *mut pg_sys::String)).sval)
     |                        ^^^^^^^^^^^^^^^^^^^^^^^^^^^^^^^^^^^^^^^^^^^^^^^^^^^^^^^^^^^^^^^^^^^^^^^^^^^ call to unsafe function
     |
     = note: consult the function's documentation for information on how to avoid undefined behavior
     = note: for more information, see <https://doc.rust-lang.org/edition-guide/rust-2024/unsafe-op-in-unsafe-fn.html>

warning[E0133]: dereference of raw pointer is unsafe and requires unsafe block
    --> src/am/columnar_agg.rs:1506:39
     |
1506 |             let unit = CStr::from_ptr((*(pg_sys::list_nth(entry, 2) as *mut pg_sys::String)).sval)
     |                                       ^^^^^^^^^^^^^^^^^^^^^^^^^^^^^^^^^^^^^^^^^^^^^^^^^^^^^^ dereference of raw pointer
     |
     = note: raw pointers may be null, dangling or unaligned; they can violate aliasing rules and cause data races: all of these are undefined behavior
     = note: for more information, see <https://doc.rust-lang.org/edition-guide/rust-2024/unsafe-op-in-unsafe-fn.html>

warning[E0133]: call to unsafe function `pgrx::pg_sys::list_nth` is unsafe and requires unsafe block
    --> src/am/columnar_agg.rs:1506:42
     |
1506 |             let unit = CStr::from_ptr((*(pg_sys::list_nth(entry, 2) as *mut pg_sys::String)).sval)
     |                                          ^^^^^^^^^^^^^^^^^^^^^^^^^^ call to unsafe function
     |
     = note: consult the function's documentation for information on how to avoid undefined behavior
     = note: for more information, see <https://doc.rust-lang.org/edition-guide/rust-2024/unsafe-op-in-unsafe-fn.html>

warning[E0133]: dereference of raw pointer is unsafe and requires unsafe block
    --> src/am/columnar_agg.rs:1509:30
     |
1509 |             let out_typoid = (*(pg_sys::list_nth(entry, 3) as *mut pg_sys::Integer)).ival as u32;
     |                              ^^^^^^^^^^^^^^^^^^^^^^^^^^^^^^^^^^^^^^^^^^^^^^^^^^^^^^^ dereference of raw pointer
     |
     = note: raw pointers may be null, dangling or unaligned; they can violate aliasing rules and cause data races: all of these are undefined behavior
     = note: for more information, see <https://doc.rust-lang.org/edition-guide/rust-2024/unsafe-op-in-unsafe-fn.html>

warning[E0133]: call to unsafe function `pgrx::pg_sys::list_nth` is unsafe and requires unsafe block
    --> src/am/columnar_agg.rs:1509:33
     |
1509 |             let out_typoid = (*(pg_sys::list_nth(entry, 3) as *mut pg_sys::Integer)).ival as u32;
     |                                 ^^^^^^^^^^^^^^^^^^^^^^^^^^ call to unsafe function
     |
     = note: consult the function's documentation for information on how to avoid undefined behavior
     = note: for more information, see <https://doc.rust-lang.org/edition-guide/rust-2024/unsafe-op-in-unsafe-fn.html>

warning[E0133]: call to unsafe function `pgrx::pg_sys::get_attname` is unsafe and requires unsafe block
    --> src/am/columnar_agg.rs:1510:22
     |
1510 |             let nm = pg_sys::get_attname(relid, base_attno as pg_sys::AttrNumber, false);
     |                      ^^^^^^^^^^^^^^^^^^^^^^^^^^^^^^^^^^^^^^^^^^^^^^^^^^^^^^^^^^^^^^^^^^^ call to unsafe function
     |
     = note: consult the function's documentation for information on how to avoid undefined behavior
     = note: for more information, see <https://doc.rust-lang.org/edition-guide/rust-2024/unsafe-op-in-unsafe-fn.html>

warning[E0133]: call to unsafe function `std::ffi::CStr::from_ptr` is unsafe and requires unsafe block
    --> src/am/columnar_agg.rs:1511:31
     |
1511 |             group_exprs.push((CStr::from_ptr(nm).to_string_lossy().into_owned(), unit, out_typoid));
     |                               ^^^^^^^^^^^^^^^^^^ call to unsafe function
     |
     = note: consult the function's documentation for information on how to avoid undefined behavior
     = note: for more information, see <https://doc.rust-lang.org/edition-guide/rust-2024/unsafe-op-in-unsafe-fn.html>

warning[E0133]: call to unsafe function `pgrx::pg_sys::relation_open` is unsafe and requires unsafe block
    --> src/am/columnar_agg.rs:1517:23
     |
1517 |             let rel = pg_sys::relation_open(relid, pg_sys::AccessShareLock as pg_sys::LOCKMODE);
     |                       ^^^^^^^^^^^^^^^^^^^^^^^^^^^^^^^^^^^^^^^^^^^^^^^^^^^^^^^^^^^^^^^^^^^^^^^^^ call to unsafe function
     |
     = note: consult the function's documentation for information on how to avoid undefined behavior
     = note: for more information, see <https://doc.rust-lang.org/edition-guide/rust-2024/unsafe-op-in-unsafe-fn.html>

warning[E0133]: call to unsafe function `am::df_executor::run_columnar_grouped_aggs` is unsafe and requires unsafe block
    --> src/am/columnar_agg.rs:1518:21
     |
1518 |               let r = run_columnar_grouped_aggs(
     |  _____________________^
1519 | |                 rel,
1520 | |                 &group_cols,
1521 | |                 &group_exprs,
...    |
1526 | |                 super::guc::columnar_zonemap_skip(),
1527 | |             );
     | |_____________^ call to unsafe function
     |
     = note: consult the function's documentation for information on how to avoid undefined behavior
     = note: for more information, see <https://doc.rust-lang.org/edition-guide/rust-2024/unsafe-op-in-unsafe-fn.html>

warning[E0133]: call to unsafe function `pgrx::pg_sys::relation_close` is unsafe and requires unsafe block
    --> src/am/columnar_agg.rs:1528:13
     |
1528 |             pg_sys::relation_close(rel, pg_sys::AccessShareLock as pg_sys::LOCKMODE);
     |             ^^^^^^^^^^^^^^^^^^^^^^^^^^^^^^^^^^^^^^^^^^^^^^^^^^^^^^^^^^^^^^^^^^^^^^^^ call to unsafe function
     |
     = note: consult the function's documentation for information on how to avoid undefined behavior
     = note: for more information, see <https://doc.rust-lang.org/edition-guide/rust-2024/unsafe-op-in-unsafe-fn.html>

warning[E0133]: call to unsafe function `am::arrow_cache::run_cache_aggs` is unsafe and requires unsafe block
    --> src/am/columnar_agg.rs:1532:13
     |
1532 |             super::arrow_cache::run_cache_aggs(relid, &specs).map(|row| vec![row])
     |             ^^^^^^^^^^^^^^^^^^^^^^^^^^^^^^^^^^^^^^^^^^^^^^^^^ call to unsafe function
     |
     = note: consult the function's documentation for information on how to avoid undefined behavior
     = note: for more information, see <https://doc.rust-lang.org/edition-guide/rust-2024/unsafe-op-in-unsafe-fn.html>

warning[E0133]: call to unsafe function `pgrx::pg_sys::relation_open` is unsafe and requires unsafe block
    --> src/am/columnar_agg.rs:1535:23
     |
1535 |             let rel = pg_sys::relation_open(relid, pg_sys::AccessShareLock as pg_sys::LOCKMODE);
     |                       ^^^^^^^^^^^^^^^^^^^^^^^^^^^^^^^^^^^^^^^^^^^^^^^^^^^^^^^^^^^^^^^^^^^^^^^^^ call to unsafe function
     |
     = note: consult the function's documentation for information on how to avoid undefined behavior
     = note: for more information, see <https://doc.rust-lang.org/edition-guide/rust-2024/unsafe-op-in-unsafe-fn.html>

warning[E0133]: call to unsafe function `am::columnar::directory_minmax` is unsafe and requires unsafe block
    --> src/am/columnar_agg.rs:1555:31
     |
1555 |                         match super::columnar::directory_minmax(rel, name, typoid, want_max) {
     |                               ^^^^^^^^^^^^^^^^^^^^^^^^^^^^^^^^^^^^^^^^^^^^^^^^^^^^^^^^^^^^^^ call to unsafe function
     |
     = note: consult the function's documentation for information on how to avoid undefined behavior
     = note: for more information, see <https://doc.rust-lang.org/edition-guide/rust-2024/unsafe-op-in-unsafe-fn.html>

warning[E0133]: call to unsafe function `am::df_executor::run_columnar_aggs` is unsafe and requires unsafe block
    --> src/am/columnar_agg.rs:1586:21
     |
1586 |                     run_columnar_aggs(rel, &specs, &preds, &text_preds, super::guc::columnar_zonemap_skip())
     |                     ^^^^^^^^^^^^^^^^^^^^^^^^^^^^^^^^^^^^^^^^^^^^^^^^^^^^^^^^^^^^^^^^^^^^^^^^^^^^^^^^^^^^^^^^ call to unsafe function
     |
     = note: consult the function's documentation for information on how to avoid undefined behavior
     = note: for more information, see <https://doc.rust-lang.org/edition-guide/rust-2024/unsafe-op-in-unsafe-fn.html>

warning[E0133]: call to unsafe function `pgrx::pg_sys::relation_close` is unsafe and requires unsafe block
    --> src/am/columnar_agg.rs:1590:13
     |
1590 |             pg_sys::relation_close(rel, pg_sys::AccessShareLock as pg_sys::LOCKMODE);
     |             ^^^^^^^^^^^^^^^^^^^^^^^^^^^^^^^^^^^^^^^^^^^^^^^^^^^^^^^^^^^^^^^^^^^^^^^^ call to unsafe function
     |
     = note: consult the function's documentation for information on how to avoid undefined behavior
     = note: for more information, see <https://doc.rust-lang.org/edition-guide/rust-2024/unsafe-op-in-unsafe-fn.html>

warning[E0133]: call to unsafe function `pgrx::pg_sys::MemoryContextSwitchTo` is unsafe and requires unsafe block
    --> src/am/columnar_agg.rs:1594:5
     |
1594 |     pg_sys::MemoryContextSwitchTo(oldcxt);
     |     ^^^^^^^^^^^^^^^^^^^^^^^^^^^^^^^^^^^^^ call to unsafe function
     |
     = note: consult the function's documentation for information on how to avoid undefined behavior
     = note: for more information, see <https://doc.rust-lang.org/edition-guide/rust-2024/unsafe-op-in-unsafe-fn.html>

warning[E0133]: dereference of raw pointer is unsafe and requires unsafe block
    --> src/am/columnar_agg.rs:1605:19
     |
1605 |     let st = &mut *(node as *mut ColumnarAggState);
     |                   ^^^^^^^^^^^^^^^^^^^^^^^^^^^^^^^^ dereference of raw pointer
     |
     = note: raw pointers may be null, dangling or unaligned; they can violate aliasing rules and cause data races: all of these are undefined behavior
note: an unsafe function restricts its caller, but its body is safe by default
    --> src/am/columnar_agg.rs:1602:1
     |
1602 | / unsafe extern "C-unwind" fn exec_custom_scan(
1603 | |     node: *mut pg_sys::CustomScanState,
1604 | | ) -> *mut pg_sys::TupleTableSlot {
     | |________________________________^
     = note: for more information, see <https://doc.rust-lang.org/edition-guide/rust-2024/unsafe-op-in-unsafe-fn.html>

warning[E0133]: call to unsafe function `pgrx::pg_sys::ExecClearTuple` is unsafe and requires unsafe block
    --> src/am/columnar_agg.rs:1608:16
     |
1608 |         return pg_sys::ExecClearTuple(slot);
     |                ^^^^^^^^^^^^^^^^^^^^^^^^^^^^ call to unsafe function
     |
     = note: consult the function's documentation for information on how to avoid undefined behavior
     = note: for more information, see <https://doc.rust-lang.org/edition-guide/rust-2024/unsafe-op-in-unsafe-fn.html>

warning[E0133]: dereference of raw pointer is unsafe and requires unsafe block
    --> src/am/columnar_agg.rs:1610:17
     |
1610 |     let rows = &*st.result;
     |                 ^^^^^^^^^^ dereference of raw pointer
     |
     = note: raw pointers may be null, dangling or unaligned; they can violate aliasing rules and cause data races: all of these are undefined behavior
     = note: for more information, see <https://doc.rust-lang.org/edition-guide/rust-2024/unsafe-op-in-unsafe-fn.html>

warning[E0133]: call to unsafe function `pgrx::pg_sys::ExecClearTuple` is unsafe and requires unsafe block
    --> src/am/columnar_agg.rs:1612:16
     |
1612 |         return pg_sys::ExecClearTuple(slot); // all rows emitted (scalar: 1 row; GROUP BY: N rows; empty: 0)
     |                ^^^^^^^^^^^^^^^^^^^^^^^^^^^^ call to unsafe function
     |
     = note: consult the function's documentation for information on how to avoid undefined behavior
     = note: for more information, see <https://doc.rust-lang.org/edition-guide/rust-2024/unsafe-op-in-unsafe-fn.html>

warning[E0133]: call to unsafe function `pgrx::pg_sys::ExecClearTuple` is unsafe and requires unsafe block
    --> src/am/columnar_agg.rs:1615:5
     |
1615 |     pg_sys::ExecClearTuple(slot);
     |     ^^^^^^^^^^^^^^^^^^^^^^^^^^^^ call to unsafe function
     |
     = note: consult the function's documentation for information on how to avoid undefined behavior
     = note: for more information, see <https://doc.rust-lang.org/edition-guide/rust-2024/unsafe-op-in-unsafe-fn.html>

warning[E0133]: dereference of raw pointer is unsafe and requires unsafe block
    --> src/am/columnar_agg.rs:1616:17
     |
1616 |     let natts = (*(*slot).tts_tupleDescriptor).natts as usize;
     |                 ^^^^^^^^^^^^^^^^^^^^^^^^^^^^^^ dereference of raw pointer
     |
     = note: raw pointers may be null, dangling or unaligned; they can violate aliasing rules and cause data races: all of these are undefined behavior
     = note: for more information, see <https://doc.rust-lang.org/edition-guide/rust-2024/unsafe-op-in-unsafe-fn.html>

warning[E0133]: dereference of raw pointer is unsafe and requires unsafe block
    --> src/am/columnar_agg.rs:1616:19
     |
1616 |     let natts = (*(*slot).tts_tupleDescriptor).natts as usize;
     |                   ^^^^^^^ dereference of raw pointer
     |
     = note: raw pointers may be null, dangling or unaligned; they can violate aliasing rules and cause data races: all of these are undefined behavior
     = note: for more information, see <https://doc.rust-lang.org/edition-guide/rust-2024/unsafe-op-in-unsafe-fn.html>

warning[E0133]: call to unsafe function `std::slice::from_raw_parts_mut` is unsafe and requires unsafe block
    --> src/am/columnar_agg.rs:1617:22
     |
1617 |     let tts_values = std::slice::from_raw_parts_mut((*slot).tts_values, natts);
     |                      ^^^^^^^^^^^^^^^^^^^^^^^^^^^^^^^^^^^^^^^^^^^^^^^^^^^^^^^^^ call to unsafe function
     |
     = note: consult the function's documentation for information on how to avoid undefined behavior
     = note: for more information, see <https://doc.rust-lang.org/edition-guide/rust-2024/unsafe-op-in-unsafe-fn.html>

warning[E0133]: dereference of raw pointer is unsafe and requires unsafe block
    --> src/am/columnar_agg.rs:1617:53
     |
1617 |     let tts_values = std::slice::from_raw_parts_mut((*slot).tts_values, natts);
     |                                                     ^^^^^^^ dereference of raw pointer
     |
     = note: raw pointers may be null, dangling or unaligned; they can violate aliasing rules and cause data races: all of these are undefined behavior
     = note: for more information, see <https://doc.rust-lang.org/edition-guide/rust-2024/unsafe-op-in-unsafe-fn.html>

warning[E0133]: call to unsafe function `std::slice::from_raw_parts_mut` is unsafe and requires unsafe block
    --> src/am/columnar_agg.rs:1618:22
     |
1618 |     let tts_isnull = std::slice::from_raw_parts_mut((*slot).tts_isnull, natts);
     |                      ^^^^^^^^^^^^^^^^^^^^^^^^^^^^^^^^^^^^^^^^^^^^^^^^^^^^^^^^^ call to unsafe function
     |
     = note: consult the function's documentation for information on how to avoid undefined behavior
     = note: for more information, see <https://doc.rust-lang.org/edition-guide/rust-2024/unsafe-op-in-unsafe-fn.html>

warning[E0133]: dereference of raw pointer is unsafe and requires unsafe block
    --> src/am/columnar_agg.rs:1618:53
     |
1618 |     let tts_isnull = std::slice::from_raw_parts_mut((*slot).tts_isnull, natts);
     |                                                     ^^^^^^^ dereference of raw pointer
     |
     = note: raw pointers may be null, dangling or unaligned; they can violate aliasing rules and cause data races: all of these are undefined behavior
     = note: for more information, see <https://doc.rust-lang.org/edition-guide/rust-2024/unsafe-op-in-unsafe-fn.html>

warning[E0133]: call to unsafe function `pgrx::pg_sys::ExecStoreVirtualTuple` is unsafe and requires unsafe block
    --> src/am/columnar_agg.rs:1623:5
     |
1623 |     pg_sys::ExecStoreVirtualTuple(slot);
     |     ^^^^^^^^^^^^^^^^^^^^^^^^^^^^^^^^^^^ call to unsafe function
     |
     = note: consult the function's documentation for information on how to avoid undefined behavior
     = note: for more information, see <https://doc.rust-lang.org/edition-guide/rust-2024/unsafe-op-in-unsafe-fn.html>

warning[E0133]: dereference of raw pointer is unsafe and requires unsafe block
    --> src/am/columnar_agg.rs:1630:19
     |
1630 |     let st = &mut *(node as *mut ColumnarAggState);
     |                   ^^^^^^^^^^^^^^^^^^^^^^^^^^^^^^^^ dereference of raw pointer
     |
     = note: raw pointers may be null, dangling or unaligned; they can violate aliasing rules and cause data races: all of these are undefined behavior
note: an unsafe function restricts its caller, but its body is safe by default
    --> src/am/columnar_agg.rs:1629:1
     |
1629 | unsafe extern "C-unwind" fn end_custom_scan(node: *mut pg_sys::CustomScanState) {
     | ^^^^^^^^^^^^^^^^^^^^^^^^^^^^^^^^^^^^^^^^^^^^^^^^^^^^^^^^^^^^^^^^^^^^^^^^^^^^^^^
     = note: for more information, see <https://doc.rust-lang.org/edition-guide/rust-2024/unsafe-op-in-unsafe-fn.html>

warning[E0133]: call to unsafe function `std::boxed::Box::<T>::from_raw` is unsafe and requires unsafe block
    --> src/am/columnar_agg.rs:1632:14
     |
1632 |         drop(Box::from_raw(st.result));
     |              ^^^^^^^^^^^^^^^^^^^^^^^^ call to unsafe function
     |
     = note: consult the function's documentation for information on how to avoid undefined behavior
     = note: for more information, see <https://doc.rust-lang.org/edition-guide/rust-2024/unsafe-op-in-unsafe-fn.html>

warning[E0133]: dereference of raw pointer is unsafe and requires unsafe block
    --> src/am/columnar_agg.rs:1641:19
     |
1641 |     let st = &mut *(node as *mut ColumnarAggState);
     |                   ^^^^^^^^^^^^^^^^^^^^^^^^^^^^^^^^ dereference of raw pointer
     |
     = note: raw pointers may be null, dangling or unaligned; they can violate aliasing rules and cause data races: all of these are undefined behavior
note: an unsafe function restricts its caller, but its body is safe by default
    --> src/am/columnar_agg.rs:1638:1
     |
1638 | unsafe extern "C-unwind" fn rescan_custom_scan(node: *mut pg_sys::CustomScanState) {
     | ^^^^^^^^^^^^^^^^^^^^^^^^^^^^^^^^^^^^^^^^^^^^^^^^^^^^^^^^^^^^^^^^^^^^^^^^^^^^^^^^^^
     = note: for more information, see <https://doc.rust-lang.org/edition-guide/rust-2024/unsafe-op-in-unsafe-fn.html>

warning[E0133]: use of mutable static is unsafe and requires unsafe block
   --> src/am/columnar_project.rs:292:25
    |
292 |     if let Some(prev) = PREV_HOOK {
    |                         ^^^^^^^^^ use of mutable static
    |
    = note: mutable statics can be mutated by multiple threads: aliasing violations or data races will cause undefined behavior
note: an unsafe function restricts its caller, but its body is safe by default
   --> src/am/columnar_project.rs:286:1
    |
286 | / unsafe extern "C-unwind" fn pathlist_hook(
287 | |     root: *mut pg_sys::PlannerInfo,
288 | |     rel: *mut pg_sys::RelOptInfo,
289 | |     _rti: pg_sys::Index,
290 | |     rte: *mut pg_sys::RangeTblEntry,
291 | | ) {
    | |_^
    = note: for more information, see <https://doc.rust-lang.org/edition-guide/rust-2024/unsafe-op-in-unsafe-fn.html>

warning[E0133]: call to unsafe function is unsafe and requires unsafe block
   --> src/am/columnar_project.rs:293:9
    |
293 |         prev(root, rel, _rti, rte); // keep the vecfilter hook (and any earlier chain) running
    |         ^^^^^^^^^^^^^^^^^^^^^^^^^^ call to unsafe function
    |
    = note: consult the function's documentation for information on how to avoid undefined behavior
    = note: for more information, see <https://doc.rust-lang.org/edition-guide/rust-2024/unsafe-op-in-unsafe-fn.html>

warning[E0133]: dereference of raw pointer is unsafe and requires unsafe block
   --> src/am/columnar_project.rs:298:23
    |
298 |     let relref = &mut *rel;
    |                       ^^^^ dereference of raw pointer
    |
    = note: raw pointers may be null, dangling or unaligned; they can violate aliasing rules and cause data races: all of these are undefined behavior
    = note: for more information, see <https://doc.rust-lang.org/edition-guide/rust-2024/unsafe-op-in-unsafe-fn.html>

warning[E0133]: dereference of raw pointer is unsafe and requires unsafe block
   --> src/am/columnar_project.rs:303:25
    |
303 |     if rte.is_null() || (*rte).rtekind != pg_sys::RTEKind::RTE_RELATION {
    |                         ^^^^^^ dereference of raw pointer
    |
    = note: raw pointers may be null, dangling or unaligned; they can violate aliasing rules and cause data races: all of these are undefined behavior
    = note: for more information, see <https://doc.rust-lang.org/edition-guide/rust-2024/unsafe-op-in-unsafe-fn.html>

warning[E0133]: call to unsafe function `pgrx::pg_sys::get_rel_relam` is unsafe and requires unsafe block
   --> src/am/columnar_project.rs:307:39
    |
307 |     if amoid == pg_sys::InvalidOid || pg_sys::get_rel_relam((*rte).relid) != amoid {
    |                                       ^^^^^^^^^^^^^^^^^^^^^^^^^^^^^^^^^^^ call to unsafe function
    |
    = note: consult the function's documentation for information on how to avoid undefined behavior
    = note: for more information, see <https://doc.rust-lang.org/edition-guide/rust-2024/unsafe-op-in-unsafe-fn.html>

warning[E0133]: dereference of raw pointer is unsafe and requires unsafe block
   --> src/am/columnar_project.rs:307:61
    |
307 |     if amoid == pg_sys::InvalidOid || pg_sys::get_rel_relam((*rte).relid) != amoid {
    |                                                             ^^^^^^ dereference of raw pointer
    |
    = note: raw pointers may be null, dangling or unaligned; they can violate aliasing rules and cause data races: all of these are undefined behavior
    = note: for more information, see <https://doc.rust-lang.org/edition-guide/rust-2024/unsafe-op-in-unsafe-fn.html>

warning[E0133]: dereference of raw pointer is unsafe and requires unsafe block
   --> src/am/columnar_project.rs:313:17
    |
313 |     let parse = (*root).parse;
    |                 ^^^^^^^ dereference of raw pointer
    |
    = note: raw pointers may be null, dangling or unaligned; they can violate aliasing rules and cause data races: all of these are undefined behavior
    = note: for more information, see <https://doc.rust-lang.org/edition-guide/rust-2024/unsafe-op-in-unsafe-fn.html>

warning[E0133]: dereference of raw pointer is unsafe and requires unsafe block
   --> src/am/columnar_project.rs:315:13
    |
315 |         && ((*parse).hasAggs
    |             ^^^^^^^^ dereference of raw pointer
    |
    = note: raw pointers may be null, dangling or unaligned; they can violate aliasing rules and cause data races: all of these are undefined behavior
    = note: for more information, see <https://doc.rust-lang.org/edition-guide/rust-2024/unsafe-op-in-unsafe-fn.html>

warning[E0133]: dereference of raw pointer is unsafe and requires unsafe block
   --> src/am/columnar_project.rs:316:17
    |
316 |             || !(*parse).groupClause.is_null()
    |                 ^^^^^^^^ dereference of raw pointer
    |
    = note: raw pointers may be null, dangling or unaligned; they can violate aliasing rules and cause data races: all of these are undefined behavior
    = note: for more information, see <https://doc.rust-lang.org/edition-guide/rust-2024/unsafe-op-in-unsafe-fn.html>

warning[E0133]: dereference of raw pointer is unsafe and requires unsafe block
   --> src/am/columnar_project.rs:317:17
    |
317 |             || !(*parse).groupingSets.is_null()
    |                 ^^^^^^^^ dereference of raw pointer
    |
    = note: raw pointers may be null, dangling or unaligned; they can violate aliasing rules and cause data races: all of these are undefined behavior
    = note: for more information, see <https://doc.rust-lang.org/edition-guide/rust-2024/unsafe-op-in-unsafe-fn.html>

warning[E0133]: dereference of raw pointer is unsafe and requires unsafe block
   --> src/am/columnar_project.rs:318:16
    |
318 |             || (*parse).hasWindowFuncs)
    |                ^^^^^^^^ dereference of raw pointer
    |
    = note: raw pointers may be null, dangling or unaligned; they can violate aliasing rules and cause data races: all of these are undefined behavior
    = note: for more information, see <https://doc.rust-lang.org/edition-guide/rust-2024/unsafe-op-in-unsafe-fn.html>

warning[E0133]: call to unsafe function `pgrx::PgList::<T>::from_pg` is unsafe and requires unsafe block
   --> src/am/columnar_project.rs:326:17
    |
326 |     let paths = PgList::<pg_sys::Path>::from_pg(relref.pathlist);
    |                 ^^^^^^^^^^^^^^^^^^^^^^^^^^^^^^^^^^^^^^^^^^^^^^^^ call to unsafe function
    |
    = note: consult the function's documentation for information on how to avoid undefined behavior
    = note: for more information, see <https://doc.rust-lang.org/edition-guide/rust-2024/unsafe-op-in-unsafe-fn.html>

warning[E0133]: dereference of raw pointer is unsafe and requires unsafe block
   --> src/am/columnar_project.rs:330:16
    |
330 |             if (*p).pathtype == pg_sys::NodeTag::T_SeqScan
    |                ^^^^ dereference of raw pointer
    |
    = note: raw pointers may be null, dangling or unaligned; they can violate aliasing rules and cause data races: all of these are undefined behavior
    = note: for more information, see <https://doc.rust-lang.org/edition-guide/rust-2024/unsafe-op-in-unsafe-fn.html>

warning[E0133]: dereference of raw pointer is unsafe and requires unsafe block
   --> src/am/columnar_project.rs:331:20
    |
331 |                 && (*p).param_info.is_null()
    |                    ^^^^ dereference of raw pointer
    |
    = note: raw pointers may be null, dangling or unaligned; they can violate aliasing rules and cause data races: all of these are undefined behavior
    = note: for more information, see <https://doc.rust-lang.org/edition-guide/rust-2024/unsafe-op-in-unsafe-fn.html>

warning[E0133]: dereference of raw pointer is unsafe and requires unsafe block
   --> src/am/columnar_project.rs:332:38
    |
332 |                 && (seq.is_null() || (*p).total_cost < (*seq).total_cost)
    |                                      ^^^^ dereference of raw pointer
    |
    = note: raw pointers may be null, dangling or unaligned; they can violate aliasing rules and cause data races: all of these are undefined behavior
    = note: for more information, see <https://doc.rust-lang.org/edition-guide/rust-2024/unsafe-op-in-unsafe-fn.html>

warning[E0133]: dereference of raw pointer is unsafe and requires unsafe block
   --> src/am/columnar_project.rs:332:56
    |
332 |                 && (seq.is_null() || (*p).total_cost < (*seq).total_cost)
    |                                                        ^^^^^^ dereference of raw pointer
    |
    = note: raw pointers may be null, dangling or unaligned; they can violate aliasing rules and cause data races: all of these are undefined behavior
    = note: for more information, see <https://doc.rust-lang.org/edition-guide/rust-2024/unsafe-op-in-unsafe-fn.html>

warning[E0133]: dereference of raw pointer is unsafe and requires unsafe block
   --> src/am/columnar_project.rs:341:19
    |
341 |     let startup = (*seq).startup_cost;
    |                   ^^^^^^ dereference of raw pointer
    |
    = note: raw pointers may be null, dangling or unaligned; they can violate aliasing rules and cause data races: all of these are undefined behavior
    = note: for more information, see <https://doc.rust-lang.org/edition-guide/rust-2024/unsafe-op-in-unsafe-fn.html>

warning[E0133]: dereference of raw pointer is unsafe and requires unsafe block
   --> src/am/columnar_project.rs:342:17
    |
342 |     let total = (*seq).total_cost * 0.9;
    |                 ^^^^^^ dereference of raw pointer
    |
    = note: raw pointers may be null, dangling or unaligned; they can violate aliasing rules and cause data races: all of these are undefined behavior
    = note: for more information, see <https://doc.rust-lang.org/edition-guide/rust-2024/unsafe-op-in-unsafe-fn.html>

warning[E0133]: dereference of raw pointer is unsafe and requires unsafe block
   --> src/am/columnar_project.rs:343:16
    |
343 |     let rows = (*seq).rows;
    |                ^^^^^^ dereference of raw pointer
    |
    = note: raw pointers may be null, dangling or unaligned; they can violate aliasing rules and cause data races: all of these are undefined behavior
    = note: for more information, see <https://doc.rust-lang.org/edition-guide/rust-2024/unsafe-op-in-unsafe-fn.html>

warning[E0133]: call to unsafe function `pgrx::PgBox::<T, AllocatedBy>::alloc_node` is unsafe and requires unsafe block
   --> src/am/columnar_project.rs:345:21
    |
345 |     let mut cpath = PgBox::<pg_sys::CustomPath>::alloc_node(pg_sys::NodeTag::T_CustomPath);
    |                     ^^^^^^^^^^^^^^^^^^^^^^^^^^^^^^^^^^^^^^^^^^^^^^^^^^^^^^^^^^^^^^^^^^^^^^ call to unsafe function
    |
    = note: consult the function's documentation for information on how to avoid undefined behavior
    = note: for more information, see <https://doc.rust-lang.org/edition-guide/rust-2024/unsafe-op-in-unsafe-fn.html>

warning[E0133]: dereference of raw pointer is unsafe and requires unsafe block
   --> src/am/columnar_project.rs:358:27
    |
358 |     path.disabled_nodes = (*seq).disabled_nodes;
    |                           ^^^^^^ dereference of raw pointer
    |
    = note: raw pointers may be null, dangling or unaligned; they can violate aliasing rules and cause data races: all of these are undefined behavior
    = note: for more information, see <https://doc.rust-lang.org/edition-guide/rust-2024/unsafe-op-in-unsafe-fn.html>

warning[E0133]: call to unsafe function `pgrx::pg_sys::add_path` is unsafe and requires unsafe block
   --> src/am/columnar_project.rs:364:5
    |
364 |     pg_sys::add_path(rel, cpath.into_pg() as *mut pg_sys::Path);
    |     ^^^^^^^^^^^^^^^^^^^^^^^^^^^^^^^^^^^^^^^^^^^^^^^^^^^^^^^^^^^ call to unsafe function
    |
    = note: consult the function's documentation for information on how to avoid undefined behavior
    = note: for more information, see <https://doc.rust-lang.org/edition-guide/rust-2024/unsafe-op-in-unsafe-fn.html>

warning[E0133]: call to unsafe function `pgrx::PgBox::<T, AllocatedBy>::alloc_node` is unsafe and requires unsafe block
   --> src/am/columnar_project.rs:383:21
    |
383 |     let mut cscan = PgBox::<pg_sys::CustomScan>::alloc_node(pg_sys::NodeTag::T_CustomScan);
    |                     ^^^^^^^^^^^^^^^^^^^^^^^^^^^^^^^^^^^^^^^^^^^^^^^^^^^^^^^^^^^^^^^^^^^^^^ call to unsafe function
    |
    = note: consult the function's documentation for information on how to avoid undefined behavior
note: an unsafe function restricts its caller, but its body is safe by default
   --> src/am/columnar_project.rs:375:1
    |
375 | / unsafe extern "C-unwind" fn plan_custom_path(
376 | |     _root: *mut pg_sys::PlannerInfo,
377 | |     rel: *mut pg_sys::RelOptInfo,
378 | |     _best_path: *mut pg_sys::CustomPath,
...   |
381 | |     _custom_plans: *mut pg_sys::List,
382 | | ) -> *mut pg_sys::Plan {
    | |______________________^
    = note: for more information, see <https://doc.rust-lang.org/edition-guide/rust-2024/unsafe-op-in-unsafe-fn.html>

warning[E0133]: call to unsafe function `pgrx::pg_sys::extract_actual_clauses` is unsafe and requires unsafe block
   --> src/am/columnar_project.rs:388:21
    |
388 |         plan.qual = pg_sys::extract_actual_clauses(clauses, false);
    |                     ^^^^^^^^^^^^^^^^^^^^^^^^^^^^^^^^^^^^^^^^^^^^^^ call to unsafe function
    |
    = note: consult the function's documentation for information on how to avoid undefined behavior
    = note: for more information, see <https://doc.rust-lang.org/edition-guide/rust-2024/unsafe-op-in-unsafe-fn.html>

warning[E0133]: dereference of raw pointer is unsafe and requires unsafe block
   --> src/am/columnar_project.rs:392:28
    |
392 |     cscan.scan.scanrelid = (*rel).relid;
    |                            ^^^^^^ dereference of raw pointer
    |
    = note: raw pointers may be null, dangling or unaligned; they can violate aliasing rules and cause data races: all of these are undefined behavior
    = note: for more information, see <https://doc.rust-lang.org/edition-guide/rust-2024/unsafe-op-in-unsafe-fn.html>

warning[E0133]: call to unsafe function `pgrx::pg_sys::palloc0` is unsafe and requires unsafe block
   --> src/am/columnar_project.rs:415:15
    |
415 |     let ptr = pg_sys::palloc0(std::mem::size_of::<ProjScanState>()) as *mut ProjScanState;
    |               ^^^^^^^^^^^^^^^^^^^^^^^^^^^^^^^^^^^^^^^^^^^^^^^^^^^^^ call to unsafe function
    |
    = note: consult the function's documentation for information on how to avoid undefined behavior
note: an unsafe function restricts its caller, but its body is safe by default
   --> src/am/columnar_project.rs:412:1
    |
412 | / unsafe extern "C-unwind" fn create_custom_scan_state(
413 | |     _cscan: *mut pg_sys::CustomScan,
414 | | ) -> *mut pg_sys::Node {
    | |______________________^
    = note: for more information, see <https://doc.rust-lang.org/edition-guide/rust-2024/unsafe-op-in-unsafe-fn.html>

warning[E0133]: dereference of raw pointer is unsafe and requires unsafe block
   --> src/am/columnar_project.rs:416:19
    |
416 |     let st = &mut *ptr;
    |                   ^^^^ dereference of raw pointer
    |
    = note: raw pointers may be null, dangling or unaligned; they can violate aliasing rules and cause data races: all of these are undefined behavior
    = note: for more information, see <https://doc.rust-lang.org/edition-guide/rust-2024/unsafe-op-in-unsafe-fn.html>

warning[E0133]: dereference of raw pointer is unsafe and requires unsafe block
   --> src/am/columnar_project.rs:433:20
    |
433 |     for &list in &[(*plan).targetlist, (*plan).qual] {
    |                    ^^^^^^^ dereference of raw pointer
    |
    = note: raw pointers may be null, dangling or unaligned; they can violate aliasing rules and cause data races: all of these are undefined behavior
note: an unsafe function restricts its caller, but its body is safe by default
   --> src/am/columnar_project.rs:428:1
    |
428 | unsafe fn columns_needed(plan: *mut pg_sys::Plan, scanrelid: u32, natts: usize) -> Option<Vec<usize>> {
    | ^^^^^^^^^^^^^^^^^^^^^^^^^^^^^^^^^^^^^^^^^^^^^^^^^^^^^^^^^^^^^^^^^^^^^^^^^^^^^^^^^^^^^^^^^^^^^^^^^^^^^
    = note: for more information, see <https://doc.rust-lang.org/edition-guide/rust-2024/unsafe-op-in-unsafe-fn.html>

warning[E0133]: dereference of raw pointer is unsafe and requires unsafe block
   --> src/am/columnar_project.rs:433:40
    |
433 |     for &list in &[(*plan).targetlist, (*plan).qual] {
    |                                        ^^^^^^^ dereference of raw pointer
    |
    = note: raw pointers may be null, dangling or unaligned; they can violate aliasing rules and cause data races: all of these are undefined behavior
    = note: for more information, see <https://doc.rust-lang.org/edition-guide/rust-2024/unsafe-op-in-unsafe-fn.html>

warning[E0133]: call to unsafe function `pgrx::pg_sys::pull_var_clause` is unsafe and requires unsafe block
   --> src/am/columnar_project.rs:437:20
    |
437 |         let vars = pg_sys::pull_var_clause(list as *mut pg_sys::Node, flags);
    |                    ^^^^^^^^^^^^^^^^^^^^^^^^^^^^^^^^^^^^^^^^^^^^^^^^^^^^^^^^^ call to unsafe function
    |
    = note: consult the function's documentation for information on how to avoid undefined behavior
    = note: for more information, see <https://doc.rust-lang.org/edition-guide/rust-2024/unsafe-op-in-unsafe-fn.html>

warning[E0133]: call to unsafe function `pgrx::PgList::<T>::from_pg` is unsafe and requires unsafe block
   --> src/am/columnar_project.rs:438:18
    |
438 |         let vl = PgList::<pg_sys::Node>::from_pg(vars);
    |                  ^^^^^^^^^^^^^^^^^^^^^^^^^^^^^^^^^^^^^ call to unsafe function
    |
    = note: consult the function's documentation for information on how to avoid undefined behavior
    = note: for more information, see <https://doc.rust-lang.org/edition-guide/rust-2024/unsafe-op-in-unsafe-fn.html>

warning[E0133]: dereference of raw pointer is unsafe and requires unsafe block
   --> src/am/columnar_project.rs:441:16
    |
441 |             if (*node).type_ != pg_sys::NodeTag::T_Var {
    |                ^^^^^^^ dereference of raw pointer
    |
    = note: raw pointers may be null, dangling or unaligned; they can violate aliasing rules and cause data races: all of these are undefined behavior
    = note: for more information, see <https://doc.rust-lang.org/edition-guide/rust-2024/unsafe-op-in-unsafe-fn.html>

warning[E0133]: dereference of raw pointer is unsafe and requires unsafe block
   --> src/am/columnar_project.rs:445:16
    |
445 |             if (*var).varno as u32 != scanrelid {
    |                ^^^^^^ dereference of raw pointer
    |
    = note: raw pointers may be null, dangling or unaligned; they can violate aliasing rules and cause data races: all of these are undefined behavior
    = note: for more information, see <https://doc.rust-lang.org/edition-guide/rust-2024/unsafe-op-in-unsafe-fn.html>

warning[E0133]: dereference of raw pointer is unsafe and requires unsafe block
   --> src/am/columnar_project.rs:448:23
    |
448 |             let att = (*var).varattno as i32;
    |                       ^^^^^^ dereference of raw pointer
    |
    = note: raw pointers may be null, dangling or unaligned; they can violate aliasing rules and cause data races: all of these are undefined behavior
    = note: for more information, see <https://doc.rust-lang.org/edition-guide/rust-2024/unsafe-op-in-unsafe-fn.html>

warning[E0133]: dereference of raw pointer is unsafe and requires unsafe block
   --> src/am/columnar_project.rs:471:19
    |
471 |     let st = &mut *(node as *mut ProjScanState);
    |                   ^^^^^^^^^^^^^^^^^^^^^^^^^^^^^ dereference of raw pointer
    |
    = note: raw pointers may be null, dangling or unaligned; they can violate aliasing rules and cause data races: all of these are undefined behavior
note: an unsafe function restricts its caller, but its body is safe by default
   --> src/am/columnar_project.rs:466:1
    |
466 | / unsafe extern "C-unwind" fn begin_custom_scan(
467 | |     node: *mut pg_sys::CustomScanState,
468 | |     estate: *mut pg_sys::EState,
469 | |     eflags: c_int,
470 | | ) {
    | |_^
    = note: for more information, see <https://doc.rust-lang.org/edition-guide/rust-2024/unsafe-op-in-unsafe-fn.html>

warning[E0133]: dereference of raw pointer is unsafe and requires unsafe block
   --> src/am/columnar_project.rs:480:17
    |
480 |     let natts = (*(*rel).rd_att).natts as usize;
    |                 ^^^^^^^^^^^^^^^^ dereference of raw pointer
    |
    = note: raw pointers may be null, dangling or unaligned; they can violate aliasing rules and cause data races: all of these are undefined behavior
    = note: for more information, see <https://doc.rust-lang.org/edition-guide/rust-2024/unsafe-op-in-unsafe-fn.html>

warning[E0133]: dereference of raw pointer is unsafe and requires unsafe block
   --> src/am/columnar_project.rs:480:19
    |
480 |     let natts = (*(*rel).rd_att).natts as usize;
    |                   ^^^^^^ dereference of raw pointer
    |
    = note: raw pointers may be null, dangling or unaligned; they can violate aliasing rules and cause data races: all of these are undefined behavior
    = note: for more information, see <https://doc.rust-lang.org/edition-guide/rust-2024/unsafe-op-in-unsafe-fn.html>

warning[E0133]: dereference of raw pointer is unsafe and requires unsafe block
   --> src/am/columnar_project.rs:482:21
    |
482 |     let scanrelid = (*cscan).scan.scanrelid;
    |                     ^^^^^^^^ dereference of raw pointer
    |
    = note: raw pointers may be null, dangling or unaligned; they can violate aliasing rules and cause data races: all of these are undefined behavior
    = note: for more information, see <https://doc.rust-lang.org/edition-guide/rust-2024/unsafe-op-in-unsafe-fn.html>

warning[E0133]: call to unsafe function `am::columnar_project::columns_needed` is unsafe and requires unsafe block
   --> src/am/columnar_project.rs:490:11
    |
490 |     match columns_needed(st.css.ss.ps.plan, scanrelid, natts) {
    |           ^^^^^^^^^^^^^^^^^^^^^^^^^^^^^^^^^^^^^^^^^^^^^^^^^^^ call to unsafe function
    |
    = note: consult the function's documentation for information on how to avoid undefined behavior
    = note: for more information, see <https://doc.rust-lang.org/edition-guide/rust-2024/unsafe-op-in-unsafe-fn.html>

warning[E0133]: call to unsafe function `am::columnar_project::predicates_needed` is unsafe and requires unsafe block
   --> src/am/columnar_project.rs:498:37
    |
498 |     let preds: Vec<ZonePredicate> = predicates_needed(st.css.ss.ps.plan, scanrelid);
    |                                     ^^^^^^^^^^^^^^^^^^^^^^^^^^^^^^^^^^^^^^^^^^^^^^^ call to unsafe function
    |
    = note: consult the function's documentation for information on how to avoid undefined behavior
    = note: for more information, see <https://doc.rust-lang.org/edition-guide/rust-2024/unsafe-op-in-unsafe-fn.html>

warning[E0133]: call to unsafe function `pgrx::pg_sys::table_beginscan` is unsafe and requires unsafe block
   --> src/am/columnar_project.rs:501:19
    |
501 |     st.scandesc = pg_sys::table_beginscan(rel, (*estate).es_snapshot, 0, std::ptr::null_mut());
    |                   ^^^^^^^^^^^^^^^^^^^^^^^^^^^^^^^^^^^^^^^^^^^^^^^^^^^^^^^^^^^^^^^^^^^^^^^^^^^^ call to unsafe function
    |
    = note: consult the function's documentation for information on how to avoid undefined behavior
    = note: for more information, see <https://doc.rust-lang.org/edition-guide/rust-2024/unsafe-op-in-unsafe-fn.html>

warning[E0133]: dereference of raw pointer is unsafe and requires unsafe block
   --> src/am/columnar_project.rs:501:48
    |
501 |     st.scandesc = pg_sys::table_beginscan(rel, (*estate).es_snapshot, 0, std::ptr::null_mut());
    |                                                ^^^^^^^^^ dereference of raw pointer
    |
    = note: raw pointers may be null, dangling or unaligned; they can violate aliasing rules and cause data races: all of these are undefined behavior
    = note: for more information, see <https://doc.rust-lang.org/edition-guide/rust-2024/unsafe-op-in-unsafe-fn.html>

warning[E0133]: dereference of raw pointer is unsafe and requires unsafe block
   --> src/am/columnar_project.rs:509:8
    |
509 |     if (*plan).qual.is_null() {
    |        ^^^^^^^ dereference of raw pointer
    |
    = note: raw pointers may be null, dangling or unaligned; they can violate aliasing rules and cause data races: all of these are undefined behavior
note: an unsafe function restricts its caller, but its body is safe by default
   --> src/am/columnar_project.rs:508:1
    |
508 | unsafe fn predicates_needed(plan: *mut pg_sys::Plan, scanrelid: u32) -> Vec<ZonePredicate> {
    | ^^^^^^^^^^^^^^^^^^^^^^^^^^^^^^^^^^^^^^^^^^^^^^^^^^^^^^^^^^^^^^^^^^^^^^^^^^^^^^^^^^^^^^^^^^
    = note: for more information, see <https://doc.rust-lang.org/edition-guide/rust-2024/unsafe-op-in-unsafe-fn.html>

warning[E0133]: call to unsafe function `pgrx::PgList::<T>::from_pg` is unsafe and requires unsafe block
   --> src/am/columnar_project.rs:512:17
    |
512 |     let quals = PgList::<pg_sys::Node>::from_pg((*plan).qual);
    |                 ^^^^^^^^^^^^^^^^^^^^^^^^^^^^^^^^^^^^^^^^^^^^^ call to unsafe function
    |
    = note: consult the function's documentation for information on how to avoid undefined behavior
    = note: for more information, see <https://doc.rust-lang.org/edition-guide/rust-2024/unsafe-op-in-unsafe-fn.html>

warning[E0133]: dereference of raw pointer is unsafe and requires unsafe block
   --> src/am/columnar_project.rs:512:49
    |
512 |     let quals = PgList::<pg_sys::Node>::from_pg((*plan).qual);
    |                                                 ^^^^^^^ dereference of raw pointer
    |
    = note: raw pointers may be null, dangling or unaligned; they can violate aliasing rules and cause data races: all of these are undefined behavior
    = note: for more information, see <https://doc.rust-lang.org/edition-guide/rust-2024/unsafe-op-in-unsafe-fn.html>

warning[E0133]: call to unsafe function `am::columnar_agg::extract_zone_predicate` is unsafe and requires unsafe block
   --> src/am/columnar_project.rs:516:30
    |
516 |             if let Some(p) = extract_zone_predicate(clause, scanrelid as i32) {
    |                              ^^^^^^^^^^^^^^^^^^^^^^^^^^^^^^^^^^^^^^^^^^^^^^^^ call to unsafe function
    |
    = note: consult the function's documentation for information on how to avoid undefined behavior
    = note: for more information, see <https://doc.rust-lang.org/edition-guide/rust-2024/unsafe-op-in-unsafe-fn.html>

warning[E0133]: dereference of raw pointer is unsafe and requires unsafe block
   --> src/am/columnar_project.rs:530:16
    |
530 |     let slot = (*node).ss_ScanTupleSlot;
    |                ^^^^^^^ dereference of raw pointer
    |
    = note: raw pointers may be null, dangling or unaligned; they can violate aliasing rules and cause data races: all of these are undefined behavior
note: an unsafe function restricts its caller, but its body is safe by default
   --> src/am/columnar_project.rs:528:1
    |
528 | unsafe extern "C-unwind" fn proj_access(node: *mut pg_sys::ScanState) -> *mut pg_sys::TupleTableSlot {
    | ^^^^^^^^^^^^^^^^^^^^^^^^^^^^^^^^^^^^^^^^^^^^^^^^^^^^^^^^^^^^^^^^^^^^^^^^^^^^^^^^^^^^^^^^^^^^^^^^^^^^
    = note: for more information, see <https://doc.rust-lang.org/edition-guide/rust-2024/unsafe-op-in-unsafe-fn.html>

warning[E0133]: dereference of raw pointer is unsafe and requires unsafe block
   --> src/am/columnar_project.rs:531:8
    |
531 |     if (*st).scandesc.is_null() {
    |        ^^^^^ dereference of raw pointer
    |
    = note: raw pointers may be null, dangling or unaligned; they can violate aliasing rules and cause data races: all of these are undefined behavior
    = note: for more information, see <https://doc.rust-lang.org/edition-guide/rust-2024/unsafe-op-in-unsafe-fn.html>

warning[E0133]: call to unsafe function `pgrx::pg_sys::ExecClearTuple` is unsafe and requires unsafe block
   --> src/am/columnar_project.rs:532:16
    |
532 |         return pg_sys::ExecClearTuple(slot);
    |                ^^^^^^^^^^^^^^^^^^^^^^^^^^^^ call to unsafe function
    |
    = note: consult the function's documentation for information on how to avoid undefined behavior
    = note: for more information, see <https://doc.rust-lang.org/edition-guide/rust-2024/unsafe-op-in-unsafe-fn.html>

warning[E0133]: call to unsafe function `pgrx::pg_sys::table_scan_getnextslot` is unsafe and requires unsafe block
   --> src/am/columnar_project.rs:534:8
    |
534 |       if pg_sys::table_scan_getnextslot(
    |  ________^
535 | |         (*st).scandesc,
536 | |         pg_sys::ScanDirection::ForwardScanDirection,
537 | |         slot,
538 | |     ) {
    | |_____^ call to unsafe function
    |
    = note: consult the function's documentation for information on how to avoid undefined behavior
    = note: for more information, see <https://doc.rust-lang.org/edition-guide/rust-2024/unsafe-op-in-unsafe-fn.html>

warning[E0133]: dereference of raw pointer is unsafe and requires unsafe block
   --> src/am/columnar_project.rs:535:9
    |
535 |         (*st).scandesc,
    |         ^^^^^ dereference of raw pointer
    |
    = note: raw pointers may be null, dangling or unaligned; they can violate aliasing rules and cause data races: all of these are undefined behavior
    = note: for more information, see <https://doc.rust-lang.org/edition-guide/rust-2024/unsafe-op-in-unsafe-fn.html>

warning[E0133]: call to unsafe function `pgrx::pg_sys::ExecClearTuple` is unsafe and requires unsafe block
   --> src/am/columnar_project.rs:541:9
    |
541 |         pg_sys::ExecClearTuple(slot)
    |         ^^^^^^^^^^^^^^^^^^^^^^^^^^^^ call to unsafe function
    |
    = note: consult the function's documentation for information on how to avoid undefined behavior
    = note: for more information, see <https://doc.rust-lang.org/edition-guide/rust-2024/unsafe-op-in-unsafe-fn.html>

warning[E0133]: dereference of raw pointer is unsafe and requires unsafe block
   --> src/am/columnar_project.rs:563:19
    |
563 |     let st = &mut *(node as *mut ProjScanState);
    |                   ^^^^^^^^^^^^^^^^^^^^^^^^^^^^^ dereference of raw pointer
    |
    = note: raw pointers may be null, dangling or unaligned; they can violate aliasing rules and cause data races: all of these are undefined behavior
note: an unsafe function restricts its caller, but its body is safe by default
   --> src/am/columnar_project.rs:560:1
    |
560 | / unsafe extern "C-unwind" fn exec_custom_scan(
561 | |     node: *mut pg_sys::CustomScanState,
562 | | ) -> *mut pg_sys::TupleTableSlot {
    | |________________________________^
    = note: for more information, see <https://doc.rust-lang.org/edition-guide/rust-2024/unsafe-op-in-unsafe-fn.html>

warning[E0133]: call to unsafe function `pgrx::pg_sys::ExecScan` is unsafe and requires unsafe block
   --> src/am/columnar_project.rs:576:5
    |
576 |     pg_sys::ExecScan(&mut st.css.ss, Some(proj_access), Some(proj_recheck))
    |     ^^^^^^^^^^^^^^^^^^^^^^^^^^^^^^^^^^^^^^^^^^^^^^^^^^^^^^^^^^^^^^^^^^^^^^^ call to unsafe function
    |
    = note: consult the function's documentation for information on how to avoid undefined behavior
    = note: for more information, see <https://doc.rust-lang.org/edition-guide/rust-2024/unsafe-op-in-unsafe-fn.html>

warning[E0133]: dereference of raw pointer is unsafe and requires unsafe block
   --> src/am/columnar_project.rs:582:19
    |
582 |     let st = &mut *(node as *mut ProjScanState);
    |                   ^^^^^^^^^^^^^^^^^^^^^^^^^^^^^ dereference of raw pointer
    |
    = note: raw pointers may be null, dangling or unaligned; they can violate aliasing rules and cause data races: all of these are undefined behavior
note: an unsafe function restricts its caller, but its body is safe by default
   --> src/am/columnar_project.rs:581:1
    |
581 | unsafe extern "C-unwind" fn end_custom_scan(node: *mut pg_sys::CustomScanState) {
    | ^^^^^^^^^^^^^^^^^^^^^^^^^^^^^^^^^^^^^^^^^^^^^^^^^^^^^^^^^^^^^^^^^^^^^^^^^^^^^^^
    = note: for more information, see <https://doc.rust-lang.org/edition-guide/rust-2024/unsafe-op-in-unsafe-fn.html>

warning[E0133]: call to unsafe function `pgrx::pg_sys::table_endscan` is unsafe and requires unsafe block
   --> src/am/columnar_project.rs:586:9
    |
586 |         pg_sys::table_endscan(st.scandesc);
    |         ^^^^^^^^^^^^^^^^^^^^^^^^^^^^^^^^^^ call to unsafe function
    |
    = note: consult the function's documentation for information on how to avoid undefined behavior
    = note: for more information, see <https://doc.rust-lang.org/edition-guide/rust-2024/unsafe-op-in-unsafe-fn.html>

warning[E0133]: dereference of raw pointer is unsafe and requires unsafe block
   --> src/am/columnar_project.rs:596:19
    |
596 |     let st = &mut *(node as *mut ProjScanState);
    |                   ^^^^^^^^^^^^^^^^^^^^^^^^^^^^^ dereference of raw pointer
    |
    = note: raw pointers may be null, dangling or unaligned; they can violate aliasing rules and cause data races: all of these are undefined behavior
note: an unsafe function restricts its caller, but its body is safe by default
   --> src/am/columnar_project.rs:595:1
    |
595 | unsafe extern "C-unwind" fn rescan_custom_scan(node: *mut pg_sys::CustomScanState) {
    | ^^^^^^^^^^^^^^^^^^^^^^^^^^^^^^^^^^^^^^^^^^^^^^^^^^^^^^^^^^^^^^^^^^^^^^^^^^^^^^^^^^
    = note: for more information, see <https://doc.rust-lang.org/edition-guide/rust-2024/unsafe-op-in-unsafe-fn.html>

warning[E0133]: call to unsafe function `pgrx::pg_sys::table_rescan` is unsafe and requires unsafe block
   --> src/am/columnar_project.rs:598:9
    |
598 |         pg_sys::table_rescan(st.scandesc, std::ptr::null_mut());
    |         ^^^^^^^^^^^^^^^^^^^^^^^^^^^^^^^^^^^^^^^^^^^^^^^^^^^^^^^ call to unsafe function
    |
    = note: consult the function's documentation for information on how to avoid undefined behavior
    = note: for more information, see <https://doc.rust-lang.org/edition-guide/rust-2024/unsafe-op-in-unsafe-fn.html>

warning[E0133]: call to unsafe function `am::page::peek_magic` is unsafe and requires unsafe block
  --> src/am/cost.rs:73:17
   |
73 |     let magic = page::peek_magic(rel).ok();
   |                 ^^^^^^^^^^^^^^^^^^^^^ call to unsafe function
   |
   = note: consult the function's documentation for information on how to avoid undefined behavior
note: an unsafe function restricts its caller, but its body is safe by default
  --> src/am/cost.rs:72:1
   |
72 | pub(crate) unsafe fn scan_visit_ratio(rel: pg_sys::Relation, tuples: f64) -> f64 {
   | ^^^^^^^^^^^^^^^^^^^^^^^^^^^^^^^^^^^^^^^^^^^^^^^^^^^^^^^^^^^^^^^^^^^^^^^^^^^^^^^^
   = note: for more information, see <https://doc.rust-lang.org/edition-guide/rust-2024/unsafe-op-in-unsafe-fn.html>

warning[E0133]: call to unsafe function `am::page::ivf::read_ivf_meta` is unsafe and requires unsafe block
  --> src/am/cost.rs:77:9
   |
77 |         page::read_ivf_meta(rel)
   |         ^^^^^^^^^^^^^^^^^^^^^^^^ call to unsafe function
   |
   = note: consult the function's documentation for information on how to avoid undefined behavior
   = note: for more information, see <https://doc.rust-lang.org/edition-guide/rust-2024/unsafe-op-in-unsafe-fn.html>

warning[E0133]: call to unsafe function `am::page::ivf::read_ivf_aq_meta` is unsafe and requires unsafe block
  --> src/am/cost.rs:79:26
   |
79 |             .or_else(|_| page::read_ivf_aq_meta(rel).map(|meta| meta.dir.len()))
   |                          ^^^^^^^^^^^^^^^^^^^^^^^^^^^ call to unsafe function
   |
   = note: consult the function's documentation for information on how to avoid undefined behavior
   = note: for more information, see <https://doc.rust-lang.org/edition-guide/rust-2024/unsafe-op-in-unsafe-fn.html>

warning[E0133]: call to unsafe function `am::page::ivf::read_ivf_aq_meta_split` is unsafe and requires unsafe block
  --> src/am/cost.rs:80:26
   |
80 |             .or_else(|_| page::read_ivf_aq_meta_split(rel).map(|meta| meta.dir.len())) // M83 v5
   |                          ^^^^^^^^^^^^^^^^^^^^^^^^^^^^^^^^^ call to unsafe function
   |
   = note: consult the function's documentation for information on how to avoid undefined behavior
   = note: for more information, see <https://doc.rust-lang.org/edition-guide/rust-2024/unsafe-op-in-unsafe-fn.html>

warning[E0133]: call to unsafe function `am::page::ivf::read_ivf_aq_meta_split_sq8` is unsafe and requires unsafe block
  --> src/am/cost.rs:81:26
   |
81 |             .or_else(|_| page::read_ivf_aq_meta_split_sq8(rel).map(|meta| meta.dir.len())) // M85 v6 storage-separated
   |                          ^^^^^^^^^^^^^^^^^^^^^^^^^^^^^^^^^^^^^ call to unsafe function
   |
   = note: consult the function's documentation for information on how to avoid undefined behavior
   = note: for more information, see <https://doc.rust-lang.org/edition-guide/rust-2024/unsafe-op-in-unsafe-fn.html>

warning[E0133]: call to unsafe function `pgrx::pg_sys::tbm_begin_iterate` is unsafe and requires unsafe block
   --> src/am/customscan.rs:158:41
    |
158 |     let mut iter: pg_sys::TBMIterator = pg_sys::tbm_begin_iterate(tbm, std::ptr::null_mut(), 0);
    |                                         ^^^^^^^^^^^^^^^^^^^^^^^^^^^^^^^^^^^^^^^^^^^^^^^^^^^^^^^ call to unsafe function
    |
    = note: consult the function's documentation for information on how to avoid undefined behavior
note: an unsafe function restricts its caller, but its body is safe by default
   --> src/am/customscan.rs:151:1
    |
151 | / pub(crate) unsafe fn materialize_bitmap(
152 | |     tbm: *mut pg_sys::TIDBitmap,
153 | | ) -> (HashSet<i64>, HashSet<u32>) {
    | |_________________________________^
    = note: for more information, see <https://doc.rust-lang.org/edition-guide/rust-2024/unsafe-op-in-unsafe-fn.html>

warning[E0133]: call to unsafe function `pgrx::pg_sys::tbm_iterate` is unsafe and requires unsafe block
   --> src/am/customscan.rs:162:11
    |
162 |     while pg_sys::tbm_iterate(&mut iter, &mut res) {
    |           ^^^^^^^^^^^^^^^^^^^^^^^^^^^^^^^^^^^^^^^^ call to unsafe function
    |
    = note: consult the function's documentation for information on how to avoid undefined behavior
    = note: for more information, see <https://doc.rust-lang.org/edition-guide/rust-2024/unsafe-op-in-unsafe-fn.html>

warning[E0133]: call to unsafe function `pgrx::pg_sys::tbm_extract_page_tuple` is unsafe and requires unsafe block
   --> src/am/customscan.rs:166:28
    |
166 |               let reported = pg_sys::tbm_extract_page_tuple(
    |  ____________________________^
167 | |                 &mut res,
168 | |                 offsets.as_mut_ptr(),
169 | |                 MAX_TUPLES_PER_PAGE as u32,
170 | |             ) as usize;
    | |_____________^ call to unsafe function
    |
    = note: consult the function's documentation for information on how to avoid undefined behavior
    = note: for more information, see <https://doc.rust-lang.org/edition-guide/rust-2024/unsafe-op-in-unsafe-fn.html>

warning[E0133]: call to unsafe function `pgrx::pg_sys::tbm_end_iterate` is unsafe and requires unsafe block
   --> src/am/customscan.rs:179:5
    |
179 |     pg_sys::tbm_end_iterate(&mut iter); // exactly once, after the drain (double call trips an Assert)
    |     ^^^^^^^^^^^^^^^^^^^^^^^^^^^^^^^^^^ call to unsafe function
    |
    = note: consult the function's documentation for information on how to avoid undefined behavior
    = note: for more information, see <https://doc.rust-lang.org/edition-guide/rust-2024/unsafe-op-in-unsafe-fn.html>

warning[E0133]: use of mutable static is unsafe and requires unsafe block
   --> src/am/customscan.rs:296:25
    |
296 |     if let Some(prev) = PREV_HOOK {
    |                         ^^^^^^^^^ use of mutable static
    |
    = note: mutable statics can be mutated by multiple threads: aliasing violations or data races will cause undefined behavior
note: an unsafe function restricts its caller, but its body is safe by default
   --> src/am/customscan.rs:290:1
    |
290 | / unsafe extern "C-unwind" fn pathlist_hook(
291 | |     root: *mut pg_sys::PlannerInfo,
292 | |     rel: *mut pg_sys::RelOptInfo,
293 | |     rti: pg_sys::Index,
294 | |     rte: *mut pg_sys::RangeTblEntry,
295 | | ) {
    | |_^
    = note: for more information, see <https://doc.rust-lang.org/edition-guide/rust-2024/unsafe-op-in-unsafe-fn.html>

warning[E0133]: call to unsafe function is unsafe and requires unsafe block
   --> src/am/customscan.rs:297:9
    |
297 |         prev(root, rel, rti, rte);
    |         ^^^^^^^^^^^^^^^^^^^^^^^^^ call to unsafe function
    |
    = note: consult the function's documentation for information on how to avoid undefined behavior
    = note: for more information, see <https://doc.rust-lang.org/edition-guide/rust-2024/unsafe-op-in-unsafe-fn.html>

warning[E0133]: dereference of raw pointer is unsafe and requires unsafe block
   --> src/am/customscan.rs:302:23
    |
302 |     let relref = &mut *rel;
    |                       ^^^^ dereference of raw pointer
    |
    = note: raw pointers may be null, dangling or unaligned; they can violate aliasing rules and cause data races: all of these are undefined behavior
    = note: for more information, see <https://doc.rust-lang.org/edition-guide/rust-2024/unsafe-op-in-unsafe-fn.html>

warning[E0133]: call to unsafe function `pgrx::PgList::<T>::from_pg` is unsafe and requires unsafe block
   --> src/am/customscan.rs:308:17
    |
308 |     let paths = PgList::<pg_sys::Path>::from_pg(relref.pathlist);
    |                 ^^^^^^^^^^^^^^^^^^^^^^^^^^^^^^^^^^^^^^^^^^^^^^^^ call to unsafe function
    |
    = note: consult the function's documentation for information on how to avoid undefined behavior
    = note: for more information, see <https://doc.rust-lang.org/edition-guide/rust-2024/unsafe-op-in-unsafe-fn.html>

warning[E0133]: dereference of raw pointer is unsafe and requires unsafe block
   --> src/am/customscan.rs:319:17
    |
319 |             if !(*p).pathkeys.is_null()
    |                 ^^^^ dereference of raw pointer
    |
    = note: raw pointers may be null, dangling or unaligned; they can violate aliasing rules and cause data races: all of these are undefined behavior
    = note: for more information, see <https://doc.rust-lang.org/edition-guide/rust-2024/unsafe-op-in-unsafe-fn.html>

warning[E0133]: dereference of raw pointer is unsafe and requires unsafe block
   --> src/am/customscan.rs:320:20
    |
320 |                 && (*p).pathtype == pg_sys::NodeTag::T_IndexScan
    |                    ^^^^ dereference of raw pointer
    |
    = note: raw pointers may be null, dangling or unaligned; they can violate aliasing rules and cause data races: all of these are undefined behavior
    = note: for more information, see <https://doc.rust-lang.org/edition-guide/rust-2024/unsafe-op-in-unsafe-fn.html>

warning[E0133]: dereference of raw pointer is unsafe and requires unsafe block
   --> src/am/customscan.rs:321:20
    |
321 |                 && (*p).param_info.is_null()
    |                    ^^^^ dereference of raw pointer
    |
    = note: raw pointers may be null, dangling or unaligned; they can violate aliasing rules and cause data races: all of these are undefined behavior
    = note: for more information, see <https://doc.rust-lang.org/edition-guide/rust-2024/unsafe-op-in-unsafe-fn.html>

warning[E0133]: dereference of raw pointer is unsafe and requires unsafe block
   --> src/am/customscan.rs:326:16
    |
326 |             if (*p).pathtype == pg_sys::NodeTag::T_BitmapHeapScan
    |                ^^^^ dereference of raw pointer
    |
    = note: raw pointers may be null, dangling or unaligned; they can violate aliasing rules and cause data races: all of these are undefined behavior
    = note: for more information, see <https://doc.rust-lang.org/edition-guide/rust-2024/unsafe-op-in-unsafe-fn.html>

warning[E0133]: dereference of raw pointer is unsafe and requires unsafe block
   --> src/am/customscan.rs:327:20
    |
327 |                 && (*p).param_info.is_null()
    |                    ^^^^ dereference of raw pointer
    |
    = note: raw pointers may be null, dangling or unaligned; they can violate aliasing rules and cause data races: all of these are undefined behavior
    = note: for more information, see <https://doc.rust-lang.org/edition-guide/rust-2024/unsafe-op-in-unsafe-fn.html>

warning[E0133]: dereference of raw pointer is unsafe and requires unsafe block
   --> src/am/customscan.rs:346:28
    |
346 |         let mut min_cost = (*vector_path).total_cost;
    |                            ^^^^^^^^^^^^^^ dereference of raw pointer
    |
    = note: raw pointers may be null, dangling or unaligned; they can violate aliasing rules and cause data races: all of these are undefined behavior
    = note: for more information, see <https://doc.rust-lang.org/edition-guide/rust-2024/unsafe-op-in-unsafe-fn.html>

warning[E0133]: dereference of raw pointer is unsafe and requires unsafe block
   --> src/am/customscan.rs:349:20
    |
349 |                 if (*p).total_cost < min_cost {
    |                    ^^^^ dereference of raw pointer
    |
    = note: raw pointers may be null, dangling or unaligned; they can violate aliasing rules and cause data races: all of these are undefined behavior
    = note: for more information, see <https://doc.rust-lang.org/edition-guide/rust-2024/unsafe-op-in-unsafe-fn.html>

warning[E0133]: dereference of raw pointer is unsafe and requires unsafe block
   --> src/am/customscan.rs:350:32
    |
350 |                     min_cost = (*p).total_cost;
    |                                ^^^^ dereference of raw pointer
    |
    = note: raw pointers may be null, dangling or unaligned; they can violate aliasing rules and cause data races: all of these are undefined behavior
    = note: for more information, see <https://doc.rust-lang.org/edition-guide/rust-2024/unsafe-op-in-unsafe-fn.html>

warning[E0133]: call to unsafe function `am::customscan::vecfilter_honest_cost` is unsafe and requires unsafe block
   --> src/am/customscan.rs:356:15
    |
356 |         match vecfilter_honest_cost(rel, vector_path, bitmap_path) {
    |               ^^^^^^^^^^^^^^^^^^^^^^^^^^^^^^^^^^^^^^^^^^^^^^^^^^^^ call to unsafe function
    |
    = note: consult the function's documentation for information on how to avoid undefined behavior
    = note: for more information, see <https://doc.rust-lang.org/edition-guide/rust-2024/unsafe-op-in-unsafe-fn.html>

warning[E0133]: call to unsafe function `pgrx::PgBox::<T, AllocatedBy>::alloc_node` is unsafe and requires unsafe block
   --> src/am/customscan.rs:364:21
    |
364 |     let mut cpath = PgBox::<pg_sys::CustomPath>::alloc_node(pg_sys::NodeTag::T_CustomPath);
    |                     ^^^^^^^^^^^^^^^^^^^^^^^^^^^^^^^^^^^^^^^^^^^^^^^^^^^^^^^^^^^^^^^^^^^^^^ call to unsafe function
    |
    = note: consult the function's documentation for information on how to avoid undefined behavior
    = note: for more information, see <https://doc.rust-lang.org/edition-guide/rust-2024/unsafe-op-in-unsafe-fn.html>

warning[E0133]: dereference of raw pointer is unsafe and requires unsafe block
   --> src/am/customscan.rs:370:21
    |
370 |     path.pathkeys = (*vector_path).pathkeys;
    |                     ^^^^^^^^^^^^^^ dereference of raw pointer
    |
    = note: raw pointers may be null, dangling or unaligned; they can violate aliasing rules and cause data races: all of these are undefined behavior
    = note: for more information, see <https://doc.rust-lang.org/edition-guide/rust-2024/unsafe-op-in-unsafe-fn.html>

warning[E0133]: dereference of raw pointer is unsafe and requires unsafe block
   --> src/am/customscan.rs:371:17
    |
371 |     path.rows = (*vector_path).rows;
    |                 ^^^^^^^^^^^^^^ dereference of raw pointer
    |
    = note: raw pointers may be null, dangling or unaligned; they can violate aliasing rules and cause data races: all of these are undefined behavior
    = note: for more information, see <https://doc.rust-lang.org/edition-guide/rust-2024/unsafe-op-in-unsafe-fn.html>

warning[E0133]: call to unsafe function `pgrx::pg_sys::add_path` is unsafe and requires unsafe block
   --> src/am/customscan.rs:382:5
    |
382 |     pg_sys::add_path(rel, cpath.into_pg() as *mut pg_sys::Path);
    |     ^^^^^^^^^^^^^^^^^^^^^^^^^^^^^^^^^^^^^^^^^^^^^^^^^^^^^^^^^^^ call to unsafe function
    |
    = note: consult the function's documentation for information on how to avoid undefined behavior
    = note: for more information, see <https://doc.rust-lang.org/edition-guide/rust-2024/unsafe-op-in-unsafe-fn.html>

warning[E0133]: dereference of raw pointer is unsafe and requires unsafe block
   --> src/am/customscan.rs:401:22
    |
401 |     let bitmapqual = (*bpath).bitmapqual;
    |                      ^^^^^^^^ dereference of raw pointer
    |
    = note: raw pointers may be null, dangling or unaligned; they can violate aliasing rules and cause data races: all of these are undefined behavior
note: an unsafe function restricts its caller, but its body is safe by default
   --> src/am/customscan.rs:390:1
    |
390 | / unsafe fn vecfilter_honest_cost(
391 | |     rel: *mut pg_sys::RelOptInfo,
392 | |     vector_path: *mut pg_sys::Path,
393 | |     bitmap_path: *mut pg_sys::Path,
394 | | ) -> Option<(pg_sys::Cost, pg_sys::Cost)> {
    | |_________________________________________^
    = note: for more information, see <https://doc.rust-lang.org/edition-guide/rust-2024/unsafe-op-in-unsafe-fn.html>

warning[E0133]: dereference of raw pointer is unsafe and requires unsafe block
   --> src/am/customscan.rs:405:21
    |
405 |     let term_b = if (*bitmapqual).type_ == pg_sys::NodeTag::T_IndexPath {
    |                     ^^^^^^^^^^^^^ dereference of raw pointer
    |
    = note: raw pointers may be null, dangling or unaligned; they can violate aliasing rules and cause data races: all of these are undefined behavior
    = note: for more information, see <https://doc.rust-lang.org/edition-guide/rust-2024/unsafe-op-in-unsafe-fn.html>

warning[E0133]: dereference of raw pointer is unsafe and requires unsafe block
   --> src/am/customscan.rs:407:9
    |
407 |         (*ip).indextotalcost + 0.1 * pg_sys::cpu_operator_cost * (*bitmapqual).rows
    |         ^^^^^ dereference of raw pointer
    |
    = note: raw pointers may be null, dangling or unaligned; they can violate aliasing rules and cause data races: all of these are undefined behavior
    = note: for more information, see <https://doc.rust-lang.org/edition-guide/rust-2024/unsafe-op-in-unsafe-fn.html>

warning[E0133]: use of mutable static is unsafe and requires unsafe block
   --> src/am/customscan.rs:407:38
    |
407 |         (*ip).indextotalcost + 0.1 * pg_sys::cpu_operator_cost * (*bitmapqual).rows
    |                                      ^^^^^^^^^^^^^^^^^^^^^^^^^ use of mutable static
    |
    = note: mutable statics can be mutated by multiple threads: aliasing violations or data races will cause undefined behavior
    = note: for more information, see <https://doc.rust-lang.org/edition-guide/rust-2024/unsafe-op-in-unsafe-fn.html>

warning[E0133]: dereference of raw pointer is unsafe and requires unsafe block
   --> src/am/customscan.rs:407:66
    |
407 |         (*ip).indextotalcost + 0.1 * pg_sys::cpu_operator_cost * (*bitmapqual).rows
    |                                                                  ^^^^^^^^^^^^^ dereference of raw pointer
    |
    = note: raw pointers may be null, dangling or unaligned; they can violate aliasing rules and cause data races: all of these are undefined behavior
    = note: for more information, see <https://doc.rust-lang.org/edition-guide/rust-2024/unsafe-op-in-unsafe-fn.html>

warning[E0133]: dereference of raw pointer is unsafe and requires unsafe block
   --> src/am/customscan.rs:409:9
    |
409 |         (*bitmapqual).total_cost // BitmapAnd/BitmapOr — already produce-only
    |         ^^^^^^^^^^^^^ dereference of raw pointer
    |
    = note: raw pointers may be null, dangling or unaligned; they can violate aliasing rules and cause data races: all of these are undefined behavior
    = note: for more information, see <https://doc.rust-lang.org/edition-guide/rust-2024/unsafe-op-in-unsafe-fn.html>

warning[E0133]: dereference of raw pointer is unsafe and requires unsafe block
   --> src/am/customscan.rs:413:22
    |
413 |     let rel_tuples = (*rel).tuples;
    |                      ^^^^^^ dereference of raw pointer
    |
    = note: raw pointers may be null, dangling or unaligned; they can violate aliasing rules and cause data races: all of these are undefined behavior
    = note: for more information, see <https://doc.rust-lang.org/edition-guide/rust-2024/unsafe-op-in-unsafe-fn.html>

warning[E0133]: dereference of raw pointer is unsafe and requires unsafe block
   --> src/am/customscan.rs:417:14
    |
417 |     let s = ((*bitmap_path).rows / rel_tuples).clamp(1e-9, 1.0);
    |              ^^^^^^^^^^^^^^ dereference of raw pointer
    |
    = note: raw pointers may be null, dangling or unaligned; they can violate aliasing rules and cause data races: all of these are undefined behavior
    = note: for more information, see <https://doc.rust-lang.org/edition-guide/rust-2024/unsafe-op-in-unsafe-fn.html>

warning[E0133]: dereference of raw pointer is unsafe and requires unsafe block
   --> src/am/customscan.rs:421:14
    |
421 |     let ii = (*ipath).indexinfo;
    |              ^^^^^^^^ dereference of raw pointer
    |
    = note: raw pointers may be null, dangling or unaligned; they can violate aliasing rules and cause data races: all of these are undefined behavior
    = note: for more information, see <https://doc.rust-lang.org/edition-guide/rust-2024/unsafe-op-in-unsafe-fn.html>

warning[E0133]: dereference of raw pointer is unsafe and requires unsafe block
   --> src/am/customscan.rs:425:23
    |
425 |     let index_pages = (*ii).pages as f64;
    |                       ^^^^^ dereference of raw pointer
    |
    = note: raw pointers may be null, dangling or unaligned; they can violate aliasing rules and cause data races: all of these are undefined behavior
    = note: for more information, see <https://doc.rust-lang.org/edition-guide/rust-2024/unsafe-op-in-unsafe-fn.html>

warning[E0133]: dereference of raw pointer is unsafe and requires unsafe block
   --> src/am/customscan.rs:426:25
    |
426 |     let idx_tuples = if (*ii).tuples > 0.0 { (*ii).tuples } else { rel_tuples };
    |                         ^^^^^ dereference of raw pointer
    |
    = note: raw pointers may be null, dangling or unaligned; they can violate aliasing rules and cause data races: all of these are undefined behavior
    = note: for more information, see <https://doc.rust-lang.org/edition-guide/rust-2024/unsafe-op-in-unsafe-fn.html>

warning[E0133]: dereference of raw pointer is unsafe and requires unsafe block
   --> src/am/customscan.rs:426:46
    |
426 |     let idx_tuples = if (*ii).tuples > 0.0 { (*ii).tuples } else { rel_tuples };
    |                                              ^^^^^ dereference of raw pointer
    |
    = note: raw pointers may be null, dangling or unaligned; they can violate aliasing rules and cause data races: all of these are undefined behavior
    = note: for more information, see <https://doc.rust-lang.org/edition-guide/rust-2024/unsafe-op-in-unsafe-fn.html>

warning[E0133]: call to unsafe function `pgrx::pg_sys::index_open` is unsafe and requires unsafe block
   --> src/am/customscan.rs:429:16
    |
429 |     let irel = pg_sys::index_open((*ii).indexoid, pg_sys::NoLock as pg_sys::LOCKMODE);
    |                ^^^^^^^^^^^^^^^^^^^^^^^^^^^^^^^^^^^^^^^^^^^^^^^^^^^^^^^^^^^^^^^^^^^^^^ call to unsafe function
    |
    = note: consult the function's documentation for information on how to avoid undefined behavior
    = note: for more information, see <https://doc.rust-lang.org/edition-guide/rust-2024/unsafe-op-in-unsafe-fn.html>

warning[E0133]: dereference of raw pointer is unsafe and requires unsafe block
   --> src/am/customscan.rs:429:35
    |
429 |     let irel = pg_sys::index_open((*ii).indexoid, pg_sys::NoLock as pg_sys::LOCKMODE);
    |                                   ^^^^^ dereference of raw pointer
    |
    = note: raw pointers may be null, dangling or unaligned; they can violate aliasing rules and cause data races: all of these are undefined behavior
    = note: for more information, see <https://doc.rust-lang.org/edition-guide/rust-2024/unsafe-op-in-unsafe-fn.html>

warning[E0133]: call to unsafe function `am::page::ivf::read_ivf_aq_meta_split` is unsafe and requires unsafe block
   --> src/am/customscan.rs:430:17
    |
430 |     let lists = page::read_ivf_aq_meta_split(irel)
    |                 ^^^^^^^^^^^^^^^^^^^^^^^^^^^^^^^^^^ call to unsafe function
    |
    = note: consult the function's documentation for information on how to avoid undefined behavior
    = note: for more information, see <https://doc.rust-lang.org/edition-guide/rust-2024/unsafe-op-in-unsafe-fn.html>

warning[E0133]: call to unsafe function `am::page::ivf::read_ivf_aq_meta` is unsafe and requires unsafe block
   --> src/am/customscan.rs:432:22
    |
432 |         .or_else(|_| page::read_ivf_aq_meta(irel).map(|m| m.dir.len()))
    |                      ^^^^^^^^^^^^^^^^^^^^^^^^^^^^ call to unsafe function
    |
    = note: consult the function's documentation for information on how to avoid undefined behavior
    = note: for more information, see <https://doc.rust-lang.org/edition-guide/rust-2024/unsafe-op-in-unsafe-fn.html>

warning[E0133]: call to unsafe function `am::page::ivf::read_ivf_meta` is unsafe and requires unsafe block
   --> src/am/customscan.rs:433:22
    |
433 |         .or_else(|_| page::read_ivf_meta(irel).map(|m| m.dir.len()))
    |                      ^^^^^^^^^^^^^^^^^^^^^^^^^ call to unsafe function
    |
    = note: consult the function's documentation for information on how to avoid undefined behavior
    = note: for more information, see <https://doc.rust-lang.org/edition-guide/rust-2024/unsafe-op-in-unsafe-fn.html>

warning[E0133]: call to unsafe function `pgrx::pg_sys::index_close` is unsafe and requires unsafe block
   --> src/am/customscan.rs:435:5
    |
435 |     pg_sys::index_close(irel, pg_sys::NoLock as pg_sys::LOCKMODE);
    |     ^^^^^^^^^^^^^^^^^^^^^^^^^^^^^^^^^^^^^^^^^^^^^^^^^^^^^^^^^^^^^ call to unsafe function
    |
    = note: consult the function's documentation for information on how to avoid undefined behavior
    = note: for more information, see <https://doc.rust-lang.org/edition-guide/rust-2024/unsafe-op-in-unsafe-fn.html>

warning[E0133]: call to unsafe function `pgrx::pg_sys::get_tablespace_page_costs` is unsafe and requires unsafe block
   --> src/am/customscan.rs:452:5
    |
452 |     pg_sys::get_tablespace_page_costs((*ii).reltablespace, &mut spc_random, &mut spc_seq);
    |     ^^^^^^^^^^^^^^^^^^^^^^^^^^^^^^^^^^^^^^^^^^^^^^^^^^^^^^^^^^^^^^^^^^^^^^^^^^^^^^^^^^^^^ call to unsafe function
    |
    = note: consult the function's documentation for information on how to avoid undefined behavior
    = note: for more information, see <https://doc.rust-lang.org/edition-guide/rust-2024/unsafe-op-in-unsafe-fn.html>

warning[E0133]: dereference of raw pointer is unsafe and requires unsafe block
   --> src/am/customscan.rs:452:39
    |
452 |     pg_sys::get_tablespace_page_costs((*ii).reltablespace, &mut spc_random, &mut spc_seq);
    |                                       ^^^^^ dereference of raw pointer
    |
    = note: raw pointers may be null, dangling or unaligned; they can violate aliasing rules and cause data races: all of these are undefined behavior
    = note: for more information, see <https://doc.rust-lang.org/edition-guide/rust-2024/unsafe-op-in-unsafe-fn.html>

warning[E0133]: use of mutable static is unsafe and requires unsafe block
   --> src/am/customscan.rs:454:22
    |
454 |         spc_random = pg_sys::random_page_cost;
    |                      ^^^^^^^^^^^^^^^^^^^^^^^^ use of mutable static
    |
    = note: mutable statics can be mutated by multiple threads: aliasing violations or data races will cause undefined behavior
    = note: for more information, see <https://doc.rust-lang.org/edition-guide/rust-2024/unsafe-op-in-unsafe-fn.html>

warning[E0133]: use of mutable static is unsafe and requires unsafe block
   --> src/am/customscan.rs:463:9
    |
463 |         pg_sys::cpu_operator_cost,
    |         ^^^^^^^^^^^^^^^^^^^^^^^^^ use of mutable static
    |
    = note: mutable statics can be mutated by multiple threads: aliasing violations or data races will cause undefined behavior
    = note: for more information, see <https://doc.rust-lang.org/edition-guide/rust-2024/unsafe-op-in-unsafe-fn.html>

warning[E0133]: call to unsafe function `pgrx::PgBox::<T, AllocatedBy>::alloc_node` is unsafe and requires unsafe block
   --> src/am/customscan.rs:486:21
    |
486 |     let mut cscan = PgBox::<pg_sys::CustomScan>::alloc_node(pg_sys::NodeTag::T_CustomScan);
    |                     ^^^^^^^^^^^^^^^^^^^^^^^^^^^^^^^^^^^^^^^^^^^^^^^^^^^^^^^^^^^^^^^^^^^^^^ call to unsafe function
    |
    = note: consult the function's documentation for information on how to avoid undefined behavior
note: an unsafe function restricts its caller, but its body is safe by default
   --> src/am/customscan.rs:478:1
    |
478 | / unsafe extern "C-unwind" fn plan_custom_path(
479 | |     _root: *mut pg_sys::PlannerInfo,
480 | |     rel: *mut pg_sys::RelOptInfo,
481 | |     _best_path: *mut pg_sys::CustomPath,
...   |
484 | |     custom_plans: *mut pg_sys::List,
485 | | ) -> *mut pg_sys::Plan {
    | |______________________^
    = note: for more information, see <https://doc.rust-lang.org/edition-guide/rust-2024/unsafe-op-in-unsafe-fn.html>

warning[E0133]: dereference of raw pointer is unsafe and requires unsafe block
   --> src/am/customscan.rs:492:28
    |
492 |     cscan.scan.scanrelid = (*rel).relid;
    |                            ^^^^^^ dereference of raw pointer
    |
    = note: raw pointers may be null, dangling or unaligned; they can violate aliasing rules and cause data races: all of these are undefined behavior
    = note: for more information, see <https://doc.rust-lang.org/edition-guide/rust-2024/unsafe-op-in-unsafe-fn.html>

warning[E0133]: call to unsafe function `pgrx::pg_sys::palloc0` is unsafe and requires unsafe block
   --> src/am/customscan.rs:509:15
    |
509 |     let ptr = pg_sys::palloc0(std::mem::size_of::<VecFilterState>()) as *mut VecFilterState;
    |               ^^^^^^^^^^^^^^^^^^^^^^^^^^^^^^^^^^^^^^^^^^^^^^^^^^^^^^ call to unsafe function
    |
    = note: consult the function's documentation for information on how to avoid undefined behavior
note: an unsafe function restricts its caller, but its body is safe by default
   --> src/am/customscan.rs:506:1
    |
506 | / unsafe extern "C-unwind" fn create_custom_scan_state(
507 | |     _cscan: *mut pg_sys::CustomScan,
508 | | ) -> *mut pg_sys::Node {
    | |______________________^
    = note: for more information, see <https://doc.rust-lang.org/edition-guide/rust-2024/unsafe-op-in-unsafe-fn.html>

warning[E0133]: dereference of raw pointer is unsafe and requires unsafe block
   --> src/am/customscan.rs:510:19
    |
510 |     let st = &mut *ptr;
    |                   ^^^^ dereference of raw pointer
    |
    = note: raw pointers may be null, dangling or unaligned; they can violate aliasing rules and cause data races: all of these are undefined behavior
    = note: for more information, see <https://doc.rust-lang.org/edition-guide/rust-2024/unsafe-op-in-unsafe-fn.html>

warning[E0133]: dereference of raw pointer is unsafe and requires unsafe block
   --> src/am/customscan.rs:527:19
    |
527 |     let st = &mut *(node as *mut VecFilterState);
    |                   ^^^^^^^^^^^^^^^^^^^^^^^^^^^^^^ dereference of raw pointer
    |
    = note: raw pointers may be null, dangling or unaligned; they can violate aliasing rules and cause data races: all of these are undefined behavior
note: an unsafe function restricts its caller, but its body is safe by default
   --> src/am/customscan.rs:519:1
    |
519 | / unsafe extern "C-unwind" fn begin_custom_scan(
520 | |     node: *mut pg_sys::CustomScanState,
521 | |     estate: *mut pg_sys::EState,
522 | |     eflags: c_int,
523 | | ) {
    | |_^
    = note: for more information, see <https://doc.rust-lang.org/edition-guide/rust-2024/unsafe-op-in-unsafe-fn.html>

warning[E0133]: call to unsafe function `pgrx::PgList::<T>::from_pg` is unsafe and requires unsafe block
   --> src/am/customscan.rs:529:19
    |
529 |     let planned = PgList::<pg_sys::Plan>::from_pg((*cscan).custom_plans);
    |                   ^^^^^^^^^^^^^^^^^^^^^^^^^^^^^^^^^^^^^^^^^^^^^^^^^^^^^^ call to unsafe function
    |
    = note: consult the function's documentation for information on how to avoid undefined behavior
    = note: for more information, see <https://doc.rust-lang.org/edition-guide/rust-2024/unsafe-op-in-unsafe-fn.html>

warning[E0133]: dereference of raw pointer is unsafe and requires unsafe block
   --> src/am/customscan.rs:529:51
    |
529 |     let planned = PgList::<pg_sys::Plan>::from_pg((*cscan).custom_plans);
    |                                                   ^^^^^^^^ dereference of raw pointer
    |
    = note: raw pointers may be null, dangling or unaligned; they can violate aliasing rules and cause data races: all of these are undefined behavior
    = note: for more information, see <https://doc.rust-lang.org/edition-guide/rust-2024/unsafe-op-in-unsafe-fn.html>

warning[E0133]: dereference of raw pointer is unsafe and requires unsafe block
   --> src/am/customscan.rs:542:8
    |
542 |     if (*bplan).type_ != pg_sys::NodeTag::T_BitmapHeapScan {
    |        ^^^^^^^^ dereference of raw pointer
    |
    = note: raw pointers may be null, dangling or unaligned; they can violate aliasing rules and cause data races: all of these are undefined behavior
    = note: for more information, see <https://doc.rust-lang.org/edition-guide/rust-2024/unsafe-op-in-unsafe-fn.html>

warning[E0133]: dereference of raw pointer is unsafe and requires unsafe block
   --> src/am/customscan.rs:545:26
    |
545 |     let bitmap_subplan = (*bplan).lefttree;
    |                          ^^^^^^^^ dereference of raw pointer
    |
    = note: raw pointers may be null, dangling or unaligned; they can violate aliasing rules and cause data races: all of these are undefined behavior
    = note: for more information, see <https://doc.rust-lang.org/edition-guide/rust-2024/unsafe-op-in-unsafe-fn.html>

warning[E0133]: call to unsafe function `pgrx::pg_sys::ExecInitNode` is unsafe and requires unsafe block
   --> src/am/customscan.rs:549:23
    |
549 |     st.vector_child = pg_sys::ExecInitNode(vplan, estate, eflags);
    |                       ^^^^^^^^^^^^^^^^^^^^^^^^^^^^^^^^^^^^^^^^^^^ call to unsafe function
    |
    = note: consult the function's documentation for information on how to avoid undefined behavior
    = note: for more information, see <https://doc.rust-lang.org/edition-guide/rust-2024/unsafe-op-in-unsafe-fn.html>

warning[E0133]: call to unsafe function `pgrx::pg_sys::ExecInitNode` is unsafe and requires unsafe block
   --> src/am/customscan.rs:550:23
    |
550 |     st.bitmap_child = pg_sys::ExecInitNode(bitmap_subplan, estate, eflags);
    |                       ^^^^^^^^^^^^^^^^^^^^^^^^^^^^^^^^^^^^^^^^^^^^^^^^^^^^ call to unsafe function
    |
    = note: consult the function's documentation for information on how to avoid undefined behavior
    = note: for more information, see <https://doc.rust-lang.org/edition-guide/rust-2024/unsafe-op-in-unsafe-fn.html>

warning[E0133]: call to unsafe function `pgrx::pg_sys::MultiExecProcNode` is unsafe and requires unsafe block
   --> src/am/customscan.rs:562:15
    |
562 |     let res = pg_sys::MultiExecProcNode(st.bitmap_child);
    |               ^^^^^^^^^^^^^^^^^^^^^^^^^^^^^^^^^^^^^^^^^^ call to unsafe function
    |
    = note: consult the function's documentation for information on how to avoid undefined behavior
    = note: for more information, see <https://doc.rust-lang.org/edition-guide/rust-2024/unsafe-op-in-unsafe-fn.html>

warning[E0133]: dereference of raw pointer is unsafe and requires unsafe block
   --> src/am/customscan.rs:563:25
    |
563 |     if res.is_null() || (*(res as *mut pg_sys::Node)).type_ != pg_sys::NodeTag::T_TIDBitmap {
    |                         ^^^^^^^^^^^^^^^^^^^^^^^^^^^^^ dereference of raw pointer
    |
    = note: raw pointers may be null, dangling or unaligned; they can violate aliasing rules and cause data races: all of these are undefined behavior
    = note: for more information, see <https://doc.rust-lang.org/edition-guide/rust-2024/unsafe-op-in-unsafe-fn.html>

warning[E0133]: call to unsafe function `am::customscan::materialize_bitmap` is unsafe and requires unsafe block
   --> src/am/customscan.rs:566:26
    |
566 |     let (exact, lossy) = materialize_bitmap(res as *mut pg_sys::TIDBitmap);
    |                          ^^^^^^^^^^^^^^^^^^^^^^^^^^^^^^^^^^^^^^^^^^^^^^^^^ call to unsafe function
    |
    = note: consult the function's documentation for information on how to avoid undefined behavior
    = note: for more information, see <https://doc.rust-lang.org/edition-guide/rust-2024/unsafe-op-in-unsafe-fn.html>

warning[E0133]: call to unsafe function `pgrx::pg_sys::tbm_free` is unsafe and requires unsafe block
   --> src/am/customscan.rs:571:5
    |
571 |     pg_sys::tbm_free(res as *mut pg_sys::TIDBitmap);
    |     ^^^^^^^^^^^^^^^^^^^^^^^^^^^^^^^^^^^^^^^^^^^^^^^ call to unsafe function
    |
    = note: consult the function's documentation for information on how to avoid undefined behavior
    = note: for more information, see <https://doc.rust-lang.org/edition-guide/rust-2024/unsafe-op-in-unsafe-fn.html>

warning[E0133]: dereference of raw pointer is unsafe and requires unsafe block
   --> src/am/customscan.rs:584:19
    |
584 |     let st = &mut *(node as *mut VecFilterState);
    |                   ^^^^^^^^^^^^^^^^^^^^^^^^^^^^^^ dereference of raw pointer
    |
    = note: raw pointers may be null, dangling or unaligned; they can violate aliasing rules and cause data races: all of these are undefined behavior
note: an unsafe function restricts its caller, but its body is safe by default
   --> src/am/customscan.rs:581:1
    |
581 | / unsafe extern "C-unwind" fn exec_custom_scan(
582 | |     node: *mut pg_sys::CustomScanState,
583 | | ) -> *mut pg_sys::TupleTableSlot {
    | |________________________________^
    = note: for more information, see <https://doc.rust-lang.org/edition-guide/rust-2024/unsafe-op-in-unsafe-fn.html>

warning[E0133]: call to unsafe function `pgrx::pg_sys::ExecProcNode` is unsafe and requires unsafe block
   --> src/am/customscan.rs:595:5
    |
595 |     pg_sys::ExecProcNode(st.vector_child)
    |     ^^^^^^^^^^^^^^^^^^^^^^^^^^^^^^^^^^^^^ call to unsafe function
    |
    = note: consult the function's documentation for information on how to avoid undefined behavior
    = note: for more information, see <https://doc.rust-lang.org/edition-guide/rust-2024/unsafe-op-in-unsafe-fn.html>

warning[E0133]: dereference of raw pointer is unsafe and requires unsafe block
   --> src/am/customscan.rs:602:19
    |
602 |     let st = &mut *(node as *mut VecFilterState);
    |                   ^^^^^^^^^^^^^^^^^^^^^^^^^^^^^^ dereference of raw pointer
    |
    = note: raw pointers may be null, dangling or unaligned; they can violate aliasing rules and cause data races: all of these are undefined behavior
note: an unsafe function restricts its caller, but its body is safe by default
   --> src/am/customscan.rs:601:1
    |
601 | unsafe extern "C-unwind" fn end_custom_scan(node: *mut pg_sys::CustomScanState) {
    | ^^^^^^^^^^^^^^^^^^^^^^^^^^^^^^^^^^^^^^^^^^^^^^^^^^^^^^^^^^^^^^^^^^^^^^^^^^^^^^^
    = note: for more information, see <https://doc.rust-lang.org/edition-guide/rust-2024/unsafe-op-in-unsafe-fn.html>

warning[E0133]: call to unsafe function `pgrx::pg_sys::ExecEndNode` is unsafe and requires unsafe block
   --> src/am/customscan.rs:608:9
    |
608 |         pg_sys::ExecEndNode(st.vector_child);
    |         ^^^^^^^^^^^^^^^^^^^^^^^^^^^^^^^^^^^^ call to unsafe function
    |
    = note: consult the function's documentation for information on how to avoid undefined behavior
    = note: for more information, see <https://doc.rust-lang.org/edition-guide/rust-2024/unsafe-op-in-unsafe-fn.html>

warning[E0133]: call to unsafe function `pgrx::pg_sys::ExecEndNode` is unsafe and requires unsafe block
   --> src/am/customscan.rs:611:9
    |
611 |         pg_sys::ExecEndNode(st.bitmap_child);
    |         ^^^^^^^^^^^^^^^^^^^^^^^^^^^^^^^^^^^^ call to unsafe function
    |
    = note: consult the function's documentation for information on how to avoid undefined behavior
    = note: for more information, see <https://doc.rust-lang.org/edition-guide/rust-2024/unsafe-op-in-unsafe-fn.html>

warning[E0133]: dereference of raw pointer is unsafe and requires unsafe block
   --> src/am/customscan.rs:620:19
    |
620 |     let st = &mut *(node as *mut VecFilterState);
    |                   ^^^^^^^^^^^^^^^^^^^^^^^^^^^^^^ dereference of raw pointer
    |
    = note: raw pointers may be null, dangling or unaligned; they can violate aliasing rules and cause data races: all of these are undefined behavior
note: an unsafe function restricts its caller, but its body is safe by default
   --> src/am/customscan.rs:619:1
    |
619 | unsafe extern "C-unwind" fn rescan_custom_scan(node: *mut pg_sys::CustomScanState) {
    | ^^^^^^^^^^^^^^^^^^^^^^^^^^^^^^^^^^^^^^^^^^^^^^^^^^^^^^^^^^^^^^^^^^^^^^^^^^^^^^^^^^
    = note: for more information, see <https://doc.rust-lang.org/edition-guide/rust-2024/unsafe-op-in-unsafe-fn.html>

warning[E0133]: call to unsafe function `pgrx::pg_sys::ExecReScan` is unsafe and requires unsafe block
   --> src/am/customscan.rs:624:9
    |
624 |         pg_sys::ExecReScan(st.bitmap_child);
    |         ^^^^^^^^^^^^^^^^^^^^^^^^^^^^^^^^^^^ call to unsafe function
    |
    = note: consult the function's documentation for information on how to avoid undefined behavior
    = note: for more information, see <https://doc.rust-lang.org/edition-guide/rust-2024/unsafe-op-in-unsafe-fn.html>

warning[E0133]: call to unsafe function `pgrx::pg_sys::MultiExecProcNode` is unsafe and requires unsafe block
   --> src/am/customscan.rs:625:19
    |
625 |         let res = pg_sys::MultiExecProcNode(st.bitmap_child);
    |                   ^^^^^^^^^^^^^^^^^^^^^^^^^^^^^^^^^^^^^^^^^^ call to unsafe function
    |
    = note: consult the function's documentation for information on how to avoid undefined behavior
    = note: for more information, see <https://doc.rust-lang.org/edition-guide/rust-2024/unsafe-op-in-unsafe-fn.html>

warning[E0133]: dereference of raw pointer is unsafe and requires unsafe block
   --> src/am/customscan.rs:626:29
    |
626 |         if res.is_null() || (*(res as *mut pg_sys::Node)).type_ != pg_sys::NodeTag::T_TIDBitmap {
    |                             ^^^^^^^^^^^^^^^^^^^^^^^^^^^^^ dereference of raw pointer
    |
    = note: raw pointers may be null, dangling or unaligned; they can violate aliasing rules and cause data races: all of these are undefined behavior
    = note: for more information, see <https://doc.rust-lang.org/edition-guide/rust-2024/unsafe-op-in-unsafe-fn.html>

warning[E0133]: call to unsafe function `am::customscan::materialize_bitmap` is unsafe and requires unsafe block
   --> src/am/customscan.rs:629:30
    |
629 |         let (exact, lossy) = materialize_bitmap(res as *mut pg_sys::TIDBitmap);
    |                              ^^^^^^^^^^^^^^^^^^^^^^^^^^^^^^^^^^^^^^^^^^^^^^^^^ call to unsafe function
    |
    = note: consult the function's documentation for information on how to avoid undefined behavior
    = note: for more information, see <https://doc.rust-lang.org/edition-guide/rust-2024/unsafe-op-in-unsafe-fn.html>

warning[E0133]: call to unsafe function `pgrx::pg_sys::tbm_free` is unsafe and requires unsafe block
   --> src/am/customscan.rs:631:9
    |
631 |         pg_sys::tbm_free(res as *mut pg_sys::TIDBitmap);
    |         ^^^^^^^^^^^^^^^^^^^^^^^^^^^^^^^^^^^^^^^^^^^^^^^ call to unsafe function
    |
    = note: consult the function's documentation for information on how to avoid undefined behavior
    = note: for more information, see <https://doc.rust-lang.org/edition-guide/rust-2024/unsafe-op-in-unsafe-fn.html>

warning[E0133]: call to unsafe function `pgrx::pg_sys::ExecReScan` is unsafe and requires unsafe block
   --> src/am/customscan.rs:642:9
    |
642 |         pg_sys::ExecReScan(st.vector_child);
    |         ^^^^^^^^^^^^^^^^^^^^^^^^^^^^^^^^^^^ call to unsafe function
    |
    = note: consult the function's documentation for information on how to avoid undefined behavior
    = note: for more information, see <https://doc.rust-lang.org/edition-guide/rust-2024/unsafe-op-in-unsafe-fn.html>

warning[E0133]: call to unsafe function `am::columnar::column_index` is unsafe and requires unsafe block
   --> src/am/df_executor.rs:247:19
    |
247 |         let idx = super::columnar::column_index(rel, name)
    |                   ^^^^^^^^^^^^^^^^^^^^^^^^^^^^^^^^^^^^^^^^ call to unsafe function
    |
    = note: consult the function's documentation for information on how to avoid undefined behavior
note: an unsafe function restricts its caller, but its body is safe by default
   --> src/am/df_executor.rs:238:1
    |
238 | / unsafe fn decode_to_batch(
239 | |     rel: pg_sys::Relation,
240 | |     sum_cols: &[String],
241 | |     predicates: &[super::zonemap::ZonePredicate],
242 | |     text_predicates: &[super::zonemap::TextPredicate],
243 | |     skip: bool,
244 | | ) -> Result<RecordBatch, String> {
    | |________________________________^
    = note: for more information, see <https://doc.rust-lang.org/edition-guide/rust-2024/unsafe-op-in-unsafe-fn.html>

warning[E0133]: call to unsafe function `am::columnar::decode_columns` is unsafe and requires unsafe block
   --> src/am/df_executor.rs:268:16
    |
268 |     let cols = super::columnar::decode_columns(rel, Some(&proj), predicates, skip)?;
    |                ^^^^^^^^^^^^^^^^^^^^^^^^^^^^^^^^^^^^^^^^^^^^^^^^^^^^^^^^^^^^^^^^^^^ call to unsafe function
    |
    = note: consult the function's documentation for information on how to avoid undefined behavior
    = note: for more information, see <https://doc.rust-lang.org/edition-guide/rust-2024/unsafe-op-in-unsafe-fn.html>

warning[E0133]: dereference of raw pointer is unsafe and requires unsafe block
   --> src/am/df_executor.rs:284:19
    |
284 |     let tupdesc = (*rel).rd_att;
    |                   ^^^^^^ dereference of raw pointer
    |
    = note: raw pointers may be null, dangling or unaligned; they can violate aliasing rules and cause data races: all of these are undefined behavior
note: an unsafe function restricts its caller, but its body is safe by default
   --> src/am/df_executor.rs:277:1
    |
277 | / unsafe fn build_filter_expr(
278 | |     rel: pg_sys::Relation,
279 | |     predicates: &[super::zonemap::ZonePredicate],
280 | |     text_predicates: &[super::zonemap::TextPredicate],
281 | | ) -> Option<Expr> {
    | |_________________^
    = note: for more information, see <https://doc.rust-lang.org/edition-guide/rust-2024/unsafe-op-in-unsafe-fn.html>

warning[E0133]: dereference of raw pointer is unsafe and requires unsafe block
   --> src/am/df_executor.rs:285:17
    |
285 |     let natts = (*tupdesc).natts as usize;
    |                 ^^^^^^^^^^ dereference of raw pointer
    |
    = note: raw pointers may be null, dangling or unaligned; they can violate aliasing rules and cause data races: all of these are undefined behavior
    = note: for more information, see <https://doc.rust-lang.org/edition-guide/rust-2024/unsafe-op-in-unsafe-fn.html>

warning[E0133]: call to unsafe function `am::tupdesc_attr` is unsafe and requires unsafe block
   --> src/am/df_executor.rs:291:19
    |
291 |         let att = super::tupdesc_attr(tupdesc, p.col);
    |                   ^^^^^^^^^^^^^^^^^^^^^^^^^^^^^^^^^^^ call to unsafe function
    |
    = note: consult the function's documentation for information on how to avoid undefined behavior
    = note: for more information, see <https://doc.rust-lang.org/edition-guide/rust-2024/unsafe-op-in-unsafe-fn.html>

warning[E0133]: call to unsafe function `std::ffi::CStr::from_ptr` is unsafe and requires unsafe block
   --> src/am/df_executor.rs:292:20
    |
292 |         let name = CStr::from_ptr((*att).attname.data.as_ptr()).to_string_lossy().into_owned();
    |                    ^^^^^^^^^^^^^^^^^^^^^^^^^^^^^^^^^^^^^^^^^^^^ call to unsafe function
    |
    = note: consult the function's documentation for information on how to avoid undefined behavior
    = note: for more information, see <https://doc.rust-lang.org/edition-guide/rust-2024/unsafe-op-in-unsafe-fn.html>

warning[E0133]: dereference of raw pointer is unsafe and requires unsafe block
   --> src/am/df_executor.rs:292:35
    |
292 |         let name = CStr::from_ptr((*att).attname.data.as_ptr()).to_string_lossy().into_owned();
    |                                   ^^^^^^ dereference of raw pointer
    |
    = note: raw pointers may be null, dangling or unaligned; they can violate aliasing rules and cause data races: all of these are undefined behavior
    = note: for more information, see <https://doc.rust-lang.org/edition-guide/rust-2024/unsafe-op-in-unsafe-fn.html>

warning[E0133]: dereference of raw pointer is unsafe and requires unsafe block
   --> src/am/df_executor.rs:298:25
    |
298 |         let val = match (*att).atttypid.to_u32() {
    |                         ^^^^^^ dereference of raw pointer
    |
    = note: raw pointers may be null, dangling or unaligned; they can violate aliasing rules and cause data races: all of these are undefined behavior
    = note: for more information, see <https://doc.rust-lang.org/edition-guide/rust-2024/unsafe-op-in-unsafe-fn.html>

warning[E0133]: dereference of raw pointer is unsafe and requires unsafe block
   --> src/am/df_executor.rs:301:56
    |
301 |             _ => match super::columnar::minmax_kind_of((*att).atttypid.to_u32()) {
    |                                                        ^^^^^^ dereference of raw pointer
    |
    = note: raw pointers may be null, dangling or unaligned; they can violate aliasing rules and cause data races: all of these are undefined behavior
    = note: for more information, see <https://doc.rust-lang.org/edition-guide/rust-2024/unsafe-op-in-unsafe-fn.html>

warning[E0133]: call to unsafe function `am::tupdesc_attr` is unsafe and requires unsafe block
   --> src/am/df_executor.rs:331:19
    |
331 |         let att = super::tupdesc_attr(tupdesc, t.col);
    |                   ^^^^^^^^^^^^^^^^^^^^^^^^^^^^^^^^^^^ call to unsafe function
    |
    = note: consult the function's documentation for information on how to avoid undefined behavior
    = note: for more information, see <https://doc.rust-lang.org/edition-guide/rust-2024/unsafe-op-in-unsafe-fn.html>

warning[E0133]: call to unsafe function `std::ffi::CStr::from_ptr` is unsafe and requires unsafe block
   --> src/am/df_executor.rs:332:20
    |
332 |         let name = CStr::from_ptr((*att).attname.data.as_ptr()).to_string_lossy().into_owned();
    |                    ^^^^^^^^^^^^^^^^^^^^^^^^^^^^^^^^^^^^^^^^^^^^ call to unsafe function
    |
    = note: consult the function's documentation for information on how to avoid undefined behavior
    = note: for more information, see <https://doc.rust-lang.org/edition-guide/rust-2024/unsafe-op-in-unsafe-fn.html>

warning[E0133]: dereference of raw pointer is unsafe and requires unsafe block
   --> src/am/df_executor.rs:332:35
    |
332 |         let name = CStr::from_ptr((*att).attname.data.as_ptr()).to_string_lossy().into_owned();
    |                                   ^^^^^^ dereference of raw pointer
    |
    = note: raw pointers may be null, dangling or unaligned; they can violate aliasing rules and cause data races: all of these are undefined behavior
    = note: for more information, see <https://doc.rust-lang.org/edition-guide/rust-2024/unsafe-op-in-unsafe-fn.html>

warning[E0133]: call to unsafe function `am::df_executor::decode_to_batch` is unsafe and requires unsafe block
   --> src/am/df_executor.rs:363:17
    |
363 |     let batch = decode_to_batch(rel, &agg_cols, predicates, text_predicates, skip)?;
    |                 ^^^^^^^^^^^^^^^^^^^^^^^^^^^^^^^^^^^^^^^^^^^^^^^^^^^^^^^^^^^^^^^^^^ call to unsafe function
    |
    = note: consult the function's documentation for information on how to avoid undefined behavior
note: an unsafe function restricts its caller, but its body is safe by default
   --> src/am/df_executor.rs:354:1
    |
354 | / pub(super) unsafe fn run_columnar_aggs(
355 | |     rel: pg_sys::Relation,
356 | |     aggs: &[AggSpec],
357 | |     predicates: &[super::zonemap::ZonePredicate],
358 | |     text_predicates: &[super::zonemap::TextPredicate],
359 | |     skip: bool,
360 | | ) -> Result<Vec<(pg_sys::Datum, bool)>, String> {
    | |_______________________________________________^
    = note: for more information, see <https://doc.rust-lang.org/edition-guide/rust-2024/unsafe-op-in-unsafe-fn.html>

warning[E0133]: call to unsafe function `am::df_executor::build_filter_expr` is unsafe and requires unsafe block
   --> src/am/df_executor.rs:364:18
    |
364 |     let filter = build_filter_expr(rel, predicates, text_predicates);
    |                  ^^^^^^^^^^^^^^^^^^^^^^^^^^^^^^^^^^^^^^^^^^^^^^^^^^^ call to unsafe function
    |
    = note: consult the function's documentation for information on how to avoid undefined behavior
    = note: for more information, see <https://doc.rust-lang.org/edition-guide/rust-2024/unsafe-op-in-unsafe-fn.html>

warning[E0133]: call to unsafe function `am::df_executor::run_aggs_on_batch` is unsafe and requires unsafe block
   --> src/am/df_executor.rs:365:5
    |
365 |     run_aggs_on_batch(batch, aggs, filter)
    |     ^^^^^^^^^^^^^^^^^^^^^^^^^^^^^^^^^^^^^^ call to unsafe function
    |
    = note: consult the function's documentation for information on how to avoid undefined behavior
    = note: for more information, see <https://doc.rust-lang.org/edition-guide/rust-2024/unsafe-op-in-unsafe-fn.html>

warning[E0133]: call to unsafe function `am::df_executor::run_df_collect` is unsafe and requires unsafe block
   --> src/am/df_executor.rs:381:19
    |
381 |       let batches = run_df_collect(batch, move |df| {
    |  ___________________^
382 | |         // Zone-map predicate as the FINAL authority over surviving rows (D3): filter BEFORE aggregating.
383 | |         let df = match filter {
384 | |             Some(f) => df.filter(f)?,
...   |
387 | |         df.aggregate(vec![], exprs)
388 | |     })?;
    | |______^ call to unsafe function
    |
    = note: consult the function's documentation for information on how to avoid undefined behavior
note: an unsafe function restricts its caller, but its body is safe by default
   --> src/am/df_executor.rs:371:1
    |
371 | / pub(super) unsafe fn run_aggs_on_batch(
372 | |     batch: RecordBatch,
373 | |     aggs: &[AggSpec],
374 | |     filter: Option<Expr>,
375 | | ) -> Result<Vec<(pg_sys::Datum, bool)>, String> {
    | |_______________________________________________^
    = note: for more information, see <https://doc.rust-lang.org/edition-guide/rust-2024/unsafe-op-in-unsafe-fn.html>

warning[E0133]: use of mutable static is unsafe and requires unsafe block
   --> src/am/df_executor.rs:412:27
    |
412 |     let work_mem_bytes = (pg_sys::work_mem.max(64) as usize) * 1024;
    |                           ^^^^^^^^^^^^^^^^ use of mutable static
    |
    = note: mutable statics can be mutated by multiple threads: aliasing violations or data races will cause undefined behavior
note: an unsafe function restricts its caller, but its body is safe by default
   --> src/am/df_executor.rs:403:1
    |
403 | / unsafe fn run_df_collect<F>(batch: RecordBatch, build: F) -> Result<Vec<RecordBatch>, String>
404 | | where
405 | |     F: FnOnce(
406 | |         datafusion::dataframe::DataFrame,
407 | |     ) -> Result<datafusion::dataframe::DataFrame, DataFusionError>,
    | |___________________________________________________________________^
    = note: for more information, see <https://doc.rust-lang.org/edition-guide/rust-2024/unsafe-op-in-unsafe-fn.html>

warning[E0133]: call to unsafe function `am::df_executor::decode_to_batch` is unsafe and requires unsafe block
   --> src/am/df_executor.rs:464:17
    |
464 |     let batch = decode_to_batch(rel, &proj_cols, predicates, text_predicates, skip)?;
    |                 ^^^^^^^^^^^^^^^^^^^^^^^^^^^^^^^^^^^^^^^^^^^^^^^^^^^^^^^^^^^^^^^^^^^ call to unsafe function
    |
    = note: consult the function's documentation for information on how to avoid undefined behavior
note: an unsafe function restricts its caller, but its body is safe by default
   --> src/am/df_executor.rs:438:1
    |
438 | / pub(super) unsafe fn run_columnar_grouped_aggs(
439 | |     rel: pg_sys::Relation,
440 | |     group_cols: &[(String, u32)],
441 | |     group_key_exprs_spec: &[(String, String, u32)], // M157 — (base_col_name, unit, out_typoid) for date_trunc keys
...   |
446 | |     skip: bool,
447 | | ) -> Result<Vec<Vec<(pg_sys::Datum, bool)>>, String> {
    | |____________________________________________________^
    = note: for more information, see <https://doc.rust-lang.org/edition-guide/rust-2024/unsafe-op-in-unsafe-fn.html>

warning[E0133]: call to unsafe function `am::df_executor::build_filter_expr` is unsafe and requires unsafe block
   --> src/am/df_executor.rs:465:18
    |
465 |     let filter = build_filter_expr(rel, predicates, text_predicates);
    |                  ^^^^^^^^^^^^^^^^^^^^^^^^^^^^^^^^^^^^^^^^^^^^^^^^^^^ call to unsafe function
    |
    = note: consult the function's documentation for information on how to avoid undefined behavior
    = note: for more information, see <https://doc.rust-lang.org/edition-guide/rust-2024/unsafe-op-in-unsafe-fn.html>

warning[E0133]: call to unsafe function `am::df_executor::run_df_collect` is unsafe and requires unsafe block
   --> src/am/df_executor.rs:485:19
    |
485 |       let batches = run_df_collect(batch, move |df| {
    |  ___________________^
486 | |         let df = match filter {
487 | |             Some(f) => df.filter(f)?,
488 | |             None => df,
489 | |         };
490 | |         df.aggregate(group_exprs, agg_exprs)
491 | |     })?;
    | |______^ call to unsafe function
    |
    = note: consult the function's documentation for information on how to avoid undefined behavior
    = note: for more information, see <https://doc.rust-lang.org/edition-guide/rust-2024/unsafe-op-in-unsafe-fn.html>

warning[E0133]: call to unsafe function `am::df_executor::run_columnar_aggs` is unsafe and requires unsafe block
   --> src/am/df_executor.rs:737:13
    |
737 |       let r = run_columnar_aggs(
    |  _____________^
738 | |         rel,
739 | |         &[AggSpec::CountStar, AggSpec::SumFloat8(num_col.to_string())],
740 | |         &[],
741 | |         &[],
742 | |         false,
743 | |     )?;
    | |_____^ call to unsafe function
    |
    = note: consult the function's documentation for information on how to avoid undefined behavior
note: an unsafe function restricts its caller, but its body is safe by default
   --> src/am/df_executor.rs:736:1
    |
736 | unsafe fn run_columnar_agg(rel: pg_sys::Relation, num_col: &str) -> Result<String, String> {
    | ^^^^^^^^^^^^^^^^^^^^^^^^^^^^^^^^^^^^^^^^^^^^^^^^^^^^^^^^^^^^^^^^^^^^^^^^^^^^^^^^^^^^^^^^^^
    = note: for more information, see <https://doc.rust-lang.org/edition-guide/rust-2024/unsafe-op-in-unsafe-fn.html>

warning[E0133]: call to unsafe function `pgrx::FromDatum::from_datum` is unsafe and requires unsafe block
   --> src/am/df_executor.rs:744:13
    |
744 |     let c = i64::from_datum(r[0].0, r[0].1).unwrap_or(0);
    |             ^^^^^^^^^^^^^^^^^^^^^^^^^^^^^^^ call to unsafe function
    |
    = note: consult the function's documentation for information on how to avoid undefined behavior
    = note: for more information, see <https://doc.rust-lang.org/edition-guide/rust-2024/unsafe-op-in-unsafe-fn.html>

warning[E0133]: call to unsafe function `pgrx::FromDatum::from_datum` is unsafe and requires unsafe block
   --> src/am/df_executor.rs:745:13
    |
745 |     let s = f64::from_datum(r[1].0, r[1].1).unwrap_or(0.0);
    |             ^^^^^^^^^^^^^^^^^^^^^^^^^^^^^^^ call to unsafe function
    |
    = note: consult the function's documentation for information on how to avoid undefined behavior
    = note: for more information, see <https://doc.rust-lang.org/edition-guide/rust-2024/unsafe-op-in-unsafe-fn.html>

warning[E0133]: call to unsafe function `am::page::peek_magic` is unsafe and requires unsafe block
  --> src/am/fold.rs:41:11
   |
41 |     match page::peek_magic(rel) {
   |           ^^^^^^^^^^^^^^^^^^^^^ call to unsafe function
   |
   = note: consult the function's documentation for information on how to avoid undefined behavior
note: an unsafe function restricts its caller, but its body is safe by default
  --> src/am/fold.rs:40:1
   |
40 | pub(crate) unsafe fn cur_gen_start(rel: pg_sys::Relation) -> u32 {
   | ^^^^^^^^^^^^^^^^^^^^^^^^^^^^^^^^^^^^^^^^^^^^^^^^^^^^^^^^^^^^^^^^
   = note: for more information, see <https://doc.rust-lang.org/edition-guide/rust-2024/unsafe-op-in-unsafe-fn.html>

warning[E0133]: call to unsafe function `am::hnsw_page::store::read_meta` is unsafe and requires unsafe block
  --> src/am/fold.rs:43:13
   |
43 |             crate::am::hnsw_page::read_meta(rel).map(|meta| meta.elem_first).unwrap_or(1)
   |             ^^^^^^^^^^^^^^^^^^^^^^^^^^^^^^^^^^^^ call to unsafe function
   |
   = note: consult the function's documentation for information on how to avoid undefined behavior
   = note: for more information, see <https://doc.rust-lang.org/edition-guide/rust-2024/unsafe-op-in-unsafe-fn.html>

warning[E0133]: call to unsafe function `am::page::ivf::ivf_gen_base` is unsafe and requires unsafe block
  --> src/am/fold.rs:45:49
   |
45 |         Ok(m) if m == page::IVF_STRUCT_MAGIC => page::ivf_gen_base(rel).unwrap_or(1),
   |                                                 ^^^^^^^^^^^^^^^^^^^^^^^ call to unsafe function
   |
   = note: consult the function's documentation for information on how to avoid undefined behavior
   = note: for more information, see <https://doc.rust-lang.org/edition-guide/rust-2024/unsafe-op-in-unsafe-fn.html>

warning[E0133]: call to unsafe function `pgrx::pg_sys::RelationGetNumberOfBlocksInFork` is unsafe and requires unsafe block
  --> src/am/fold.rs:57:19
   |
57 |     let nblocks = pg_sys::RelationGetNumberOfBlocksInFork(rel, pg_sys::ForkNumber::MAIN_FORKNUM);
   |                   ^^^^^^^^^^^^^^^^^^^^^^^^^^^^^^^^^^^^^^^^^^^^^^^^^^^^^^^^^^^^^^^^^^^^^^^^^^^^^^ call to unsafe function
   |
   = note: consult the function's documentation for information on how to avoid undefined behavior
note: an unsafe function restricts its caller, but its body is safe by default
  --> src/am/fold.rs:56:1
   |
56 | pub(crate) unsafe fn fold(rel: pg_sys::Relation, meta: &[u8], body: &[Vec<Vec<u8>>], base: u32) {
   | ^^^^^^^^^^^^^^^^^^^^^^^^^^^^^^^^^^^^^^^^^^^^^^^^^^^^^^^^^^^^^^^^^^^^^^^^^^^^^^^^^^^^^^^^^^^^^^^
   = note: for more information, see <https://doc.rust-lang.org/edition-guide/rust-2024/unsafe-op-in-unsafe-fn.html>

warning[E0133]: call to unsafe function `am::page::reinit_page_with_items` is unsafe and requires unsafe block
  --> src/am/fold.rs:62:13
   |
62 |             page::reinit_page_with_items(rel, b, page_items);
   |             ^^^^^^^^^^^^^^^^^^^^^^^^^^^^^^^^^^^^^^^^^^^^^^^^ call to unsafe function
   |
   = note: consult the function's documentation for information on how to avoid undefined behavior
   = note: for more information, see <https://doc.rust-lang.org/edition-guide/rust-2024/unsafe-op-in-unsafe-fn.html>

warning[E0133]: call to unsafe function `am::page::extend_page_with_items` is unsafe and requires unsafe block
  --> src/am/fold.rs:64:13
   |
64 |             page::extend_page_with_items(rel, pg_sys::ForkNumber::MAIN_FORKNUM, page_items);
   |             ^^^^^^^^^^^^^^^^^^^^^^^^^^^^^^^^^^^^^^^^^^^^^^^^^^^^^^^^^^^^^^^^^^^^^^^^^^^^^^^ call to unsafe function
   |
   = note: consult the function's documentation for information on how to avoid undefined behavior
   = note: for more information, see <https://doc.rust-lang.org/edition-guide/rust-2024/unsafe-op-in-unsafe-fn.html>

warning[E0133]: call to unsafe function `pgrx::pg_sys::vacuum_delay_point` is unsafe and requires unsafe block
  --> src/am/fold.rs:74:9
   |
74 |         pg_sys::vacuum_delay_point(false);
   |         ^^^^^^^^^^^^^^^^^^^^^^^^^^^^^^^^^ call to unsafe function
   |
   = note: consult the function's documentation for information on how to avoid undefined behavior
   = note: for more information, see <https://doc.rust-lang.org/edition-guide/rust-2024/unsafe-op-in-unsafe-fn.html>

warning[E0133]: call to unsafe function `am::page::pivot_meta_page` is unsafe and requires unsafe block
  --> src/am/fold.rs:81:5
   |
81 |     page::pivot_meta_page(rel, meta);
   |     ^^^^^^^^^^^^^^^^^^^^^^^^^^^^^^^^ call to unsafe function
   |
   = note: consult the function's documentation for information on how to avoid undefined behavior
   = note: for more information, see <https://doc.rust-lang.org/edition-guide/rust-2024/unsafe-op-in-unsafe-fn.html>

warning[E0133]: call to unsafe function `pgrx::pg_sys::RelationGetNumberOfBlocksInFork` is unsafe and requires unsafe block
  --> src/am/fold.rs:93:9
   |
93 |         pg_sys::RelationGetNumberOfBlocksInFork(rel, pg_sys::ForkNumber::MAIN_FORKNUM);
   |         ^^^^^^^^^^^^^^^^^^^^^^^^^^^^^^^^^^^^^^^^^^^^^^^^^^^^^^^^^^^^^^^^^^^^^^^^^^^^^^ call to unsafe function
   |
   = note: consult the function's documentation for information on how to avoid undefined behavior
   = note: for more information, see <https://doc.rust-lang.org/edition-guide/rust-2024/unsafe-op-in-unsafe-fn.html>

warning[E0133]: call to unsafe function `am::page::reinit_page_with_items` is unsafe and requires unsafe block
  --> src/am/fold.rs:95:9
   |
95 |         page::reinit_page_with_items(rel, b, &[]);
   |         ^^^^^^^^^^^^^^^^^^^^^^^^^^^^^^^^^^^^^^^^^ call to unsafe function
   |
   = note: consult the function's documentation for information on how to avoid undefined behavior
   = note: for more information, see <https://doc.rust-lang.org/edition-guide/rust-2024/unsafe-op-in-unsafe-fn.html>

warning[E0133]: call to unsafe function `am::page::extend_page_with_items` is unsafe and requires unsafe block
  --> src/am/hnsw_page/store.rs:16:5
   |
16 |     page::extend_page_with_items(rel, fork, std::slice::from_ref(&packed.meta)); // block 0 = meta
   |     ^^^^^^^^^^^^^^^^^^^^^^^^^^^^^^^^^^^^^^^^^^^^^^^^^^^^^^^^^^^^^^^^^^^^^^^^^^^ call to unsafe function
   |
   = note: consult the function's documentation for information on how to avoid undefined behavior
note: an unsafe function restricts its caller, but its body is safe by default
  --> src/am/hnsw_page/store.rs:11:1
   |
11 | / pub(crate) unsafe fn write_structured(
12 | |     rel: pg_sys::Relation,
13 | |     fork: pg_sys::ForkNumber::Type,
14 | |     packed: &Packed,
15 | | ) {
   | |_^
   = note: for more information, see <https://doc.rust-lang.org/edition-guide/rust-2024/unsafe-op-in-unsafe-fn.html>

warning[E0133]: call to unsafe function `am::page::extend_page_with_items` is unsafe and requires unsafe block
  --> src/am/hnsw_page/store.rs:18:9
   |
18 |         page::extend_page_with_items(rel, fork, pg);
   |         ^^^^^^^^^^^^^^^^^^^^^^^^^^^^^^^^^^^^^^^^^^^ call to unsafe function
   |
   = note: consult the function's documentation for information on how to avoid undefined behavior
   = note: for more information, see <https://doc.rust-lang.org/edition-guide/rust-2024/unsafe-op-in-unsafe-fn.html>

warning[E0133]: call to unsafe function `am::page::read_page_item_at` is unsafe and requires unsafe block
  --> src/am/hnsw_page/store.rs:28:13
   |
28 |     let b = page::read_page_item_at(rel, 0, 1)?;
   |             ^^^^^^^^^^^^^^^^^^^^^^^^^^^^^^^^^^ call to unsafe function
   |
   = note: consult the function's documentation for information on how to avoid undefined behavior
note: an unsafe function restricts its caller, but its body is safe by default
  --> src/am/hnsw_page/store.rs:27:1
   |
27 | pub(crate) unsafe fn read_meta(rel: pg_sys::Relation) -> Result<HnswMeta, String> {
   | ^^^^^^^^^^^^^^^^^^^^^^^^^^^^^^^^^^^^^^^^^^^^^^^^^^^^^^^^^^^^^^^^^^^^^^^^^^^^^^^^^
   = note: for more information, see <https://doc.rust-lang.org/edition-guide/rust-2024/unsafe-op-in-unsafe-fn.html>

warning[E0133]: call to unsafe function `am::hnsw_page::store::read_codebook_pages` is unsafe and requires unsafe block
  --> src/am/hnsw_page/store.rs:34:28
   |
34 |         meta.aq_codebook = read_codebook_pages(rel, meta.aq_cb_first, meta.aq_cb_npages, d.cb_len)?;
   |                            ^^^^^^^^^^^^^^^^^^^^^^^^^^^^^^^^^^^^^^^^^^^^^^^^^^^^^^^^^^^^^^^^^^^^^^^ call to unsafe function
   |
   = note: consult the function's documentation for information on how to avoid undefined behavior
   = note: for more information, see <https://doc.rust-lang.org/edition-guide/rust-2024/unsafe-op-in-unsafe-fn.html>

warning[E0133]: call to unsafe function `pgrx::pg_sys::RelationGetNumberOfBlocksInFork` is unsafe and requires unsafe block
  --> src/am/hnsw_page/store.rs:53:9
   |
53 |         pg_sys::RelationGetNumberOfBlocksInFork(rel, pg_sys::ForkNumber::MAIN_FORKNUM) as u64;
   |         ^^^^^^^^^^^^^^^^^^^^^^^^^^^^^^^^^^^^^^^^^^^^^^^^^^^^^^^^^^^^^^^^^^^^^^^^^^^^^^ call to unsafe function
   |
   = note: consult the function's documentation for information on how to avoid undefined behavior
note: an unsafe function restricts its caller, but its body is safe by default
  --> src/am/hnsw_page/store.rs:43:1
   |
43 | / pub(crate) unsafe fn read_codebook_pages(
44 | |     rel: pg_sys::Relation,
45 | |     first: u32,
46 | |     npages: u32,
47 | |     cb_len: usize,
48 | | ) -> Result<Vec<u8>, String> {
   | |____________________________^
   = note: for more information, see <https://doc.rust-lang.org/edition-guide/rust-2024/unsafe-op-in-unsafe-fn.html>

warning[E0133]: call to unsafe function `am::page::read_all_page_items` is unsafe and requires unsafe block
  --> src/am/hnsw_page/store.rs:62:21
   |
62 |         for item in page::read_all_page_items(rel, blk)? {
   |                     ^^^^^^^^^^^^^^^^^^^^^^^^^^^^^^^^^^^ call to unsafe function
   |
   = note: consult the function's documentation for information on how to avoid undefined behavior
   = note: for more information, see <https://doc.rust-lang.org/edition-guide/rust-2024/unsafe-op-in-unsafe-fn.html>

warning[E0133]: call to unsafe function `am::page::main_fork_nblocks` is unsafe and requires unsafe block
  --> src/am/hnsw_page/store.rs:85:19
   |
85 |     let nblocks = page::main_fork_nblocks(rel);
   |                   ^^^^^^^^^^^^^^^^^^^^^^^^^^^^ call to unsafe function
   |
   = note: consult the function's documentation for information on how to avoid undefined behavior
note: an unsafe function restricts its caller, but its body is safe by default
  --> src/am/hnsw_page/store.rs:76:1
   |
76 | / pub(crate) unsafe fn enumerate_entries(
77 | |     rel: pg_sys::Relation,
78 | |     meta: &HnswMeta,
79 | | ) -> Result<Vec<(i64, Vec<f32>)>, String> {
   | |_________________________________________^
   = note: for more information, see <https://doc.rust-lang.org/edition-guide/rust-2024/unsafe-op-in-unsafe-fn.html>

warning[E0133]: call to unsafe function `am::page::read_all_page_items` is unsafe and requires unsafe block
  --> src/am/hnsw_page/store.rs:95:21
   |
95 |         for item in page::read_all_page_items(rel, blk)? {
   |                     ^^^^^^^^^^^^^^^^^^^^^^^^^^^^^^^^^^^ call to unsafe function
   |
   = note: consult the function's documentation for information on how to avoid undefined behavior
   = note: for more information, see <https://doc.rust-lang.org/edition-guide/rust-2024/unsafe-op-in-unsafe-fn.html>

warning[E0133]: call to unsafe function `am::page::with_page_item` is unsafe and requires unsafe block
   --> src/am/hnsw_page/store.rs:104:26
    |
104 |                   let vb = page::with_page_item(rel, ev.raw_addr.0, ev.raw_addr.1, nblocks, |b| {
    |  __________________________^
105 | |                     Ok(decode_raw_vec(b)?.to_vec())
106 | |                 })?;
    | |__________________^ call to unsafe function
    |
    = note: consult the function's documentation for information on how to avoid undefined behavior
    = note: for more information, see <https://doc.rust-lang.org/edition-guide/rust-2024/unsafe-op-in-unsafe-fn.html>

warning[E0133]: call to unsafe function `am::page::modify_items_under_wal` is unsafe and requires unsafe block
   --> src/am/hnsw_page/store.rs:139:18
    |
139 |           total += page::modify_items_under_wal(rel, blk, |item| {
    |  __________________^
140 | |             if item.len() < ELEM_HEADER || item[E_TAG] != ELEM_TAG || item[E_DELETED] != 0 {
141 | |                 return false; // not an element tuple, or already a tombstone
...   |
144 | |             if is_dead(tid) { mark_tombstone_in_place(item) } else { false }
145 | |         });
    | |__________^ call to unsafe function
    |
    = note: consult the function's documentation for information on how to avoid undefined behavior
note: an unsafe function restricts its caller, but its body is safe by default
   --> src/am/hnsw_page/store.rs:132:1
    |
132 | / pub(crate) unsafe fn tombstone_sweep(
133 | |     rel: pg_sys::Relation,
134 | |     meta: &HnswMeta,
135 | |     is_dead: &mut impl FnMut(i64) -> bool,
136 | | ) -> u32 {
    | |________^
    = note: for more information, see <https://doc.rust-lang.org/edition-guide/rust-2024/unsafe-op-in-unsafe-fn.html>

warning[E0133]: call to unsafe function `am::page::read_all_page_items` is unsafe and requires unsafe block
   --> src/am/hnsw_page/store.rs:154:21
    |
154 |         for item in page::read_all_page_items(rel, blk).unwrap_or_default() {
    |                     ^^^^^^^^^^^^^^^^^^^^^^^^^^^^^^^^^^^ call to unsafe function
    |
    = note: consult the function's documentation for information on how to avoid undefined behavior
note: an unsafe function restricts its caller, but its body is safe by default
   --> src/am/hnsw_page/store.rs:151:1
    |
151 | pub(crate) unsafe fn count_tombstones(rel: pg_sys::Relation, meta: &HnswMeta) -> u32 {
    | ^^^^^^^^^^^^^^^^^^^^^^^^^^^^^^^^^^^^^^^^^^^^^^^^^^^^^^^^^^^^^^^^^^^^^^^^^^^^^^^^^^^^
    = note: for more information, see <https://doc.rust-lang.org/edition-guide/rust-2024/unsafe-op-in-unsafe-fn.html>

warning[E0133]: call to unsafe function `am::page::read_all_page_items` is unsafe and requires unsafe block
   --> src/am/hnsw_page/store.rs:172:21
    |
172 |         for item in page::read_all_page_items(rel, blk).unwrap_or_default() {
    |                     ^^^^^^^^^^^^^^^^^^^^^^^^^^^^^^^^^^^ call to unsafe function
    |
    = note: consult the function's documentation for information on how to avoid undefined behavior
note: an unsafe function restricts its caller, but its body is safe by default
   --> src/am/hnsw_page/store.rs:169:1
    |
169 | pub(crate) unsafe fn count_churned(rel: pg_sys::Relation, meta: &HnswMeta) -> u32 {
    | ^^^^^^^^^^^^^^^^^^^^^^^^^^^^^^^^^^^^^^^^^^^^^^^^^^^^^^^^^^^^^^^^^^^^^^^^^^^^^^^^^
    = note: for more information, see <https://doc.rust-lang.org/edition-guide/rust-2024/unsafe-op-in-unsafe-fn.html>

warning[E0133]: call to unsafe function `am::page::read_all_page_items_with_off` is unsafe and requires unsafe block
   --> src/am/hnsw_page/store.rs:192:27
    |
192 |         let items = match page::read_all_page_items_with_off(rel, blk) {
    |                           ^^^^^^^^^^^^^^^^^^^^^^^^^^^^^^^^^^^^^^^^^^^^ call to unsafe function
    |
    = note: consult the function's documentation for information on how to avoid undefined behavior
note: an unsafe function restricts its caller, but its body is safe by default
   --> src/am/hnsw_page/store.rs:186:1
    |
186 | / pub(crate) unsafe fn find_reusable_slot(
187 | |     rel: pg_sys::Relation,
188 | |     meta: &HnswMeta,
189 | |     need_level: usize,
190 | | ) -> Option<Addr> {
    | |_________________^
    = note: for more information, see <https://doc.rust-lang.org/edition-guide/rust-2024/unsafe-op-in-unsafe-fn.html>

warning[E0133]: call to unsafe function `am::page::modify_item_at` is unsafe and requires unsafe block
   --> src/am/hnsw_page/store.rs:228:5
    |
228 | /     page::modify_item_at(rel, blk, off, |item| {
...   |
246 | |         true
247 | |     })
    | |______^ call to unsafe function
    |
    = note: consult the function's documentation for information on how to avoid undefined behavior
note: an unsafe function restricts its caller, but its body is safe by default
   --> src/am/hnsw_page/store.rs:221:1
    |
221 | / pub(crate) unsafe fn write_reused_element(
222 | |     rel: pg_sys::Relation,
223 | |     elem_addr: Addr,
224 | |     tid: i64,
225 | |     vec: &[f32],
226 | | ) -> bool {
    | |_________^
    = note: for more information, see <https://doc.rust-lang.org/edition-guide/rust-2024/unsafe-op-in-unsafe-fn.html>

warning[E0133]: call to unsafe function `am::page::modify_item_at` is unsafe and requires unsafe block
   --> src/am/hnsw_page/store.rs:264:5
    |
264 | /     page::modify_item_at(rel, blk, off, |b| {
265 | |         if b.len() < NBR_HEADER || b[N_TAG] != NBR_TAG {
266 | |             return false;
...   |
278 | |         true
279 | |     })
    | |______^ call to unsafe function
    |
    = note: consult the function's documentation for information on how to avoid undefined behavior
note: an unsafe function restricts its caller, but its body is safe by default
   --> src/am/hnsw_page/store.rs:255:1
    |
255 | / pub(crate) unsafe fn set_ground_neighbors_inplace(
256 | |     rel: pg_sys::Relation,
257 | |     nbr_addr: Addr,
258 | |     level: usize,
...   |
261 | |     neighbors: &[Addr],
262 | | ) -> bool {
    | |_________^
    = note: for more information, see <https://doc.rust-lang.org/edition-guide/rust-2024/unsafe-op-in-unsafe-fn.html>

warning[E0133]: call to unsafe function `am::page::main_fork_nblocks` is unsafe and requires unsafe block
   --> src/am/hnsw_page/store.rs:300:19
    |
300 |     let nblocks = page::main_fork_nblocks(rel);
    |                   ^^^^^^^^^^^^^^^^^^^^^^^^^^^^ call to unsafe function
    |
    = note: consult the function's documentation for information on how to avoid undefined behavior
note: an unsafe function restricts its caller, but its body is safe by default
   --> src/am/hnsw_page/store.rs:286:1
    |
286 | / pub(crate) unsafe fn insert_search_ground(
287 | |     rel: pg_sys::Relation,
288 | |     meta: &HnswMeta,
289 | |     q: &[f32],
290 | |     ef_construction: usize,
291 | | ) -> Result<Vec<Addr>, String> {
    | |______________________________^
    = note: for more information, see <https://doc.rust-lang.org/edition-guide/rust-2024/unsafe-op-in-unsafe-fn.html>

warning[E0133]: call to unsafe function `am::hnsw_page::search::load` is unsafe and requires unsafe block
   --> src/am/hnsw_page/store.rs:304:18
    |
304 |       let mut ep = load(
    |  __________________^
305 | |         rel,
306 | |         meta.entry_blkno,
307 | |         meta.entry_offno,
...   |
314 | |         &mut reads,
315 | |     )?;
    | |_____^ call to unsafe function
    |
    = note: consult the function's documentation for information on how to avoid undefined behavior
    = note: for more information, see <https://doc.rust-lang.org/edition-guide/rust-2024/unsafe-op-in-unsafe-fn.html>

warning[E0133]: call to unsafe function `am::hnsw_page::search::neighbors_of` is unsafe and requires unsafe block
   --> src/am/hnsw_page/store.rs:319:24
    |
319 |             let nbrs = neighbors_of(rel, &ep, lc, m, m0, nblocks, &mut reads)?;
    |                        ^^^^^^^^^^^^^^^^^^^^^^^^^^^^^^^^^^^^^^^^^^^^^^^^^^^^^^ call to unsafe function
    |
    = note: consult the function's documentation for information on how to avoid undefined behavior
    = note: for more information, see <https://doc.rust-lang.org/edition-guide/rust-2024/unsafe-op-in-unsafe-fn.html>

warning[E0133]: call to unsafe function `am::hnsw_page::search::load` is unsafe and requires unsafe block
   --> src/am/hnsw_page/store.rs:322:28
    |
322 |                 let cand = load(rel, nb, no, q, metric, is_l2, qcode, lut, nblocks, &mut reads)?;
    |                            ^^^^^^^^^^^^^^^^^^^^^^^^^^^^^^^^^^^^^^^^^^^^^^^^^^^^^^^^^^^^^^^^^^^^ call to unsafe function
    |
    = note: consult the function's documentation for information on how to avoid undefined behavior
    = note: for more information, see <https://doc.rust-lang.org/edition-guide/rust-2024/unsafe-op-in-unsafe-fn.html>

warning[E0133]: call to unsafe function `am::hnsw_page::store::find_reusable_slot` is unsafe and requires unsafe block
   --> src/am/hnsw_page/store.rs:378:22
    |
378 |     let slot = match find_reusable_slot(rel, meta, 0) {
    |                      ^^^^^^^^^^^^^^^^^^^^^^^^^^^^^^^^ call to unsafe function
    |
    = note: consult the function's documentation for information on how to avoid undefined behavior
note: an unsafe function restricts its caller, but its body is safe by default
   --> src/am/hnsw_page/store.rs:365:1
    |
365 | / pub(crate) unsafe fn insert_inplace(
366 | |     rel: pg_sys::Relation,
367 | |     meta: &HnswMeta,
368 | |     tid: i64,
369 | |     vec: &[f32],
370 | | ) -> Result<bool, String> {
    | |_________________________^
    = note: for more information, see <https://doc.rust-lang.org/edition-guide/rust-2024/unsafe-op-in-unsafe-fn.html>

warning[E0133]: call to unsafe function `am::hnsw_page::store::insert_search_ground` is unsafe and requires unsafe block
   --> src/am/hnsw_page/store.rs:383:21
    |
383 |     let neighbors = insert_search_ground(rel, meta, vec, crate::am::build::HNSW_EF_CONSTRUCTION)?;
    |                     ^^^^^^^^^^^^^^^^^^^^^^^^^^^^^^^^^^^^^^^^^^^^^^^^^^^^^^^^^^^^^^^^^^^^^^^^^^^^ call to unsafe function
    |
    = note: consult the function's documentation for information on how to avoid undefined behavior
    = note: for more information, see <https://doc.rust-lang.org/edition-guide/rust-2024/unsafe-op-in-unsafe-fn.html>

warning[E0133]: call to unsafe function `am::hnsw_page::store::write_reused_element` is unsafe and requires unsafe block
   --> src/am/hnsw_page/store.rs:385:9
    |
385 |     if !write_reused_element(rel, slot, tid, vec) {
    |         ^^^^^^^^^^^^^^^^^^^^^^^^^^^^^^^^^^^^^^^^^ call to unsafe function
    |
    = note: consult the function's documentation for information on how to avoid undefined behavior
    = note: for more information, see <https://doc.rust-lang.org/edition-guide/rust-2024/unsafe-op-in-unsafe-fn.html>

warning[E0133]: call to unsafe function `am::page::read_page_item_at` is unsafe and requires unsafe block
   --> src/am/hnsw_page/store.rs:390:18
    |
390 |         let zb = page::read_page_item_at(rel, slot.0, slot.1)?;
    |                  ^^^^^^^^^^^^^^^^^^^^^^^^^^^^^^^^^^^^^^^^^^^^ call to unsafe function
    |
    = note: consult the function's documentation for information on how to avoid undefined behavior
    = note: for more information, see <https://doc.rust-lang.org/edition-guide/rust-2024/unsafe-op-in-unsafe-fn.html>

warning[E0133]: call to unsafe function `am::hnsw_page::store::set_ground_neighbors_inplace` is unsafe and requires unsafe block
   --> src/am/hnsw_page/store.rs:394:5
    |
394 |     set_ground_neighbors_inplace(rel, znbr, zlvl, m, m0, &neighbors);
    |     ^^^^^^^^^^^^^^^^^^^^^^^^^^^^^^^^^^^^^^^^^^^^^^^^^^^^^^^^^^^^^^^^ call to unsafe function
    |
    = note: consult the function's documentation for information on how to avoid undefined behavior
    = note: for more information, see <https://doc.rust-lang.org/edition-guide/rust-2024/unsafe-op-in-unsafe-fn.html>

warning[E0133]: call to unsafe function `am::page::read_page_item_at` is unsafe and requires unsafe block
   --> src/am/hnsw_page/store.rs:401:22
    |
401 |             let nb = page::read_page_item_at(rel, n.0, n.1)?;
    |                      ^^^^^^^^^^^^^^^^^^^^^^^^^^^^^^^^^^^^^^ call to unsafe function
    |
    = note: consult the function's documentation for information on how to avoid undefined behavior
    = note: for more information, see <https://doc.rust-lang.org/edition-guide/rust-2024/unsafe-op-in-unsafe-fn.html>

warning[E0133]: call to unsafe function `am::page::read_page_item_at` is unsafe and requires unsafe block
   --> src/am/hnsw_page/store.rs:406:23
    |
406 |             let nnb = page::read_page_item_at(rel, nnbr.0, nnbr.1)?;
    |                       ^^^^^^^^^^^^^^^^^^^^^^^^^^^^^^^^^^^^^^^^^^^^ call to unsafe function
    |
    = note: consult the function's documentation for information on how to avoid undefined behavior
    = note: for more information, see <https://doc.rust-lang.org/edition-guide/rust-2024/unsafe-op-in-unsafe-fn.html>

warning[E0133]: call to unsafe function `am::hnsw_page::store::set_ground_neighbors_inplace` is unsafe and requires unsafe block
   --> src/am/hnsw_page/store.rs:411:13
    |
411 |             set_ground_neighbors_inplace(rel, nnbr, nlvl, m, m0, &ground);
    |             ^^^^^^^^^^^^^^^^^^^^^^^^^^^^^^^^^^^^^^^^^^^^^^^^^^^^^^^^^^^^^ call to unsafe function
    |
    = note: consult the function's documentation for information on how to avoid undefined behavior
    = note: for more information, see <https://doc.rust-lang.org/edition-guide/rust-2024/unsafe-op-in-unsafe-fn.html>

warning[E0133]: call to unsafe function `am::page::with_page_item` is unsafe and requires unsafe block
   --> src/am/hnsw_page/search.rs:75:5
    |
 75 | /     page::with_page_item(rel, blk, off, nblocks, |b| {
...   |
132 | |         })
133 | |     })
    | |______^ call to unsafe function
    |
    = note: consult the function's documentation for information on how to avoid undefined behavior
note: an unsafe function restricts its caller, but its body is safe by default
   --> src/am/hnsw_page/search.rs:62:1
    |
 62 | / pub(crate) unsafe fn load(
 63 | |     rel: pg_sys::Relation,
 64 | |     blk: u32,
 65 | |     off: u16,
...   |
 72 | |     reads: &mut usize,
 73 | | ) -> Result<Cand, String> {
    | |_________________________^
    = note: for more information, see <https://doc.rust-lang.org/edition-guide/rust-2024/unsafe-op-in-unsafe-fn.html>

warning[E0133]: call to unsafe function `am::page::with_page_item` is unsafe and requires unsafe block
   --> src/am/hnsw_page/search.rs:148:5
    |
148 | /     page::with_page_item(rel, c.nbr_blk, c.nbr_off, nblocks, |b| {
149 | |         decode_neighbors(b, c.level as usize, layer, m, m0)
150 | |     })
    | |______^ call to unsafe function
    |
    = note: consult the function's documentation for information on how to avoid undefined behavior
note: an unsafe function restricts its caller, but its body is safe by default
   --> src/am/hnsw_page/search.rs:138:1
    |
138 | / pub(crate) unsafe fn neighbors_of(
139 | |     rel: pg_sys::Relation,
140 | |     c: &Cand,
141 | |     layer: usize,
...   |
145 | |     reads: &mut usize,
146 | | ) -> Result<Vec<Addr>, String> {
    | |______________________________^
    = note: for more information, see <https://doc.rust-lang.org/edition-guide/rust-2024/unsafe-op-in-unsafe-fn.html>

warning[E0133]: call to unsafe function `am::page::with_page_item` is unsafe and requires unsafe block
   --> src/am/hnsw_page/search.rs:167:5
    |
167 | /     page::with_page_item(rel, c.nbr_blk, c.nbr_off, nblocks, |b| {
168 | |         decode_neighbors_into(b, c.level as usize, layer, m, m0, out)
169 | |     })
    | |______^ call to unsafe function
    |
    = note: consult the function's documentation for information on how to avoid undefined behavior
note: an unsafe function restricts its caller, but its body is safe by default
   --> src/am/hnsw_page/search.rs:156:1
    |
156 | / pub(crate) unsafe fn neighbors_into(
157 | |     rel: pg_sys::Relation,
158 | |     c: &Cand,
159 | |     layer: usize,
...   |
164 | |     out: &mut Vec<Addr>,
165 | | ) -> Result<(), String> {
    | |_______________________^
    = note: for more information, see <https://doc.rust-lang.org/edition-guide/rust-2024/unsafe-op-in-unsafe-fn.html>

warning[E0133]: call to unsafe function `am::page::main_fork_nblocks` is unsafe and requires unsafe block
   --> src/am/hnsw_page/search.rs:190:19
    |
190 |     let nblocks = page::main_fork_nblocks(rel);
    |                   ^^^^^^^^^^^^^^^^^^^^^^^^^^^^ call to unsafe function
    |
    = note: consult the function's documentation for information on how to avoid undefined behavior
note: an unsafe function restricts its caller, but its body is safe by default
   --> src/am/hnsw_page/search.rs:175:1
    |
175 | / pub(crate) unsafe fn traverse(
176 | |     rel: pg_sys::Relation,
177 | |     meta: &HnswMeta,
178 | |     q: &[f32],
179 | |     ef_search: usize,
180 | | ) -> Result<Vec<(i64, f64)>, String> {
    | |____________________________________^
    = note: for more information, see <https://doc.rust-lang.org/edition-guide/rust-2024/unsafe-op-in-unsafe-fn.html>

warning[E0133]: call to unsafe function `am::hnsw_page::search::load` is unsafe and requires unsafe block
   --> src/am/hnsw_page/search.rs:236:18
    |
236 |       let mut ep = load(
    |  __________________^
237 | |         rel,
238 | |         meta.entry_blkno,
239 | |         meta.entry_offno,
...   |
246 | |         &mut reads,
247 | |     )?;
    | |_____^ call to unsafe function
    |
    = note: consult the function's documentation for information on how to avoid undefined behavior
    = note: for more information, see <https://doc.rust-lang.org/edition-guide/rust-2024/unsafe-op-in-unsafe-fn.html>

warning[E0133]: call to unsafe function `am::hnsw_page::search::neighbors_of` is unsafe and requires unsafe block
   --> src/am/hnsw_page/search.rs:251:24
    |
251 |             let nbrs = neighbors_of(rel, &ep, lc, m, m0, nblocks, &mut reads)?;
    |                        ^^^^^^^^^^^^^^^^^^^^^^^^^^^^^^^^^^^^^^^^^^^^^^^^^^^^^^ call to unsafe function
    |
    = note: consult the function's documentation for information on how to avoid undefined behavior
    = note: for more information, see <https://doc.rust-lang.org/edition-guide/rust-2024/unsafe-op-in-unsafe-fn.html>

warning[E0133]: call to unsafe function `am::hnsw_page::search::load` is unsafe and requires unsafe block
   --> src/am/hnsw_page/search.rs:254:28
    |
254 |                 let cand = load(rel, nb, no, q, metric, is_l2, qcode, lut, nblocks, &mut reads)?;
    |                            ^^^^^^^^^^^^^^^^^^^^^^^^^^^^^^^^^^^^^^^^^^^^^^^^^^^^^^^^^^^^^^^^^^^^ call to unsafe function
    |
    = note: consult the function's documentation for information on how to avoid undefined behavior
    = note: for more information, see <https://doc.rust-lang.org/edition-guide/rust-2024/unsafe-op-in-unsafe-fn.html>

warning[E0133]: call to unsafe function `am::page::with_page_item` is unsafe and requires unsafe block
   --> src/am/hnsw_page/search.rs:308:17
    |
308 | /                 page::with_page_item(rel, cand.raw_blk, cand.raw_off, nblocks, |b| {
309 | |                     Ok(score(metric, q, decode_raw_vec(b)?, is_l2))
310 | |                 })?
    | |__________________^ call to unsafe function
    |
    = note: consult the function's documentation for information on how to avoid undefined behavior
    = note: for more information, see <https://doc.rust-lang.org/edition-guide/rust-2024/unsafe-op-in-unsafe-fn.html>

warning[E0133]: call to unsafe function `am::page::with_page_item` is unsafe and requires unsafe block
   --> src/am/hnsw_page/search.rs:312:17
    |
312 | /                 page::with_page_item(rel, cand.blk, cand.off, nblocks, |b| {
313 | |                     Ok(score(metric, q, decode_element(b)?.vec_bytes, is_l2))
314 | |                 })?
    | |__________________^ call to unsafe function
    |
    = note: consult the function's documentation for information on how to avoid undefined behavior
    = note: for more information, see <https://doc.rust-lang.org/edition-guide/rust-2024/unsafe-op-in-unsafe-fn.html>

warning[E0133]: use of mutable static is unsafe and requires unsafe block
   --> src/am/options.rs:111:5
    |
111 |     RELOPT_KIND = pg_sys::add_reloption_kind();
    |     ^^^^^^^^^^^ use of mutable static
    |
    = note: mutable statics can be mutated by multiple threads: aliasing violations or data races will cause undefined behavior
note: an unsafe function restricts its caller, but its body is safe by default
   --> src/am/options.rs:110:1
    |
110 | pub(crate) unsafe fn init() {
    | ^^^^^^^^^^^^^^^^^^^^^^^^^^^
    = note: for more information, see <https://doc.rust-lang.org/edition-guide/rust-2024/unsafe-op-in-unsafe-fn.html>

warning[E0133]: call to unsafe function `pgrx::pg_sys::add_reloption_kind` is unsafe and requires unsafe block
   --> src/am/options.rs:111:19
    |
111 |     RELOPT_KIND = pg_sys::add_reloption_kind();
    |                   ^^^^^^^^^^^^^^^^^^^^^^^^^^^^ call to unsafe function
    |
    = note: consult the function's documentation for information on how to avoid undefined behavior
    = note: for more information, see <https://doc.rust-lang.org/edition-guide/rust-2024/unsafe-op-in-unsafe-fn.html>

warning[E0133]: call to unsafe function `pgrx::pg_sys::add_int_reloption` is unsafe and requires unsafe block
   --> src/am/options.rs:112:5
    |
112 | /     pg_sys::add_int_reloption(
113 | |         RELOPT_KIND,
114 | |         "lists".as_pg_cstr(),
115 | |         "Number of inverted lists (k-means cells) for the theodb_ivfflat build".as_pg_cstr(),
...   |
119 | |         pg_sys::AccessExclusiveLock as pg_sys::LOCKMODE,
120 | |     );
    | |_____^ call to unsafe function
    |
    = note: consult the function's documentation for information on how to avoid undefined behavior
    = note: for more information, see <https://doc.rust-lang.org/edition-guide/rust-2024/unsafe-op-in-unsafe-fn.html>

warning[E0133]: use of mutable static is unsafe and requires unsafe block
   --> src/am/options.rs:113:9
    |
113 |         RELOPT_KIND,
    |         ^^^^^^^^^^^ use of mutable static
    |
    = note: mutable statics can be mutated by multiple threads: aliasing violations or data races will cause undefined behavior
    = note: for more information, see <https://doc.rust-lang.org/edition-guide/rust-2024/unsafe-op-in-unsafe-fn.html>

warning[E0133]: call to unsafe function `pgrx::pg_sys::add_int_reloption` is unsafe and requires unsafe block
   --> src/am/options.rs:121:5
    |
121 | /     pg_sys::add_int_reloption(
122 | |         RELOPT_KIND,
123 | |         "sbq_bits".as_pg_cstr(),
124 | |         "Bits-per-dim for the theodb_hnsw inline SBQ codes (0 = f32-only, M51)".as_pg_cstr(),
...   |
128 | |         pg_sys::AccessExclusiveLock as pg_sys::LOCKMODE,
129 | |     );
    | |_____^ call to unsafe function
    |
    = note: consult the function's documentation for information on how to avoid undefined behavior
    = note: for more information, see <https://doc.rust-lang.org/edition-guide/rust-2024/unsafe-op-in-unsafe-fn.html>

warning[E0133]: use of mutable static is unsafe and requires unsafe block
   --> src/am/options.rs:122:9
    |
122 |         RELOPT_KIND,
    |         ^^^^^^^^^^^ use of mutable static
    |
    = note: mutable statics can be mutated by multiple threads: aliasing violations or data races will cause undefined behavior
    = note: for more information, see <https://doc.rust-lang.org/edition-guide/rust-2024/unsafe-op-in-unsafe-fn.html>

warning[E0133]: call to unsafe function `pgrx::pg_sys::add_int_reloption` is unsafe and requires unsafe block
   --> src/am/options.rs:130:5
    |
130 | /     pg_sys::add_int_reloption(
131 | |         RELOPT_KIND,
132 | |         "pq_subspaces".as_pg_cstr(),
133 | |         "Number of anisotropic-PQ subspaces for the theodb_hnsw AQ codes (0 = AQ off, M59)"
...   |
138 | |         pg_sys::AccessExclusiveLock as pg_sys::LOCKMODE,
139 | |     );
    | |_____^ call to unsafe function
    |
    = note: consult the function's documentation for information on how to avoid undefined behavior
    = note: for more information, see <https://doc.rust-lang.org/edition-guide/rust-2024/unsafe-op-in-unsafe-fn.html>

warning[E0133]: use of mutable static is unsafe and requires unsafe block
   --> src/am/options.rs:131:9
    |
131 |         RELOPT_KIND,
    |         ^^^^^^^^^^^ use of mutable static
    |
    = note: mutable statics can be mutated by multiple threads: aliasing violations or data races will cause undefined behavior
    = note: for more information, see <https://doc.rust-lang.org/edition-guide/rust-2024/unsafe-op-in-unsafe-fn.html>

warning[E0133]: call to unsafe function `pgrx::pg_sys::add_int_reloption` is unsafe and requires unsafe block
   --> src/am/options.rs:140:5
    |
140 | /     pg_sys::add_int_reloption(
141 | |         RELOPT_KIND,
142 | |         "pq_bits".as_pg_cstr(),
143 | |         "Bits per subquantizer for the theodb_hnsw AQ codes (only 4 is supported, M59)"
...   |
148 | |         pg_sys::AccessExclusiveLock as pg_sys::LOCKMODE,
149 | |     );
    | |_____^ call to unsafe function
    |
    = note: consult the function's documentation for information on how to avoid undefined behavior
    = note: for more information, see <https://doc.rust-lang.org/edition-guide/rust-2024/unsafe-op-in-unsafe-fn.html>

warning[E0133]: use of mutable static is unsafe and requires unsafe block
   --> src/am/options.rs:141:9
    |
141 |         RELOPT_KIND,
    |         ^^^^^^^^^^^ use of mutable static
    |
    = note: mutable statics can be mutated by multiple threads: aliasing violations or data races will cause undefined behavior
    = note: for more information, see <https://doc.rust-lang.org/edition-guide/rust-2024/unsafe-op-in-unsafe-fn.html>

warning[E0133]: call to unsafe function `pgrx::pg_sys::add_int_reloption` is unsafe and requires unsafe block
   --> src/am/options.rs:150:5
    |
150 | /     pg_sys::add_int_reloption(
151 | |         RELOPT_KIND,
152 | |         "aq_threshold".as_pg_cstr(),
153 | |         "Anisotropic parallel/orthogonal weight ratio η × 1000 for the theodb_hnsw AQ codes (1000 = isotropic, M59)".as_pg_cstr(),
...   |
157 | |         pg_sys::AccessExclusiveLock as pg_sys::LOCKMODE,
158 | |     );
    | |_____^ call to unsafe function
    |
    = note: consult the function's documentation for information on how to avoid undefined behavior
    = note: for more information, see <https://doc.rust-lang.org/edition-guide/rust-2024/unsafe-op-in-unsafe-fn.html>

warning[E0133]: use of mutable static is unsafe and requires unsafe block
   --> src/am/options.rs:151:9
    |
151 |         RELOPT_KIND,
    |         ^^^^^^^^^^^ use of mutable static
    |
    = note: mutable statics can be mutated by multiple threads: aliasing violations or data races will cause undefined behavior
    = note: for more information, see <https://doc.rust-lang.org/edition-guide/rust-2024/unsafe-op-in-unsafe-fn.html>

warning[E0133]: call to unsafe function `pgrx::pg_sys::add_int_reloption` is unsafe and requires unsafe block
   --> src/am/options.rs:159:5
    |
159 | /     pg_sys::add_int_reloption(
160 | |         RELOPT_KIND,
161 | |         "separate_storage".as_pg_cstr(),
162 | |         "Persist the v5 storage-separated IVF-AQ layout (codes/f32 on distinct pages) when 1 (M83)"
...   |
167 | |         pg_sys::AccessExclusiveLock as pg_sys::LOCKMODE,
168 | |     );
    | |_____^ call to unsafe function
    |
    = note: consult the function's documentation for information on how to avoid undefined behavior
    = note: for more information, see <https://doc.rust-lang.org/edition-guide/rust-2024/unsafe-op-in-unsafe-fn.html>

warning[E0133]: use of mutable static is unsafe and requires unsafe block
   --> src/am/options.rs:160:9
    |
160 |         RELOPT_KIND,
    |         ^^^^^^^^^^^ use of mutable static
    |
    = note: mutable statics can be mutated by multiple threads: aliasing violations or data races will cause undefined behavior
    = note: for more information, see <https://doc.rust-lang.org/edition-guide/rust-2024/unsafe-op-in-unsafe-fn.html>

warning[E0133]: call to unsafe function `pgrx::pg_sys::add_int_reloption` is unsafe and requires unsafe block
   --> src/am/options.rs:169:5
    |
169 | /     pg_sys::add_int_reloption(
170 | |         RELOPT_KIND,
171 | |         "refine".as_pg_cstr(),
172 | |         "Rerank the storage-separated IVF-AQ scan on SQ8 codes (v6) when 1, raw f32 (v5) when 0 (M85)".as_pg_cstr(),
...   |
176 | |         pg_sys::AccessExclusiveLock as pg_sys::LOCKMODE,
177 | |     );
    | |_____^ call to unsafe function
    |
    = note: consult the function's documentation for information on how to avoid undefined behavior
    = note: for more information, see <https://doc.rust-lang.org/edition-guide/rust-2024/unsafe-op-in-unsafe-fn.html>

warning[E0133]: use of mutable static is unsafe and requires unsafe block
   --> src/am/options.rs:170:9
    |
170 |         RELOPT_KIND,
    |         ^^^^^^^^^^^ use of mutable static
    |
    = note: mutable statics can be mutated by multiple threads: aliasing violations or data races will cause undefined behavior
    = note: for more information, see <https://doc.rust-lang.org/edition-guide/rust-2024/unsafe-op-in-unsafe-fn.html>

warning[E0133]: call to unsafe function `pgrx::pg_sys::add_int_reloption` is unsafe and requires unsafe block
   --> src/am/options.rs:178:5
    |
178 | /     pg_sys::add_int_reloption(
179 | |         RELOPT_KIND,
180 | |         "soar_lambda".as_pg_cstr(),
181 | |         "SOAR spill orthogonality-penalty λ × 1000 for the IVF-AQ build (0 = off, M86)"
...   |
186 | |         pg_sys::AccessExclusiveLock as pg_sys::LOCKMODE,
187 | |     );
    | |_____^ call to unsafe function
    |
    = note: consult the function's documentation for information on how to avoid undefined behavior
    = note: for more information, see <https://doc.rust-lang.org/edition-guide/rust-2024/unsafe-op-in-unsafe-fn.html>

warning[E0133]: use of mutable static is unsafe and requires unsafe block
   --> src/am/options.rs:179:9
    |
179 |         RELOPT_KIND,
    |         ^^^^^^^^^^^ use of mutable static
    |
    = note: mutable statics can be mutated by multiple threads: aliasing violations or data races will cause undefined behavior
    = note: for more information, see <https://doc.rust-lang.org/edition-guide/rust-2024/unsafe-op-in-unsafe-fn.html>

warning[E0133]: call to unsafe function `pgrx::pg_sys::add_int_reloption` is unsafe and requires unsafe block
   --> src/am/options.rs:188:5
    |
188 | /     pg_sys::add_int_reloption(
189 | |         RELOPT_KIND,
190 | |         "rabitq_bits".as_pg_cstr(),
191 | |         "Bits-per-dim for the v8 (refine=2) f32-free RaBitQ residual rerank codes (7 = f32-free 0.99 recall, E1)".as_pg_cstr(),
...   |
195 | |         pg_sys::AccessExclusiveLock as pg_sys::LOCKMODE,
196 | |     );
    | |_____^ call to unsafe function
    |
    = note: consult the function's documentation for information on how to avoid undefined behavior
    = note: for more information, see <https://doc.rust-lang.org/edition-guide/rust-2024/unsafe-op-in-unsafe-fn.html>

warning[E0133]: use of mutable static is unsafe and requires unsafe block
   --> src/am/options.rs:189:9
    |
189 |         RELOPT_KIND,
    |         ^^^^^^^^^^^ use of mutable static
    |
    = note: mutable statics can be mutated by multiple threads: aliasing violations or data races will cause undefined behavior
    = note: for more information, see <https://doc.rust-lang.org/edition-guide/rust-2024/unsafe-op-in-unsafe-fn.html>

warning[E0133]: call to unsafe function `pgrx::pg_sys::add_int_reloption` is unsafe and requires unsafe block
   --> src/am/options.rs:197:5
    |
197 | /     pg_sys::add_int_reloption(
198 | |         RELOPT_KIND,
199 | |         "degree_bound".as_pg_cstr(),
200 | |         "Per-vertex out-degree for the theodb_symqg co-located graph (multiple of 32; 32 = HNSW m0, E2)".as_pg_cstr(),
...   |
204 | |         pg_sys::AccessExclusiveLock as pg_sys::LOCKMODE,
205 | |     );
    | |_____^ call to unsafe function
    |
    = note: consult the function's documentation for information on how to avoid undefined behavior
    = note: for more information, see <https://doc.rust-lang.org/edition-guide/rust-2024/unsafe-op-in-unsafe-fn.html>

warning[E0133]: use of mutable static is unsafe and requires unsafe block
   --> src/am/options.rs:198:9
    |
198 |         RELOPT_KIND,
    |         ^^^^^^^^^^^ use of mutable static
    |
    = note: mutable statics can be mutated by multiple threads: aliasing violations or data races will cause undefined behavior
    = note: for more information, see <https://doc.rust-lang.org/edition-guide/rust-2024/unsafe-op-in-unsafe-fn.html>

warning[E0133]: call to unsafe function `pgrx::pg_sys::build_reloptions` is unsafe and requires unsafe block
   --> src/am/options.rs:308:5
    |
308 | /     pg_sys::build_reloptions(
309 | |         reloptions,
310 | |         validate,
311 | |         RELOPT_KIND,
...   |
314 | |         tab.len() as i32,
315 | |     ) as *mut pg_sys::bytea
    | |_____^ call to unsafe function
    |
    = note: consult the function's documentation for information on how to avoid undefined behavior
note: an unsafe function restricts its caller, but its body is safe by default
   --> src/am/options.rs:212:12
    |
212 |   pub(crate) unsafe extern "C-unwind" fn amoptions(
    |  ____________^
213 | |     reloptions: pg_sys::Datum,
214 | |     validate: bool,
215 | | ) -> *mut pg_sys::bytea {
    | |_______________________^
    = note: for more information, see <https://doc.rust-lang.org/edition-guide/rust-2024/unsafe-op-in-unsafe-fn.html>

warning[E0133]: use of mutable static is unsafe and requires unsafe block
   --> src/am/options.rs:311:9
    |
311 |         RELOPT_KIND,
    |         ^^^^^^^^^^^ use of mutable static
    |
    = note: mutable statics can be mutated by multiple threads: aliasing violations or data races will cause undefined behavior
    = note: for more information, see <https://doc.rust-lang.org/edition-guide/rust-2024/unsafe-op-in-unsafe-fn.html>

warning[E0133]: dereference of raw pointer is unsafe and requires unsafe block
   --> src/am/options.rs:325:22
    |
325 |     let rd_options = (*indexrel).rd_options;
    |                      ^^^^^^^^^^^ dereference of raw pointer
    |
    = note: raw pointers may be null, dangling or unaligned; they can violate aliasing rules and cause data races: all of these are undefined behavior
note: an unsafe function restricts its caller, but its body is safe by default
   --> src/am/options.rs:324:1
    |
324 | pub(crate) unsafe fn lists_from_relation(indexrel: pg_sys::Relation) -> usize {
    | ^^^^^^^^^^^^^^^^^^^^^^^^^^^^^^^^^^^^^^^^^^^^^^^^^^^^^^^^^^^^^^^^^^^^^^^^^^^^^
    = note: for more information, see <https://doc.rust-lang.org/edition-guide/rust-2024/unsafe-op-in-unsafe-fn.html>

warning[E0133]: dereference of raw pointer is unsafe and requires unsafe block
   --> src/am/options.rs:330:17
    |
330 |     let lists = (*opts).lists;
    |                 ^^^^^^^ dereference of raw pointer
    |
    = note: raw pointers may be null, dangling or unaligned; they can violate aliasing rules and cause data races: all of these are undefined behavior
    = note: for more information, see <https://doc.rust-lang.org/edition-guide/rust-2024/unsafe-op-in-unsafe-fn.html>

warning[E0133]: dereference of raw pointer is unsafe and requires unsafe block
   --> src/am/options.rs:341:22
    |
341 |     let rd_options = (*indexrel).rd_options;
    |                      ^^^^^^^^^^^ dereference of raw pointer
    |
    = note: raw pointers may be null, dangling or unaligned; they can violate aliasing rules and cause data races: all of these are undefined behavior
note: an unsafe function restricts its caller, but its body is safe by default
   --> src/am/options.rs:340:1
    |
340 | pub(crate) unsafe fn sbq_bits_from_relation(indexrel: pg_sys::Relation) -> u8 {
    | ^^^^^^^^^^^^^^^^^^^^^^^^^^^^^^^^^^^^^^^^^^^^^^^^^^^^^^^^^^^^^^^^^^^^^^^^^^^^^
    = note: for more information, see <https://doc.rust-lang.org/edition-guide/rust-2024/unsafe-op-in-unsafe-fn.html>

warning[E0133]: dereference of raw pointer is unsafe and requires unsafe block
   --> src/am/options.rs:345:16
    |
345 |     let bits = (*(rd_options as *const TheodbIvfflatOptions)).sbq_bits;
    |                ^^^^^^^^^^^^^^^^^^^^^^^^^^^^^^^^^^^^^^^^^^^^^^ dereference of raw pointer
    |
    = note: raw pointers may be null, dangling or unaligned; they can violate aliasing rules and cause data races: all of these are undefined behavior
    = note: for more information, see <https://doc.rust-lang.org/edition-guide/rust-2024/unsafe-op-in-unsafe-fn.html>

warning[E0133]: dereference of raw pointer is unsafe and requires unsafe block
   --> src/am/options.rs:357:22
    |
357 |     let rd_options = (*indexrel).rd_options;
    |                      ^^^^^^^^^^^ dereference of raw pointer
    |
    = note: raw pointers may be null, dangling or unaligned; they can violate aliasing rules and cause data races: all of these are undefined behavior
note: an unsafe function restricts its caller, but its body is safe by default
   --> src/am/options.rs:356:1
    |
356 | pub(crate) unsafe fn pq_subspaces_from_relation(indexrel: pg_sys::Relation) -> usize {
    | ^^^^^^^^^^^^^^^^^^^^^^^^^^^^^^^^^^^^^^^^^^^^^^^^^^^^^^^^^^^^^^^^^^^^^^^^^^^^^^^^^^^^
    = note: for more information, see <https://doc.rust-lang.org/edition-guide/rust-2024/unsafe-op-in-unsafe-fn.html>

warning[E0133]: dereference of raw pointer is unsafe and requires unsafe block
   --> src/am/options.rs:361:13
    |
361 |     let m = (*(rd_options as *const TheodbIvfflatOptions)).pq_subspaces;
    |             ^^^^^^^^^^^^^^^^^^^^^^^^^^^^^^^^^^^^^^^^^^^^^^ dereference of raw pointer
    |
    = note: raw pointers may be null, dangling or unaligned; they can violate aliasing rules and cause data races: all of these are undefined behavior
    = note: for more information, see <https://doc.rust-lang.org/edition-guide/rust-2024/unsafe-op-in-unsafe-fn.html>

warning[E0133]: dereference of raw pointer is unsafe and requires unsafe block
   --> src/am/options.rs:373:22
    |
373 |     let rd_options = (*indexrel).rd_options;
    |                      ^^^^^^^^^^^ dereference of raw pointer
    |
    = note: raw pointers may be null, dangling or unaligned; they can violate aliasing rules and cause data races: all of these are undefined behavior
note: an unsafe function restricts its caller, but its body is safe by default
   --> src/am/options.rs:372:1
    |
372 | pub(crate) unsafe fn pq_bits_from_relation(indexrel: pg_sys::Relation) -> u8 {
    | ^^^^^^^^^^^^^^^^^^^^^^^^^^^^^^^^^^^^^^^^^^^^^^^^^^^^^^^^^^^^^^^^^^^^^^^^^^^^
    = note: for more information, see <https://doc.rust-lang.org/edition-guide/rust-2024/unsafe-op-in-unsafe-fn.html>

warning[E0133]: dereference of raw pointer is unsafe and requires unsafe block
   --> src/am/options.rs:377:16
    |
377 |     let bits = (*(rd_options as *const TheodbIvfflatOptions)).pq_bits;
    |                ^^^^^^^^^^^^^^^^^^^^^^^^^^^^^^^^^^^^^^^^^^^^^^ dereference of raw pointer
    |
    = note: raw pointers may be null, dangling or unaligned; they can violate aliasing rules and cause data races: all of these are undefined behavior
    = note: for more information, see <https://doc.rust-lang.org/edition-guide/rust-2024/unsafe-op-in-unsafe-fn.html>

warning[E0133]: dereference of raw pointer is unsafe and requires unsafe block
   --> src/am/options.rs:389:22
    |
389 |     let rd_options = (*indexrel).rd_options;
    |                      ^^^^^^^^^^^ dereference of raw pointer
    |
    = note: raw pointers may be null, dangling or unaligned; they can violate aliasing rules and cause data races: all of these are undefined behavior
note: an unsafe function restricts its caller, but its body is safe by default
   --> src/am/options.rs:388:1
    |
388 | pub(crate) unsafe fn aq_threshold_from_relation(indexrel: pg_sys::Relation) -> f32 {
    | ^^^^^^^^^^^^^^^^^^^^^^^^^^^^^^^^^^^^^^^^^^^^^^^^^^^^^^^^^^^^^^^^^^^^^^^^^^^^^^^^^^
    = note: for more information, see <https://doc.rust-lang.org/edition-guide/rust-2024/unsafe-op-in-unsafe-fn.html>

warning[E0133]: dereference of raw pointer is unsafe and requires unsafe block
   --> src/am/options.rs:393:9
    |
393 |         (*(rd_options as *const TheodbIvfflatOptions)).aq_threshold_milli
    |         ^^^^^^^^^^^^^^^^^^^^^^^^^^^^^^^^^^^^^^^^^^^^^^ dereference of raw pointer
    |
    = note: raw pointers may be null, dangling or unaligned; they can violate aliasing rules and cause data races: all of these are undefined behavior
    = note: for more information, see <https://doc.rust-lang.org/edition-guide/rust-2024/unsafe-op-in-unsafe-fn.html>

warning[E0133]: dereference of raw pointer is unsafe and requires unsafe block
   --> src/am/options.rs:405:22
    |
405 |     let rd_options = (*indexrel).rd_options;
    |                      ^^^^^^^^^^^ dereference of raw pointer
    |
    = note: raw pointers may be null, dangling or unaligned; they can violate aliasing rules and cause data races: all of these are undefined behavior
note: an unsafe function restricts its caller, but its body is safe by default
   --> src/am/options.rs:404:1
    |
404 | pub(crate) unsafe fn separate_storage_from_relation(indexrel: pg_sys::Relation) -> bool {
    | ^^^^^^^^^^^^^^^^^^^^^^^^^^^^^^^^^^^^^^^^^^^^^^^^^^^^^^^^^^^^^^^^^^^^^^^^^^^^^^^^^^^^^^^
    = note: for more information, see <https://doc.rust-lang.org/edition-guide/rust-2024/unsafe-op-in-unsafe-fn.html>

warning[E0133]: dereference of raw pointer is unsafe and requires unsafe block
   --> src/am/options.rs:409:5
    |
409 |     (*(rd_options as *const TheodbIvfflatOptions)).separate_storage == 1
    |     ^^^^^^^^^^^^^^^^^^^^^^^^^^^^^^^^^^^^^^^^^^^^^^ dereference of raw pointer
    |
    = note: raw pointers may be null, dangling or unaligned; they can violate aliasing rules and cause data races: all of these are undefined behavior
    = note: for more information, see <https://doc.rust-lang.org/edition-guide/rust-2024/unsafe-op-in-unsafe-fn.html>

warning[E0133]: dereference of raw pointer is unsafe and requires unsafe block
   --> src/am/options.rs:418:22
    |
418 |     let rd_options = (*indexrel).rd_options;
    |                      ^^^^^^^^^^^ dereference of raw pointer
    |
    = note: raw pointers may be null, dangling or unaligned; they can violate aliasing rules and cause data races: all of these are undefined behavior
note: an unsafe function restricts its caller, but its body is safe by default
   --> src/am/options.rs:417:1
    |
417 | pub(crate) unsafe fn refine_sq8_from_relation(indexrel: pg_sys::Relation) -> bool {
    | ^^^^^^^^^^^^^^^^^^^^^^^^^^^^^^^^^^^^^^^^^^^^^^^^^^^^^^^^^^^^^^^^^^^^^^^^^^^^^^^^^
    = note: for more information, see <https://doc.rust-lang.org/edition-guide/rust-2024/unsafe-op-in-unsafe-fn.html>

warning[E0133]: dereference of raw pointer is unsafe and requires unsafe block
   --> src/am/options.rs:422:5
    |
422 |     (*(rd_options as *const TheodbIvfflatOptions)).refine == 1
    |     ^^^^^^^^^^^^^^^^^^^^^^^^^^^^^^^^^^^^^^^^^^^^^^ dereference of raw pointer
    |
    = note: raw pointers may be null, dangling or unaligned; they can violate aliasing rules and cause data races: all of these are undefined behavior
    = note: for more information, see <https://doc.rust-lang.org/edition-guide/rust-2024/unsafe-op-in-unsafe-fn.html>

warning[E0133]: dereference of raw pointer is unsafe and requires unsafe block
   --> src/am/options.rs:430:22
    |
430 |     let rd_options = (*indexrel).rd_options;
    |                      ^^^^^^^^^^^ dereference of raw pointer
    |
    = note: raw pointers may be null, dangling or unaligned; they can violate aliasing rules and cause data races: all of these are undefined behavior
note: an unsafe function restricts its caller, but its body is safe by default
   --> src/am/options.rs:429:1
    |
429 | pub(crate) unsafe fn refine_rabitq_from_relation(indexrel: pg_sys::Relation) -> bool {
    | ^^^^^^^^^^^^^^^^^^^^^^^^^^^^^^^^^^^^^^^^^^^^^^^^^^^^^^^^^^^^^^^^^^^^^^^^^^^^^^^^^^^^
    = note: for more information, see <https://doc.rust-lang.org/edition-guide/rust-2024/unsafe-op-in-unsafe-fn.html>

warning[E0133]: dereference of raw pointer is unsafe and requires unsafe block
   --> src/am/options.rs:434:5
    |
434 |     (*(rd_options as *const TheodbIvfflatOptions)).refine == 2
    |     ^^^^^^^^^^^^^^^^^^^^^^^^^^^^^^^^^^^^^^^^^^^^^^ dereference of raw pointer
    |
    = note: raw pointers may be null, dangling or unaligned; they can violate aliasing rules and cause data races: all of these are undefined behavior
    = note: for more information, see <https://doc.rust-lang.org/edition-guide/rust-2024/unsafe-op-in-unsafe-fn.html>

warning[E0133]: dereference of raw pointer is unsafe and requires unsafe block
   --> src/am/options.rs:442:22
    |
442 |     let rd_options = (*indexrel).rd_options;
    |                      ^^^^^^^^^^^ dereference of raw pointer
    |
    = note: raw pointers may be null, dangling or unaligned; they can violate aliasing rules and cause data races: all of these are undefined behavior
note: an unsafe function restricts its caller, but its body is safe by default
   --> src/am/options.rs:441:1
    |
441 | pub(crate) unsafe fn rabitq_bits_from_relation(indexrel: pg_sys::Relation) -> u8 {
    | ^^^^^^^^^^^^^^^^^^^^^^^^^^^^^^^^^^^^^^^^^^^^^^^^^^^^^^^^^^^^^^^^^^^^^^^^^^^^^^^^
    = note: for more information, see <https://doc.rust-lang.org/edition-guide/rust-2024/unsafe-op-in-unsafe-fn.html>

warning[E0133]: dereference of raw pointer is unsafe and requires unsafe block
   --> src/am/options.rs:446:16
    |
446 |     let bits = (*(rd_options as *const TheodbIvfflatOptions)).rabitq_bits;
    |                ^^^^^^^^^^^^^^^^^^^^^^^^^^^^^^^^^^^^^^^^^^^^^^ dereference of raw pointer
    |
    = note: raw pointers may be null, dangling or unaligned; they can violate aliasing rules and cause data races: all of these are undefined behavior
    = note: for more information, see <https://doc.rust-lang.org/edition-guide/rust-2024/unsafe-op-in-unsafe-fn.html>

warning[E0133]: dereference of raw pointer is unsafe and requires unsafe block
   --> src/am/options.rs:460:22
    |
460 |     let rd_options = (*indexrel).rd_options;
    |                      ^^^^^^^^^^^ dereference of raw pointer
    |
    = note: raw pointers may be null, dangling or unaligned; they can violate aliasing rules and cause data races: all of these are undefined behavior
note: an unsafe function restricts its caller, but its body is safe by default
   --> src/am/options.rs:459:1
    |
459 | pub(crate) unsafe fn degree_bound_from_relation(indexrel: pg_sys::Relation) -> usize {
    | ^^^^^^^^^^^^^^^^^^^^^^^^^^^^^^^^^^^^^^^^^^^^^^^^^^^^^^^^^^^^^^^^^^^^^^^^^^^^^^^^^^^^
    = note: for more information, see <https://doc.rust-lang.org/edition-guide/rust-2024/unsafe-op-in-unsafe-fn.html>

warning[E0133]: dereference of raw pointer is unsafe and requires unsafe block
   --> src/am/options.rs:464:13
    |
464 |     let r = (*(rd_options as *const TheodbIvfflatOptions)).degree_bound;
    |             ^^^^^^^^^^^^^^^^^^^^^^^^^^^^^^^^^^^^^^^^^^^^^^ dereference of raw pointer
    |
    = note: raw pointers may be null, dangling or unaligned; they can violate aliasing rules and cause data races: all of these are undefined behavior
    = note: for more information, see <https://doc.rust-lang.org/edition-guide/rust-2024/unsafe-op-in-unsafe-fn.html>

warning[E0133]: dereference of raw pointer is unsafe and requires unsafe block
   --> src/am/options.rs:475:22
    |
475 |     let rd_options = (*indexrel).rd_options;
    |                      ^^^^^^^^^^^ dereference of raw pointer
    |
    = note: raw pointers may be null, dangling or unaligned; they can violate aliasing rules and cause data races: all of these are undefined behavior
note: an unsafe function restricts its caller, but its body is safe by default
   --> src/am/options.rs:474:1
    |
474 | pub(crate) unsafe fn soar_lambda_from_relation(indexrel: pg_sys::Relation) -> f64 {
    | ^^^^^^^^^^^^^^^^^^^^^^^^^^^^^^^^^^^^^^^^^^^^^^^^^^^^^^^^^^^^^^^^^^^^^^^^^^^^^^^^^
    = note: for more information, see <https://doc.rust-lang.org/edition-guide/rust-2024/unsafe-op-in-unsafe-fn.html>

warning[E0133]: dereference of raw pointer is unsafe and requires unsafe block
   --> src/am/options.rs:479:9
    |
479 |         (*(rd_options as *const TheodbIvfflatOptions)).soar_lambda_milli
    |         ^^^^^^^^^^^^^^^^^^^^^^^^^^^^^^^^^^^^^^^^^^^^^^ dereference of raw pointer
    |
    = note: raw pointers may be null, dangling or unaligned; they can violate aliasing rules and cause data races: all of these are undefined behavior
    = note: for more information, see <https://doc.rust-lang.org/edition-guide/rust-2024/unsafe-op-in-unsafe-fn.html>

warning[E0133]: call to unsafe function `am::page::read_page_item` is unsafe and requires unsafe block
  --> src/am/page/ivf.rs:58:22
   |
58 |     map_ivf_version(&read_page_item(rel, 0)?)
   |                      ^^^^^^^^^^^^^^^^^^^^^^ call to unsafe function
   |
   = note: consult the function's documentation for information on how to avoid undefined behavior
note: an unsafe function restricts its caller, but its body is safe by default
  --> src/am/page/ivf.rs:57:1
   |
57 | pub(crate) unsafe fn ivf_version(rel: pg_sys::Relation) -> Result<IvfVersion, String> {
   | ^^^^^^^^^^^^^^^^^^^^^^^^^^^^^^^^^^^^^^^^^^^^^^^^^^^^^^^^^^^^^^^^^^^^^^^^^^^^^^^^^^^^^
   = note: for more information, see <https://doc.rust-lang.org/edition-guide/rust-2024/unsafe-op-in-unsafe-fn.html>

warning[E0133]: call to unsafe function `am::page::extend_page_with_item` is unsafe and requires unsafe block
   --> src/am/page/ivf.rs:153:9
    |
153 |         extend_page_with_item(rel, pg_sys::ForkNumber::MAIN_FORKNUM, &item);
    |         ^^^^^^^^^^^^^^^^^^^^^^^^^^^^^^^^^^^^^^^^^^^^^^^^^^^^^^^^^^^^^^^^^^^ call to unsafe function
    |
    = note: consult the function's documentation for information on how to avoid undefined behavior
note: an unsafe function restricts its caller, but its body is safe by default
   --> src/am/page/ivf.rs:144:1
    |
144 | / pub(crate) unsafe fn write_ivf_structured(
145 | |     rel: pg_sys::Relation,
146 | |     dim: u32,
147 | |     metric_tag: u8,
148 | |     centroids: &[Vec<f32>],
149 | |     lists: &[Vec<(i64, Vec<f32>)>],
150 | | ) {
    | |_^
    = note: for more information, see <https://doc.rust-lang.org/edition-guide/rust-2024/unsafe-op-in-unsafe-fn.html>

warning[E0133]: call to unsafe function `am::page::read_page_item` is unsafe and requires unsafe block
   --> src/am/page/ivf.rs:176:13
    |
176 |     let m = read_page_item(rel, 0)?;
    |             ^^^^^^^^^^^^^^^^^^^^^^ call to unsafe function
    |
    = note: consult the function's documentation for information on how to avoid undefined behavior
note: an unsafe function restricts its caller, but its body is safe by default
   --> src/am/page/ivf.rs:175:1
    |
175 | pub(crate) unsafe fn read_ivf_meta(rel: pg_sys::Relation) -> Result<IvfMeta, String> {
    | ^^^^^^^^^^^^^^^^^^^^^^^^^^^^^^^^^^^^^^^^^^^^^^^^^^^^^^^^^^^^^^^^^^^^^^^^^^^^^^^^^^^^
    = note: for more information, see <https://doc.rust-lang.org/edition-guide/rust-2024/unsafe-op-in-unsafe-fn.html>

warning[E0133]: call to unsafe function `am::page::read_chunked` is unsafe and requires unsafe block
   --> src/am/page/ivf.rs:205:18
    |
205 |     let dbytes = read_chunked(rel, gen_base, dir_npages)?;
    |                  ^^^^^^^^^^^^^^^^^^^^^^^^^^^^^^^^^^^^^^^ call to unsafe function
    |
    = note: consult the function's documentation for information on how to avoid undefined behavior
    = note: for more information, see <https://doc.rust-lang.org/edition-guide/rust-2024/unsafe-op-in-unsafe-fn.html>

warning[E0133]: call to unsafe function `am::page::read_chunked` is unsafe and requires unsafe block
   --> src/am/page/ivf.rs:219:18
    |
219 |     let cbytes = read_chunked(rel, gen_base + dir_npages, centroid_npages)?;
    |                  ^^^^^^^^^^^^^^^^^^^^^^^^^^^^^^^^^^^^^^^^^^^^^^^^^^^^^^^^^ call to unsafe function
    |
    = note: consult the function's documentation for information on how to avoid undefined behavior
    = note: for more information, see <https://doc.rust-lang.org/edition-guide/rust-2024/unsafe-op-in-unsafe-fn.html>

warning[E0133]: call to unsafe function `am::page::read_page_item` is unsafe and requires unsafe block
   --> src/am/page/ivf.rs:241:13
    |
241 |     let m = read_page_item(rel, 0)?;
    |             ^^^^^^^^^^^^^^^^^^^^^^ call to unsafe function
    |
    = note: consult the function's documentation for information on how to avoid undefined behavior
note: an unsafe function restricts its caller, but its body is safe by default
   --> src/am/page/ivf.rs:240:1
    |
240 | pub(crate) unsafe fn ivf_gen_base(rel: pg_sys::Relation) -> Result<u32, String> {
    | ^^^^^^^^^^^^^^^^^^^^^^^^^^^^^^^^^^^^^^^^^^^^^^^^^^^^^^^^^^^^^^^^^^^^^^^^^^^^^^^
    = note: for more information, see <https://doc.rust-lang.org/edition-guide/rust-2024/unsafe-op-in-unsafe-fn.html>

warning[E0133]: call to unsafe function `am::page::extend_page_with_item` is unsafe and requires unsafe block
   --> src/am/page/ivf.rs:348:9
    |
348 |         extend_page_with_item(rel, pg_sys::ForkNumber::MAIN_FORKNUM, &item);
    |         ^^^^^^^^^^^^^^^^^^^^^^^^^^^^^^^^^^^^^^^^^^^^^^^^^^^^^^^^^^^^^^^^^^^ call to unsafe function
    |
    = note: consult the function's documentation for information on how to avoid undefined behavior
note: an unsafe function restricts its caller, but its body is safe by default
   --> src/am/page/ivf.rs:266:1
    |
266 | / pub(crate) unsafe fn write_ivf_aq(
267 | |     rel: pg_sys::Relation,
268 | |     dim: u32,
269 | |     metric_tag: u8,
...   |
274 | |     codes: &[Vec<u8>],
275 | | ) {
    | |_^
    = note: for more information, see <https://doc.rust-lang.org/edition-guide/rust-2024/unsafe-op-in-unsafe-fn.html>

warning[E0133]: call to unsafe function `am::page::read_page_item` is unsafe and requires unsafe block
   --> src/am/page/ivf.rs:353:13
    |
353 |     let m = read_page_item(rel, 0)?;
    |             ^^^^^^^^^^^^^^^^^^^^^^ call to unsafe function
    |
    = note: consult the function's documentation for information on how to avoid undefined behavior
note: an unsafe function restricts its caller, but its body is safe by default
   --> src/am/page/ivf.rs:352:1
    |
352 | pub(crate) unsafe fn read_ivf_aq_meta(rel: pg_sys::Relation) -> Result<IvfAqMeta, String> {
    | ^^^^^^^^^^^^^^^^^^^^^^^^^^^^^^^^^^^^^^^^^^^^^^^^^^^^^^^^^^^^^^^^^^^^^^^^^^^^^^^^^^^^^^^^^
    = note: for more information, see <https://doc.rust-lang.org/edition-guide/rust-2024/unsafe-op-in-unsafe-fn.html>

warning[E0133]: call to unsafe function `am::page::read_chunked` is unsafe and requires unsafe block
   --> src/am/page/ivf.rs:371:18
    |
371 |     let dbytes = read_chunked(rel, gen_base, dir_npages)?;
    |                  ^^^^^^^^^^^^^^^^^^^^^^^^^^^^^^^^^^^^^^^ call to unsafe function
    |
    = note: consult the function's documentation for information on how to avoid undefined behavior
    = note: for more information, see <https://doc.rust-lang.org/edition-guide/rust-2024/unsafe-op-in-unsafe-fn.html>

warning[E0133]: call to unsafe function `am::page::read_chunked` is unsafe and requires unsafe block
   --> src/am/page/ivf.rs:384:20
    |
384 |     let codebook = read_chunked(rel, gen_base + dir_npages, codebook_npages)?;
    |                    ^^^^^^^^^^^^^^^^^^^^^^^^^^^^^^^^^^^^^^^^^^^^^^^^^^^^^^^^^ call to unsafe function
    |
    = note: consult the function's documentation for information on how to avoid undefined behavior
    = note: for more information, see <https://doc.rust-lang.org/edition-guide/rust-2024/unsafe-op-in-unsafe-fn.html>

warning[E0133]: call to unsafe function `am::page::read_chunked` is unsafe and requires unsafe block
   --> src/am/page/ivf.rs:385:18
    |
385 |     let cbytes = read_chunked(rel, gen_base + dir_npages + codebook_npages, centroid_npages)?;
    |                  ^^^^^^^^^^^^^^^^^^^^^^^^^^^^^^^^^^^^^^^^^^^^^^^^^^^^^^^^^^^^^^^^^^^^^^^^^^^ call to unsafe function
    |
    = note: consult the function's documentation for information on how to avoid undefined behavior
    = note: for more information, see <https://doc.rust-lang.org/edition-guide/rust-2024/unsafe-op-in-unsafe-fn.html>

warning[E0133]: call to unsafe function `am::page::write_item` is unsafe and requires unsafe block
   --> src/am/page/ivf.rs:480:5
    |
480 |     write_item(rel, &meta);
    |     ^^^^^^^^^^^^^^^^^^^^^^ call to unsafe function
    |
    = note: consult the function's documentation for information on how to avoid undefined behavior
note: an unsafe function restricts its caller, but its body is safe by default
   --> src/am/page/ivf.rs:420:1
    |
420 | / pub(crate) unsafe fn write_ivf_aq_split(
421 | |     rel: pg_sys::Relation,
422 | |     dim: u32,
423 | |     metric_tag: u8,
...   |
430 | |     codes: &[Vec<u8>],
431 | | ) {
    | |_^
    = note: for more information, see <https://doc.rust-lang.org/edition-guide/rust-2024/unsafe-op-in-unsafe-fn.html>

warning[E0133]: call to unsafe function `am::page::write_chunks` is unsafe and requires unsafe block
   --> src/am/page/ivf.rs:481:5
    |
481 |     write_chunks(rel, &dirbytes);
    |     ^^^^^^^^^^^^^^^^^^^^^^^^^^^^ call to unsafe function
    |
    = note: consult the function's documentation for information on how to avoid undefined behavior
    = note: for more information, see <https://doc.rust-lang.org/edition-guide/rust-2024/unsafe-op-in-unsafe-fn.html>

warning[E0133]: call to unsafe function `am::page::write_chunks` is unsafe and requires unsafe block
   --> src/am/page/ivf.rs:482:5
    |
482 |     write_chunks(rel, codebook);
    |     ^^^^^^^^^^^^^^^^^^^^^^^^^^^ call to unsafe function
    |
    = note: consult the function's documentation for information on how to avoid undefined behavior
    = note: for more information, see <https://doc.rust-lang.org/edition-guide/rust-2024/unsafe-op-in-unsafe-fn.html>

warning[E0133]: call to unsafe function `am::page::write_chunks` is unsafe and requires unsafe block
   --> src/am/page/ivf.rs:483:5
    |
483 |     write_chunks(rel, &cbytes);
    |     ^^^^^^^^^^^^^^^^^^^^^^^^^^ call to unsafe function
    |
    = note: consult the function's documentation for information on how to avoid undefined behavior
    = note: for more information, see <https://doc.rust-lang.org/edition-guide/rust-2024/unsafe-op-in-unsafe-fn.html>

warning[E0133]: call to unsafe function `am::page::write_chunks` is unsafe and requires unsafe block
   --> src/am/page/ivf.rs:491:9
    |
491 |         write_chunks(rel, &ecode);
    |         ^^^^^^^^^^^^^^^^^^^^^^^^^ call to unsafe function
    |
    = note: consult the function's documentation for information on how to avoid undefined behavior
    = note: for more information, see <https://doc.rust-lang.org/edition-guide/rust-2024/unsafe-op-in-unsafe-fn.html>

warning[E0133]: call to unsafe function `am::page::write_chunks` is unsafe and requires unsafe block
   --> src/am/page/ivf.rs:500:9
    |
500 |         write_chunks(rel, &evec);
    |         ^^^^^^^^^^^^^^^^^^^^^^^^ call to unsafe function
    |
    = note: consult the function's documentation for information on how to avoid undefined behavior
    = note: for more information, see <https://doc.rust-lang.org/edition-guide/rust-2024/unsafe-op-in-unsafe-fn.html>

warning[E0133]: call to unsafe function `am::page::write_item` is unsafe and requires unsafe block
   --> src/am/page/ivf.rs:578:5
    |
578 |     write_item(rel, &meta);
    |     ^^^^^^^^^^^^^^^^^^^^^^ call to unsafe function
    |
    = note: consult the function's documentation for information on how to avoid undefined behavior
note: an unsafe function restricts its caller, but its body is safe by default
   --> src/am/page/ivf.rs:518:1
    |
518 | / pub(crate) unsafe fn write_ivf_aq_split_v7(
519 | |     rel: pg_sys::Relation,
520 | |     dim: u32,
521 | |     metric_tag: u8,
...   |
529 | |     labels: &[Vec<i16>],
530 | | ) {
    | |_^
    = note: for more information, see <https://doc.rust-lang.org/edition-guide/rust-2024/unsafe-op-in-unsafe-fn.html>

warning[E0133]: call to unsafe function `am::page::write_chunks` is unsafe and requires unsafe block
   --> src/am/page/ivf.rs:579:5
    |
579 |     write_chunks(rel, &dirbytes);
    |     ^^^^^^^^^^^^^^^^^^^^^^^^^^^^ call to unsafe function
    |
    = note: consult the function's documentation for information on how to avoid undefined behavior
    = note: for more information, see <https://doc.rust-lang.org/edition-guide/rust-2024/unsafe-op-in-unsafe-fn.html>

warning[E0133]: call to unsafe function `am::page::write_chunks` is unsafe and requires unsafe block
   --> src/am/page/ivf.rs:580:5
    |
580 |     write_chunks(rel, codebook);
    |     ^^^^^^^^^^^^^^^^^^^^^^^^^^^ call to unsafe function
    |
    = note: consult the function's documentation for information on how to avoid undefined behavior
    = note: for more information, see <https://doc.rust-lang.org/edition-guide/rust-2024/unsafe-op-in-unsafe-fn.html>

warning[E0133]: call to unsafe function `am::page::write_chunks` is unsafe and requires unsafe block
   --> src/am/page/ivf.rs:581:5
    |
581 |     write_chunks(rel, &cbytes);
    |     ^^^^^^^^^^^^^^^^^^^^^^^^^^ call to unsafe function
    |
    = note: consult the function's documentation for information on how to avoid undefined behavior
    = note: for more information, see <https://doc.rust-lang.org/edition-guide/rust-2024/unsafe-op-in-unsafe-fn.html>

warning[E0133]: call to unsafe function `am::page::write_chunks` is unsafe and requires unsafe block
   --> src/am/page/ivf.rs:592:9
    |
592 |         write_chunks(rel, &ecode);
    |         ^^^^^^^^^^^^^^^^^^^^^^^^^ call to unsafe function
    |
    = note: consult the function's documentation for information on how to avoid undefined behavior
    = note: for more information, see <https://doc.rust-lang.org/edition-guide/rust-2024/unsafe-op-in-unsafe-fn.html>

warning[E0133]: call to unsafe function `am::page::write_chunks` is unsafe and requires unsafe block
   --> src/am/page/ivf.rs:601:9
    |
601 |         write_chunks(rel, &evec);
    |         ^^^^^^^^^^^^^^^^^^^^^^^^ call to unsafe function
    |
    = note: consult the function's documentation for information on how to avoid undefined behavior
    = note: for more information, see <https://doc.rust-lang.org/edition-guide/rust-2024/unsafe-op-in-unsafe-fn.html>

warning[E0133]: call to unsafe function `am::page::read_page_item` is unsafe and requires unsafe block
   --> src/am/page/ivf.rs:609:13
    |
609 |     let m = read_page_item(rel, 0)?;
    |             ^^^^^^^^^^^^^^^^^^^^^^ call to unsafe function
    |
    = note: consult the function's documentation for information on how to avoid undefined behavior
note: an unsafe function restricts its caller, but its body is safe by default
   --> src/am/page/ivf.rs:608:1
    |
608 | pub(crate) unsafe fn read_ivf_aq_meta_split(rel: pg_sys::Relation) -> Result<IvfAqMetaV5, String> {
    | ^^^^^^^^^^^^^^^^^^^^^^^^^^^^^^^^^^^^^^^^^^^^^^^^^^^^^^^^^^^^^^^^^^^^^^^^^^^^^^^^^^^^^^^^^^^^^^^^^
    = note: for more information, see <https://doc.rust-lang.org/edition-guide/rust-2024/unsafe-op-in-unsafe-fn.html>

warning[E0133]: call to unsafe function `am::page::read_chunked` is unsafe and requires unsafe block
   --> src/am/page/ivf.rs:627:18
    |
627 |     let dbytes = read_chunked(rel, gen_base, dir_npages)?;
    |                  ^^^^^^^^^^^^^^^^^^^^^^^^^^^^^^^^^^^^^^^ call to unsafe function
    |
    = note: consult the function's documentation for information on how to avoid undefined behavior
    = note: for more information, see <https://doc.rust-lang.org/edition-guide/rust-2024/unsafe-op-in-unsafe-fn.html>

warning[E0133]: call to unsafe function `am::page::read_chunked` is unsafe and requires unsafe block
   --> src/am/page/ivf.rs:642:20
    |
642 |     let codebook = read_chunked(rel, gen_base + dir_npages, codebook_npages)?;
    |                    ^^^^^^^^^^^^^^^^^^^^^^^^^^^^^^^^^^^^^^^^^^^^^^^^^^^^^^^^^ call to unsafe function
    |
    = note: consult the function's documentation for information on how to avoid undefined behavior
    = note: for more information, see <https://doc.rust-lang.org/edition-guide/rust-2024/unsafe-op-in-unsafe-fn.html>

warning[E0133]: call to unsafe function `am::page::read_chunked` is unsafe and requires unsafe block
   --> src/am/page/ivf.rs:643:18
    |
643 |     let cbytes = read_chunked(rel, gen_base + dir_npages + codebook_npages, centroid_npages)?;
    |                  ^^^^^^^^^^^^^^^^^^^^^^^^^^^^^^^^^^^^^^^^^^^^^^^^^^^^^^^^^^^^^^^^^^^^^^^^^^^ call to unsafe function
    |
    = note: consult the function's documentation for information on how to avoid undefined behavior
    = note: for more information, see <https://doc.rust-lang.org/edition-guide/rust-2024/unsafe-op-in-unsafe-fn.html>

warning[E0133]: call to unsafe function `am::page::read_page_item_into` is unsafe and requires unsafe block
   --> src/am/page/ivf.rs:677:5
    |
677 |     read_page_item_into(rel, first_block + p0 as u32, &mut buf)?;
    |     ^^^^^^^^^^^^^^^^^^^^^^^^^^^^^^^^^^^^^^^^^^^^^^^^^^^^^^^^^^^ call to unsafe function
    |
    = note: consult the function's documentation for information on how to avoid undefined behavior
note: an unsafe function restricts its caller, but its body is safe by default
   --> src/am/page/ivf.rs:665:1
    |
665 | / unsafe fn read_record_at(
666 | |     rel: pg_sys::Relation,
667 | |     first_block: u32,
668 | |     npages: u32,
669 | |     ordinal: usize,
670 | |     reclen: usize,
671 | | ) -> Result<Vec<u8>, String> {
    | |____________________________^
    = note: for more information, see <https://doc.rust-lang.org/edition-guide/rust-2024/unsafe-op-in-unsafe-fn.html>

warning[E0133]: call to unsafe function `am::page::read_page_item_into` is unsafe and requires unsafe block
   --> src/am/page/ivf.rs:699:5
    |
699 |     read_page_item_into(rel, first_block + (p0 + 1) as u32, &mut buf2)?;
    |     ^^^^^^^^^^^^^^^^^^^^^^^^^^^^^^^^^^^^^^^^^^^^^^^^^^^^^^^^^^^^^^^^^^ call to unsafe function
    |
    = note: consult the function's documentation for information on how to avoid undefined behavior
    = note: for more information, see <https://doc.rust-lang.org/edition-guide/rust-2024/unsafe-op-in-unsafe-fn.html>

warning[E0133]: call to unsafe function `am::page::ivf::read_record_at` is unsafe and requires unsafe block
   --> src/am/page/ivf.rs:714:5
    |
714 |     read_record_at(rel, vec_first_block, vec_npages, ordinal, dim * 4)
    |     ^^^^^^^^^^^^^^^^^^^^^^^^^^^^^^^^^^^^^^^^^^^^^^^^^^^^^^^^^^^^^^^^^^ call to unsafe function
    |
    = note: consult the function's documentation for information on how to avoid undefined behavior
note: an unsafe function restricts its caller, but its body is safe by default
   --> src/am/page/ivf.rs:707:1
    |
707 | / pub(crate) unsafe fn read_vec_at(
708 | |     rel: pg_sys::Relation,
709 | |     vec_first_block: u32,
710 | |     vec_npages: u32,
711 | |     ordinal: usize,
712 | |     dim: usize,
713 | | ) -> Result<Vec<u8>, String> {
    | |____________________________^
    = note: for more information, see <https://doc.rust-lang.org/edition-guide/rust-2024/unsafe-op-in-unsafe-fn.html>

warning[E0133]: call to unsafe function `am::page::ivf::read_record_at` is unsafe and requires unsafe block
   --> src/am/page/ivf.rs:724:5
    |
724 |     read_record_at(rel, sq8_first_block, sq8_npages, ordinal, dim)
    |     ^^^^^^^^^^^^^^^^^^^^^^^^^^^^^^^^^^^^^^^^^^^^^^^^^^^^^^^^^^^^^^ call to unsafe function
    |
    = note: consult the function's documentation for information on how to avoid undefined behavior
note: an unsafe function restricts its caller, but its body is safe by default
   --> src/am/page/ivf.rs:717:1
    |
717 | / pub(crate) unsafe fn read_sq8_at(
718 | |     rel: pg_sys::Relation,
719 | |     sq8_first_block: u32,
720 | |     sq8_npages: u32,
721 | |     ordinal: usize,
722 | |     dim: usize,
723 | | ) -> Result<Vec<u8>, String> {
    | |____________________________^
    = note: for more information, see <https://doc.rust-lang.org/edition-guide/rust-2024/unsafe-op-in-unsafe-fn.html>

warning[E0133]: call to unsafe function `am::page::ivf::read_record_at` is unsafe and requires unsafe block
   --> src/am/page/ivf.rs:754:5
    |
754 |     read_record_at(rel, rq_first_block, rq_npages, ordinal, dim + 8)
    |     ^^^^^^^^^^^^^^^^^^^^^^^^^^^^^^^^^^^^^^^^^^^^^^^^^^^^^^^^^^^^^^^^ call to unsafe function
    |
    = note: consult the function's documentation for information on how to avoid undefined behavior
note: an unsafe function restricts its caller, but its body is safe by default
   --> src/am/page/ivf.rs:747:1
    |
747 | / pub(crate) unsafe fn read_rabitq_at(
748 | |     rel: pg_sys::Relation,
749 | |     rq_first_block: u32,
750 | |     rq_npages: u32,
751 | |     ordinal: usize,
752 | |     dim: usize,
753 | | ) -> Result<Vec<u8>, String> {
    | |____________________________^
    = note: for more information, see <https://doc.rust-lang.org/edition-guide/rust-2024/unsafe-op-in-unsafe-fn.html>

warning[E0133]: call to unsafe function `am::page::ivf::read_ivf_meta` is unsafe and requires unsafe block
   --> src/am/page/ivf.rs:760:5
    |
760 |     read_ivf_meta(rel)
    |     ^^^^^^^^^^^^^^^^^^ call to unsafe function
    |
    = note: consult the function's documentation for information on how to avoid undefined behavior
note: an unsafe function restricts its caller, but its body is safe by default
   --> src/am/page/ivf.rs:759:1
    |
759 | pub(crate) unsafe fn ivf_list_count(rel: pg_sys::Relation) -> usize {
    | ^^^^^^^^^^^^^^^^^^^^^^^^^^^^^^^^^^^^^^^^^^^^^^^^^^^^^^^^^^^^^^^^^^^
    = note: for more information, see <https://doc.rust-lang.org/edition-guide/rust-2024/unsafe-op-in-unsafe-fn.html>

warning[E0133]: call to unsafe function `am::page::ivf::read_ivf_aq_meta` is unsafe and requires unsafe block
   --> src/am/page/ivf.rs:762:22
    |
762 |         .or_else(|_| read_ivf_aq_meta(rel).map(|m| m.dir.len()))
    |                      ^^^^^^^^^^^^^^^^^^^^^ call to unsafe function
    |
    = note: consult the function's documentation for information on how to avoid undefined behavior
    = note: for more information, see <https://doc.rust-lang.org/edition-guide/rust-2024/unsafe-op-in-unsafe-fn.html>

warning[E0133]: call to unsafe function `am::page::ivf::read_ivf_aq_meta_split` is unsafe and requires unsafe block
   --> src/am/page/ivf.rs:763:22
    |
763 |         .or_else(|_| read_ivf_aq_meta_split(rel).map(|m| m.dir.len()))
    |                      ^^^^^^^^^^^^^^^^^^^^^^^^^^^ call to unsafe function
    |
    = note: consult the function's documentation for information on how to avoid undefined behavior
    = note: for more information, see <https://doc.rust-lang.org/edition-guide/rust-2024/unsafe-op-in-unsafe-fn.html>

warning[E0133]: call to unsafe function `am::page::ivf::read_ivf_aq_meta_split_sq8` is unsafe and requires unsafe block
   --> src/am/page/ivf.rs:764:22
    |
764 |         .or_else(|_| read_ivf_aq_meta_split_sq8(rel).map(|m| m.dir.len()))
    |                      ^^^^^^^^^^^^^^^^^^^^^^^^^^^^^^^ call to unsafe function
    |
    = note: consult the function's documentation for information on how to avoid undefined behavior
    = note: for more information, see <https://doc.rust-lang.org/edition-guide/rust-2024/unsafe-op-in-unsafe-fn.html>

warning[E0133]: call to unsafe function `am::page::ivf::read_ivf_aq_meta_split_rabitq` is unsafe and requires unsafe block
   --> src/am/page/ivf.rs:765:22
    |
765 |         .or_else(|_| read_ivf_aq_meta_split_rabitq(rel).map(|m| m.dir.len()))
    |                      ^^^^^^^^^^^^^^^^^^^^^^^^^^^^^^^^^^ call to unsafe function
    |
    = note: consult the function's documentation for information on how to avoid undefined behavior
    = note: for more information, see <https://doc.rust-lang.org/edition-guide/rust-2024/unsafe-op-in-unsafe-fn.html>

warning[E0133]: call to unsafe function `am::page::write_item` is unsafe and requires unsafe block
   --> src/am/page/ivf.rs:843:5
    |
843 |     write_item(rel, &meta);
    |     ^^^^^^^^^^^^^^^^^^^^^^ call to unsafe function
    |
    = note: consult the function's documentation for information on how to avoid undefined behavior
note: an unsafe function restricts its caller, but its body is safe by default
   --> src/am/page/ivf.rs:782:1
    |
782 | / pub(crate) unsafe fn write_ivf_aq_split_streaming(
783 | |     rel: pg_sys::Relation,
784 | |     dim: u32,
785 | |     metric_tag: u8,
...   |
791 | |     mut next_list_member: impl FnMut() -> Option<(i64, Vec<f32>)>,
792 | | ) {
    | |_^
    = note: for more information, see <https://doc.rust-lang.org/edition-guide/rust-2024/unsafe-op-in-unsafe-fn.html>

warning[E0133]: call to unsafe function `am::page::write_chunks` is unsafe and requires unsafe block
   --> src/am/page/ivf.rs:844:5
    |
844 |     write_chunks(rel, &dirbytes);
    |     ^^^^^^^^^^^^^^^^^^^^^^^^^^^^ call to unsafe function
    |
    = note: consult the function's documentation for information on how to avoid undefined behavior
    = note: for more information, see <https://doc.rust-lang.org/edition-guide/rust-2024/unsafe-op-in-unsafe-fn.html>

warning[E0133]: call to unsafe function `am::page::write_chunks` is unsafe and requires unsafe block
   --> src/am/page/ivf.rs:845:5
    |
845 |     write_chunks(rel, codebook);
    |     ^^^^^^^^^^^^^^^^^^^^^^^^^^^ call to unsafe function
    |
    = note: consult the function's documentation for information on how to avoid undefined behavior
    = note: for more information, see <https://doc.rust-lang.org/edition-guide/rust-2024/unsafe-op-in-unsafe-fn.html>

warning[E0133]: call to unsafe function `am::page::write_chunks` is unsafe and requires unsafe block
   --> src/am/page/ivf.rs:846:5
    |
846 |     write_chunks(rel, &cbytes);
    |     ^^^^^^^^^^^^^^^^^^^^^^^^^^ call to unsafe function
    |
    = note: consult the function's documentation for information on how to avoid undefined behavior
    = note: for more information, see <https://doc.rust-lang.org/edition-guide/rust-2024/unsafe-op-in-unsafe-fn.html>

warning[E0133]: call to unsafe function `am::page::write_chunks` is unsafe and requires unsafe block
   --> src/am/page/ivf.rs:881:9
    |
881 |         write_chunks(rel, &ecode);
    |         ^^^^^^^^^^^^^^^^^^^^^^^^^ call to unsafe function
    |
    = note: consult the function's documentation for information on how to avoid undefined behavior
    = note: for more information, see <https://doc.rust-lang.org/edition-guide/rust-2024/unsafe-op-in-unsafe-fn.html>

warning[E0133]: call to unsafe function `am::page::write_chunks` is unsafe and requires unsafe block
   --> src/am/page/ivf.rs:891:9
    |
891 |         write_chunks(rel, &evec);
    |         ^^^^^^^^^^^^^^^^^^^^^^^^ call to unsafe function
    |
    = note: consult the function's documentation for information on how to avoid undefined behavior
    = note: for more information, see <https://doc.rust-lang.org/edition-guide/rust-2024/unsafe-op-in-unsafe-fn.html>

warning[E0133]: call to unsafe function `am::page::write_item` is unsafe and requires unsafe block
   --> src/am/page/ivf.rs:961:5
    |
961 |     write_item(rel, &meta);
    |     ^^^^^^^^^^^^^^^^^^^^^^ call to unsafe function
    |
    = note: consult the function's documentation for information on how to avoid undefined behavior
note: an unsafe function restricts its caller, but its body is safe by default
   --> src/am/page/ivf.rs:902:1
    |
902 | / pub(crate) unsafe fn write_ivf_aq_split_sq8(
903 | |     rel: pg_sys::Relation,
904 | |     dim: u32,
905 | |     metric_tag: u8,
...   |
913 | |     sq8_codes: &[Vec<u8>],
914 | | ) {
    | |_^
    = note: for more information, see <https://doc.rust-lang.org/edition-guide/rust-2024/unsafe-op-in-unsafe-fn.html>

warning[E0133]: call to unsafe function `am::page::write_chunks` is unsafe and requires unsafe block
   --> src/am/page/ivf.rs:962:5
    |
962 |     write_chunks(rel, &dirbytes);
    |     ^^^^^^^^^^^^^^^^^^^^^^^^^^^^ call to unsafe function
    |
    = note: consult the function's documentation for information on how to avoid undefined behavior
    = note: for more information, see <https://doc.rust-lang.org/edition-guide/rust-2024/unsafe-op-in-unsafe-fn.html>

warning[E0133]: call to unsafe function `am::page::write_chunks` is unsafe and requires unsafe block
   --> src/am/page/ivf.rs:963:5
    |
963 |     write_chunks(rel, aq_codebook);
    |     ^^^^^^^^^^^^^^^^^^^^^^^^^^^^^^ call to unsafe function
    |
    = note: consult the function's documentation for information on how to avoid undefined behavior
    = note: for more information, see <https://doc.rust-lang.org/edition-guide/rust-2024/unsafe-op-in-unsafe-fn.html>

warning[E0133]: call to unsafe function `am::page::write_chunks` is unsafe and requires unsafe block
   --> src/am/page/ivf.rs:964:5
    |
964 |     write_chunks(rel, sq8_codebook);
    |     ^^^^^^^^^^^^^^^^^^^^^^^^^^^^^^^ call to unsafe function
    |
    = note: consult the function's documentation for information on how to avoid undefined behavior
    = note: for more information, see <https://doc.rust-lang.org/edition-guide/rust-2024/unsafe-op-in-unsafe-fn.html>

warning[E0133]: call to unsafe function `am::page::write_chunks` is unsafe and requires unsafe block
   --> src/am/page/ivf.rs:965:5
    |
965 |     write_chunks(rel, &cbytes);
    |     ^^^^^^^^^^^^^^^^^^^^^^^^^^ call to unsafe function
    |
    = note: consult the function's documentation for information on how to avoid undefined behavior
    = note: for more information, see <https://doc.rust-lang.org/edition-guide/rust-2024/unsafe-op-in-unsafe-fn.html>

warning[E0133]: call to unsafe function `am::page::write_chunks` is unsafe and requires unsafe block
   --> src/am/page/ivf.rs:972:9
    |
972 |         write_chunks(rel, &ecode);
    |         ^^^^^^^^^^^^^^^^^^^^^^^^^ call to unsafe function
    |
    = note: consult the function's documentation for information on how to avoid undefined behavior
    = note: for more information, see <https://doc.rust-lang.org/edition-guide/rust-2024/unsafe-op-in-unsafe-fn.html>

warning[E0133]: call to unsafe function `am::page::write_chunks` is unsafe and requires unsafe block
   --> src/am/page/ivf.rs:974:9
    |
974 |         write_chunks(rel, &sq8_codes[i]);
    |         ^^^^^^^^^^^^^^^^^^^^^^^^^^^^^^^^ call to unsafe function
    |
    = note: consult the function's documentation for information on how to avoid undefined behavior
    = note: for more information, see <https://doc.rust-lang.org/edition-guide/rust-2024/unsafe-op-in-unsafe-fn.html>

warning[E0133]: call to unsafe function `am::page::read_page_item` is unsafe and requires unsafe block
   --> src/am/page/ivf.rs:981:13
    |
981 |     let m = read_page_item(rel, 0)?;
    |             ^^^^^^^^^^^^^^^^^^^^^^ call to unsafe function
    |
    = note: consult the function's documentation for information on how to avoid undefined behavior
note: an unsafe function restricts its caller, but its body is safe by default
   --> src/am/page/ivf.rs:978:1
    |
978 | / pub(crate) unsafe fn read_ivf_aq_meta_split_sq8(
979 | |     rel: pg_sys::Relation,
980 | | ) -> Result<IvfAqMetaV6, String> {
    | |________________________________^
    = note: for more information, see <https://doc.rust-lang.org/edition-guide/rust-2024/unsafe-op-in-unsafe-fn.html>

warning[E0133]: call to unsafe function `am::page::read_chunked` is unsafe and requires unsafe block
    --> src/am/page/ivf.rs:1000:18
     |
1000 |     let dbytes = read_chunked(rel, gen_base, dir_npages)?;
     |                  ^^^^^^^^^^^^^^^^^^^^^^^^^^^^^^^^^^^^^^^ call to unsafe function
     |
     = note: consult the function's documentation for information on how to avoid undefined behavior
     = note: for more information, see <https://doc.rust-lang.org/edition-guide/rust-2024/unsafe-op-in-unsafe-fn.html>

warning[E0133]: call to unsafe function `am::page::read_chunked` is unsafe and requires unsafe block
    --> src/am/page/ivf.rs:1015:23
     |
1015 |     let aq_codebook = read_chunked(rel, gen_base + dir_npages, aq_codebook_npages)?;
     |                       ^^^^^^^^^^^^^^^^^^^^^^^^^^^^^^^^^^^^^^^^^^^^^^^^^^^^^^^^^^^^ call to unsafe function
     |
     = note: consult the function's documentation for information on how to avoid undefined behavior
     = note: for more information, see <https://doc.rust-lang.org/edition-guide/rust-2024/unsafe-op-in-unsafe-fn.html>

warning[E0133]: call to unsafe function `am::page::read_chunked` is unsafe and requires unsafe block
    --> src/am/page/ivf.rs:1017:9
     |
1017 |         read_chunked(rel, gen_base + dir_npages + aq_codebook_npages, sq8_codebook_npages)?;
     |         ^^^^^^^^^^^^^^^^^^^^^^^^^^^^^^^^^^^^^^^^^^^^^^^^^^^^^^^^^^^^^^^^^^^^^^^^^^^^^^^^^^ call to unsafe function
     |
     = note: consult the function's documentation for information on how to avoid undefined behavior
     = note: for more information, see <https://doc.rust-lang.org/edition-guide/rust-2024/unsafe-op-in-unsafe-fn.html>

warning[E0133]: call to unsafe function `am::page::read_chunked` is unsafe and requires unsafe block
    --> src/am/page/ivf.rs:1018:18
     |
1018 |       let cbytes = read_chunked(
     |  __________________^
1019 | |         rel,
1020 | |         gen_base + dir_npages + aq_codebook_npages + sq8_codebook_npages,
1021 | |         centroid_npages,
1022 | |     )?;
     | |_____^ call to unsafe function
     |
     = note: consult the function's documentation for information on how to avoid undefined behavior
     = note: for more information, see <https://doc.rust-lang.org/edition-guide/rust-2024/unsafe-op-in-unsafe-fn.html>

warning[E0133]: call to unsafe function `am::page::write_item` is unsafe and requires unsafe block
    --> src/am/page/ivf.rs:1102:5
     |
1102 |     write_item(rel, &meta);
     |     ^^^^^^^^^^^^^^^^^^^^^^ call to unsafe function
     |
     = note: consult the function's documentation for information on how to avoid undefined behavior
note: an unsafe function restricts its caller, but its body is safe by default
    --> src/am/page/ivf.rs:1042:1
     |
1042 | / pub(crate) unsafe fn write_ivf_aq_split_rabitq(
1043 | |     rel: pg_sys::Relation,
1044 | |     dim: u32,
1045 | |     metric_tag: u8,
...    |
1053 | |     rabitq_codes: &[Vec<u8>],
1054 | | ) {
     | |_^
     = note: for more information, see <https://doc.rust-lang.org/edition-guide/rust-2024/unsafe-op-in-unsafe-fn.html>

warning[E0133]: call to unsafe function `am::page::write_chunks` is unsafe and requires unsafe block
    --> src/am/page/ivf.rs:1103:5
     |
1103 |     write_chunks(rel, &dirbytes);
     |     ^^^^^^^^^^^^^^^^^^^^^^^^^^^^ call to unsafe function
     |
     = note: consult the function's documentation for information on how to avoid undefined behavior
     = note: for more information, see <https://doc.rust-lang.org/edition-guide/rust-2024/unsafe-op-in-unsafe-fn.html>

warning[E0133]: call to unsafe function `am::page::write_chunks` is unsafe and requires unsafe block
    --> src/am/page/ivf.rs:1104:5
     |
1104 |     write_chunks(rel, aq_codebook);
     |     ^^^^^^^^^^^^^^^^^^^^^^^^^^^^^^ call to unsafe function
     |
     = note: consult the function's documentation for information on how to avoid undefined behavior
     = note: for more information, see <https://doc.rust-lang.org/edition-guide/rust-2024/unsafe-op-in-unsafe-fn.html>

warning[E0133]: call to unsafe function `am::page::write_chunks` is unsafe and requires unsafe block
    --> src/am/page/ivf.rs:1105:5
     |
1105 |     write_chunks(rel, rabitq_codebook);
     |     ^^^^^^^^^^^^^^^^^^^^^^^^^^^^^^^^^^ call to unsafe function
     |
     = note: consult the function's documentation for information on how to avoid undefined behavior
     = note: for more information, see <https://doc.rust-lang.org/edition-guide/rust-2024/unsafe-op-in-unsafe-fn.html>

warning[E0133]: call to unsafe function `am::page::write_chunks` is unsafe and requires unsafe block
    --> src/am/page/ivf.rs:1106:5
     |
1106 |     write_chunks(rel, &cbytes);
     |     ^^^^^^^^^^^^^^^^^^^^^^^^^^ call to unsafe function
     |
     = note: consult the function's documentation for information on how to avoid undefined behavior
     = note: for more information, see <https://doc.rust-lang.org/edition-guide/rust-2024/unsafe-op-in-unsafe-fn.html>

warning[E0133]: call to unsafe function `am::page::write_chunks` is unsafe and requires unsafe block
    --> src/am/page/ivf.rs:1113:9
     |
1113 |         write_chunks(rel, &ecode);
     |         ^^^^^^^^^^^^^^^^^^^^^^^^^ call to unsafe function
     |
     = note: consult the function's documentation for information on how to avoid undefined behavior
     = note: for more information, see <https://doc.rust-lang.org/edition-guide/rust-2024/unsafe-op-in-unsafe-fn.html>

warning[E0133]: call to unsafe function `am::page::write_chunks` is unsafe and requires unsafe block
    --> src/am/page/ivf.rs:1115:9
     |
1115 |         write_chunks(rel, &rabitq_codes[i]);
     |         ^^^^^^^^^^^^^^^^^^^^^^^^^^^^^^^^^^^ call to unsafe function
     |
     = note: consult the function's documentation for information on how to avoid undefined behavior
     = note: for more information, see <https://doc.rust-lang.org/edition-guide/rust-2024/unsafe-op-in-unsafe-fn.html>

warning[E0133]: call to unsafe function `am::page::read_page_item` is unsafe and requires unsafe block
    --> src/am/page/ivf.rs:1122:13
     |
1122 |     let m = read_page_item(rel, 0)?;
     |             ^^^^^^^^^^^^^^^^^^^^^^ call to unsafe function
     |
     = note: consult the function's documentation for information on how to avoid undefined behavior
note: an unsafe function restricts its caller, but its body is safe by default
    --> src/am/page/ivf.rs:1119:1
     |
1119 | / pub(crate) unsafe fn read_ivf_aq_meta_split_rabitq(
1120 | |     rel: pg_sys::Relation,
1121 | | ) -> Result<IvfAqMetaV8, String> {
     | |________________________________^
     = note: for more information, see <https://doc.rust-lang.org/edition-guide/rust-2024/unsafe-op-in-unsafe-fn.html>

warning[E0133]: call to unsafe function `am::page::read_chunked` is unsafe and requires unsafe block
    --> src/am/page/ivf.rs:1141:18
     |
1141 |     let dbytes = read_chunked(rel, gen_base, dir_npages)?;
     |                  ^^^^^^^^^^^^^^^^^^^^^^^^^^^^^^^^^^^^^^^ call to unsafe function
     |
     = note: consult the function's documentation for information on how to avoid undefined behavior
     = note: for more information, see <https://doc.rust-lang.org/edition-guide/rust-2024/unsafe-op-in-unsafe-fn.html>

warning[E0133]: call to unsafe function `am::page::read_chunked` is unsafe and requires unsafe block
    --> src/am/page/ivf.rs:1156:23
     |
1156 |     let aq_codebook = read_chunked(rel, gen_base + dir_npages, aq_codebook_npages)?;
     |                       ^^^^^^^^^^^^^^^^^^^^^^^^^^^^^^^^^^^^^^^^^^^^^^^^^^^^^^^^^^^^ call to unsafe function
     |
     = note: consult the function's documentation for information on how to avoid undefined behavior
     = note: for more information, see <https://doc.rust-lang.org/edition-guide/rust-2024/unsafe-op-in-unsafe-fn.html>

warning[E0133]: call to unsafe function `am::page::read_chunked` is unsafe and requires unsafe block
    --> src/am/page/ivf.rs:1158:9
     |
1158 |         read_chunked(rel, gen_base + dir_npages + aq_codebook_npages, rabitq_codebook_npages)?;
     |         ^^^^^^^^^^^^^^^^^^^^^^^^^^^^^^^^^^^^^^^^^^^^^^^^^^^^^^^^^^^^^^^^^^^^^^^^^^^^^^^^^^^^^ call to unsafe function
     |
     = note: consult the function's documentation for information on how to avoid undefined behavior
     = note: for more information, see <https://doc.rust-lang.org/edition-guide/rust-2024/unsafe-op-in-unsafe-fn.html>

warning[E0133]: call to unsafe function `am::page::read_chunked` is unsafe and requires unsafe block
    --> src/am/page/ivf.rs:1159:18
     |
1159 |       let cbytes = read_chunked(
     |  __________________^
1160 | |         rel,
1161 | |         gen_base + dir_npages + aq_codebook_npages + rabitq_codebook_npages,
1162 | |         centroid_npages,
1163 | |     )?;
     | |_____^ call to unsafe function
     |
     = note: consult the function's documentation for information on how to avoid undefined behavior
     = note: for more information, see <https://doc.rust-lang.org/edition-guide/rust-2024/unsafe-op-in-unsafe-fn.html>

warning[E0133]: call to unsafe function `am::page::read_chunked` is unsafe and requires unsafe block
    --> src/am/page/ivf.rs:1187:5
     |
1187 |     read_chunked(rel, first_block, npages)
     |     ^^^^^^^^^^^^^^^^^^^^^^^^^^^^^^^^^^^^^^ call to unsafe function
     |
     = note: consult the function's documentation for information on how to avoid undefined behavior
note: an unsafe function restricts its caller, but its body is safe by default
    --> src/am/page/ivf.rs:1182:1
     |
1182 | / pub(crate) unsafe fn read_ivf_list_bytes(
1183 | |     rel: pg_sys::Relation,
1184 | |     first_block: u32,
1185 | |     npages: u32,
1186 | | ) -> Result<Vec<u8>, String> {
     | |____________________________^
     = note: for more information, see <https://doc.rust-lang.org/edition-guide/rust-2024/unsafe-op-in-unsafe-fn.html>

warning[E0133]: call to unsafe function `am::page::read_chunked` is unsafe and requires unsafe block
    --> src/am/page/ivf.rs:1199:17
     |
1199 |     let bytes = read_chunked(rel, first_block, npages)?;
     |                 ^^^^^^^^^^^^^^^^^^^^^^^^^^^^^^^^^^^^^^ call to unsafe function
     |
     = note: consult the function's documentation for information on how to avoid undefined behavior
note: an unsafe function restricts its caller, but its body is safe by default
    --> src/am/page/ivf.rs:1192:1
     |
1192 | / pub(crate) unsafe fn read_ivf_list(
1193 | |     rel: pg_sys::Relation,
1194 | |     first_block: u32,
1195 | |     npages: u32,
1196 | |     count: u32,
1197 | |     dim: u32,
1198 | | ) -> Result<Vec<(i64, Vec<f32>)>, String> {
     | |_________________________________________^
     = note: for more information, see <https://doc.rust-lang.org/edition-guide/rust-2024/unsafe-op-in-unsafe-fn.html>

warning[E0133]: call to unsafe function `am::page::extend_page_with_item` is unsafe and requires unsafe block
  --> src/am/page/mod.rs:44:5
   |
44 |     extend_page_with_item(rel, fork, &meta);
   |     ^^^^^^^^^^^^^^^^^^^^^^^^^^^^^^^^^^^^^^^ call to unsafe function
   |
   = note: consult the function's documentation for information on how to avoid undefined behavior
note: an unsafe function restricts its caller, but its body is safe by default
  --> src/am/page/mod.rs:32:1
   |
32 | / pub(crate) unsafe fn write_blob(
33 | |     rel: pg_sys::Relation,
34 | |     fork: pg_sys::ForkNumber::Type,
35 | |     blob: &[u8],
36 | | ) {
   | |_^
   = note: for more information, see <https://doc.rust-lang.org/edition-guide/rust-2024/unsafe-op-in-unsafe-fn.html>

warning[E0133]: call to unsafe function `am::page::extend_page_with_item` is unsafe and requires unsafe block
  --> src/am/page/mod.rs:47:9
   |
47 |         extend_page_with_item(rel, fork, &[]);
   |         ^^^^^^^^^^^^^^^^^^^^^^^^^^^^^^^^^^^^^ call to unsafe function
   |
   = note: consult the function's documentation for information on how to avoid undefined behavior
   = note: for more information, see <https://doc.rust-lang.org/edition-guide/rust-2024/unsafe-op-in-unsafe-fn.html>

warning[E0133]: call to unsafe function `am::page::extend_page_with_item` is unsafe and requires unsafe block
  --> src/am/page/mod.rs:50:13
   |
50 |             extend_page_with_item(rel, fork, chunk);
   |             ^^^^^^^^^^^^^^^^^^^^^^^^^^^^^^^^^^^^^^^ call to unsafe function
   |
   = note: consult the function's documentation for information on how to avoid undefined behavior
   = note: for more information, see <https://doc.rust-lang.org/edition-guide/rust-2024/unsafe-op-in-unsafe-fn.html>

warning[E0133]: call to unsafe function `pgrx::pg_sys::RelationGetNumberOfBlocksInFork` is unsafe and requires unsafe block
  --> src/am/page/mod.rs:61:19
   |
61 |     let nblocks = pg_sys::RelationGetNumberOfBlocksInFork(rel, pg_sys::ForkNumber::MAIN_FORKNUM);
   |                   ^^^^^^^^^^^^^^^^^^^^^^^^^^^^^^^^^^^^^^^^^^^^^^^^^^^^^^^^^^^^^^^^^^^^^^^^^^^^^^ call to unsafe function
   |
   = note: consult the function's documentation for information on how to avoid undefined behavior
note: an unsafe function restricts its caller, but its body is safe by default
  --> src/am/page/mod.rs:60:1
   |
60 | pub(crate) unsafe fn read_blob(rel: pg_sys::Relation) -> Result<Vec<u8>, String> {
   | ^^^^^^^^^^^^^^^^^^^^^^^^^^^^^^^^^^^^^^^^^^^^^^^^^^^^^^^^^^^^^^^^^^^^^^^^^^^^^^^^
   = note: for more information, see <https://doc.rust-lang.org/edition-guide/rust-2024/unsafe-op-in-unsafe-fn.html>

warning[E0133]: call to unsafe function `am::page::read_page_item` is unsafe and requires unsafe block
  --> src/am/page/mod.rs:65:16
   |
65 |     let meta = read_page_item(rel, 0)?;
   |                ^^^^^^^^^^^^^^^^^^^^^^ call to unsafe function
   |
   = note: consult the function's documentation for information on how to avoid undefined behavior
   = note: for more information, see <https://doc.rust-lang.org/edition-guide/rust-2024/unsafe-op-in-unsafe-fn.html>

warning[E0133]: call to unsafe function `am::page::read_page_item_into` is unsafe and requires unsafe block
  --> src/am/page/mod.rs:83:9
   |
83 |         read_page_item_into(rel, i as pg_sys::BlockNumber, &mut blob)?;
   |         ^^^^^^^^^^^^^^^^^^^^^^^^^^^^^^^^^^^^^^^^^^^^^^^^^^^^^^^^^^^^^ call to unsafe function
   |
   = note: consult the function's documentation for information on how to avoid undefined behavior
   = note: for more information, see <https://doc.rust-lang.org/edition-guide/rust-2024/unsafe-op-in-unsafe-fn.html>

warning[E0133]: call to unsafe function `pgrx::pg_sys::LockRelationForExtension` is unsafe and requires unsafe block
   --> src/am/page/mod.rs:103:5
    |
103 |     pg_sys::LockRelationForExtension(rel, pg_sys::ExclusiveLock as pg_sys::LOCKMODE);
    |     ^^^^^^^^^^^^^^^^^^^^^^^^^^^^^^^^^^^^^^^^^^^^^^^^^^^^^^^^^^^^^^^^^^^^^^^^^^^^^^^^ call to unsafe function
    |
    = note: consult the function's documentation for information on how to avoid undefined behavior
note: an unsafe function restricts its caller, but its body is safe by default
   --> src/am/page/mod.rs:96:1
    |
 96 | / pub(crate) unsafe fn extend_page_with_item(
 97 | |     rel: pg_sys::Relation,
 98 | |     fork: pg_sys::ForkNumber::Type,
 99 | |     data: &[u8],
100 | | ) -> pg_sys::BlockNumber {
    | |________________________^
    = note: for more information, see <https://doc.rust-lang.org/edition-guide/rust-2024/unsafe-op-in-unsafe-fn.html>

warning[E0133]: call to unsafe function `pgrx::pg_sys::ReadBufferExtended` is unsafe and requires unsafe block
   --> src/am/page/mod.rs:104:15
    |
104 |       let buf = pg_sys::ReadBufferExtended(
    |  _______________^
105 | |         rel,
106 | |         fork,
107 | |         pg_sys::InvalidBlockNumber, // == P_NEW: extend by one page
108 | |         pg_sys::ReadBufferMode::RBM_NORMAL,
109 | |         std::ptr::null_mut(),
110 | |     );
    | |_____^ call to unsafe function
    |
    = note: consult the function's documentation for information on how to avoid undefined behavior
    = note: for more information, see <https://doc.rust-lang.org/edition-guide/rust-2024/unsafe-op-in-unsafe-fn.html>

warning[E0133]: call to unsafe function `pgrx::pg_sys::LockBuffer` is unsafe and requires unsafe block
   --> src/am/page/mod.rs:111:5
    |
111 |     pg_sys::LockBuffer(buf, pg_sys::BUFFER_LOCK_EXCLUSIVE as i32);
    |     ^^^^^^^^^^^^^^^^^^^^^^^^^^^^^^^^^^^^^^^^^^^^^^^^^^^^^^^^^^^^^ call to unsafe function
    |
    = note: consult the function's documentation for information on how to avoid undefined behavior
    = note: for more information, see <https://doc.rust-lang.org/edition-guide/rust-2024/unsafe-op-in-unsafe-fn.html>

warning[E0133]: call to unsafe function `pgrx::pg_sys::UnlockRelationForExtension` is unsafe and requires unsafe block
   --> src/am/page/mod.rs:112:5
    |
112 |     pg_sys::UnlockRelationForExtension(rel, pg_sys::ExclusiveLock as pg_sys::LOCKMODE);
    |     ^^^^^^^^^^^^^^^^^^^^^^^^^^^^^^^^^^^^^^^^^^^^^^^^^^^^^^^^^^^^^^^^^^^^^^^^^^^^^^^^^^ call to unsafe function
    |
    = note: consult the function's documentation for information on how to avoid undefined behavior
    = note: for more information, see <https://doc.rust-lang.org/edition-guide/rust-2024/unsafe-op-in-unsafe-fn.html>

warning[E0133]: call to unsafe function `pgrx::pg_sys::GenericXLogStart` is unsafe and requires unsafe block
   --> src/am/page/mod.rs:114:17
    |
114 |     let state = pg_sys::GenericXLogStart(rel);
    |                 ^^^^^^^^^^^^^^^^^^^^^^^^^^^^^ call to unsafe function
    |
    = note: consult the function's documentation for information on how to avoid undefined behavior
    = note: for more information, see <https://doc.rust-lang.org/edition-guide/rust-2024/unsafe-op-in-unsafe-fn.html>

warning[E0133]: call to unsafe function `pgrx::pg_sys::GenericXLogRegisterBuffer` is unsafe and requires unsafe block
   --> src/am/page/mod.rs:115:16
    |
115 |     let page = pg_sys::GenericXLogRegisterBuffer(state, buf, 0);
    |                ^^^^^^^^^^^^^^^^^^^^^^^^^^^^^^^^^^^^^^^^^^^^^^^^ call to unsafe function
    |
    = note: consult the function's documentation for information on how to avoid undefined behavior
    = note: for more information, see <https://doc.rust-lang.org/edition-guide/rust-2024/unsafe-op-in-unsafe-fn.html>

warning[E0133]: call to unsafe function `pgrx::pg_sys::PageInit` is unsafe and requires unsafe block
   --> src/am/page/mod.rs:116:5
    |
116 |     pg_sys::PageInit(page, pg_sys::BLCKSZ as usize, 0);
    |     ^^^^^^^^^^^^^^^^^^^^^^^^^^^^^^^^^^^^^^^^^^^^^^^^^^ call to unsafe function
    |
    = note: consult the function's documentation for information on how to avoid undefined behavior
    = note: for more information, see <https://doc.rust-lang.org/edition-guide/rust-2024/unsafe-op-in-unsafe-fn.html>

warning[E0133]: call to unsafe function `pgrx::pg_sys::PageAddItemExtended` is unsafe and requires unsafe block
   --> src/am/page/mod.rs:117:15
    |
117 |       let off = pg_sys::PageAddItemExtended(
    |  _______________^
118 | |         page,
119 | |         data.as_ptr() as pg_sys::Item,
120 | |         data.len(),
121 | |         pg_sys::InvalidOffsetNumber,
122 | |         0,
123 | |     );
    | |_____^ call to unsafe function
    |
    = note: consult the function's documentation for information on how to avoid undefined behavior
    = note: for more information, see <https://doc.rust-lang.org/edition-guide/rust-2024/unsafe-op-in-unsafe-fn.html>

warning[E0133]: call to unsafe function `pgrx::pg_sys::BufferGetBlockNumber` is unsafe and requires unsafe block
   --> src/am/page/mod.rs:125:17
    |
125 |     let blkno = pg_sys::BufferGetBlockNumber(buf);
    |                 ^^^^^^^^^^^^^^^^^^^^^^^^^^^^^^^^^ call to unsafe function
    |
    = note: consult the function's documentation for information on how to avoid undefined behavior
    = note: for more information, see <https://doc.rust-lang.org/edition-guide/rust-2024/unsafe-op-in-unsafe-fn.html>

warning[E0133]: call to unsafe function `pgrx::pg_sys::MarkBufferDirty` is unsafe and requires unsafe block
   --> src/am/page/mod.rs:126:5
    |
126 |     pg_sys::MarkBufferDirty(buf);
    |     ^^^^^^^^^^^^^^^^^^^^^^^^^^^^ call to unsafe function
    |
    = note: consult the function's documentation for information on how to avoid undefined behavior
    = note: for more information, see <https://doc.rust-lang.org/edition-guide/rust-2024/unsafe-op-in-unsafe-fn.html>

warning[E0133]: call to unsafe function `pgrx::pg_sys::GenericXLogFinish` is unsafe and requires unsafe block
   --> src/am/page/mod.rs:127:5
    |
127 |     pg_sys::GenericXLogFinish(state);
    |     ^^^^^^^^^^^^^^^^^^^^^^^^^^^^^^^^ call to unsafe function
    |
    = note: consult the function's documentation for information on how to avoid undefined behavior
    = note: for more information, see <https://doc.rust-lang.org/edition-guide/rust-2024/unsafe-op-in-unsafe-fn.html>

warning[E0133]: call to unsafe function `pgrx::pg_sys::UnlockReleaseBuffer` is unsafe and requires unsafe block
   --> src/am/page/mod.rs:128:5
    |
128 |     pg_sys::UnlockReleaseBuffer(buf);
    |     ^^^^^^^^^^^^^^^^^^^^^^^^^^^^^^^^ call to unsafe function
    |
    = note: consult the function's documentation for information on how to avoid undefined behavior
    = note: for more information, see <https://doc.rust-lang.org/edition-guide/rust-2024/unsafe-op-in-unsafe-fn.html>

warning[E0133]: call to unsafe function `pgrx::pg_sys::RelationGetNumberOfBlocksInFork` is unsafe and requires unsafe block
   --> src/am/page/mod.rs:135:19
    |
135 |     let nblocks = pg_sys::RelationGetNumberOfBlocksInFork(rel, pg_sys::ForkNumber::MAIN_FORKNUM);
    |                   ^^^^^^^^^^^^^^^^^^^^^^^^^^^^^^^^^^^^^^^^^^^^^^^^^^^^^^^^^^^^^^^^^^^^^^^^^^^^^^ call to unsafe function
    |
    = note: consult the function's documentation for information on how to avoid undefined behavior
note: an unsafe function restricts its caller, but its body is safe by default
   --> src/am/page/mod.rs:134:1
    |
134 | unsafe fn pending_layout(rel: pg_sys::Relation) -> Result<(u32, u32), String> {
    | ^^^^^^^^^^^^^^^^^^^^^^^^^^^^^^^^^^^^^^^^^^^^^^^^^^^^^^^^^^^^^^^^^^^^^^^^^^^^^
    = note: for more information, see <https://doc.rust-lang.org/edition-guide/rust-2024/unsafe-op-in-unsafe-fn.html>

warning[E0133]: call to unsafe function `am::page::main_index_pages` is unsafe and requires unsafe block
   --> src/am/page/mod.rs:140:9
    |
140 |     Ok((main_index_pages(rel)?, nblocks))
    |         ^^^^^^^^^^^^^^^^^^^^^ call to unsafe function
    |
    = note: consult the function's documentation for information on how to avoid undefined behavior
    = note: for more information, see <https://doc.rust-lang.org/edition-guide/rust-2024/unsafe-op-in-unsafe-fn.html>

warning[E0133]: call to unsafe function `am::page::pending_layout` is unsafe and requires unsafe block
   --> src/am/page/mod.rs:148:11
    |
148 |     match pending_layout(rel) {
    |           ^^^^^^^^^^^^^^^^^^^ call to unsafe function
    |
    = note: consult the function's documentation for information on how to avoid undefined behavior
note: an unsafe function restricts its caller, but its body is safe by default
   --> src/am/page/mod.rs:147:1
    |
147 | pub(crate) unsafe fn pending_page_count(rel: pg_sys::Relation) -> u32 {
    | ^^^^^^^^^^^^^^^^^^^^^^^^^^^^^^^^^^^^^^^^^^^^^^^^^^^^^^^^^^^^^^^^^^^^^
    = note: for more information, see <https://doc.rust-lang.org/edition-guide/rust-2024/unsafe-op-in-unsafe-fn.html>

warning[E0133]: call to unsafe function `am::page::pending_layout` is unsafe and requires unsafe block
   --> src/am/page/mod.rs:178:29
    |
178 |     let (pstart, nblocks) = pending_layout(rel)?;
    |                             ^^^^^^^^^^^^^^^^^^^ call to unsafe function
    |
    = note: consult the function's documentation for information on how to avoid undefined behavior
note: an unsafe function restricts its caller, but its body is safe by default
   --> src/am/page/mod.rs:173:1
    |
173 | / pub(crate) unsafe fn append_pending(
174 | |     rel: pg_sys::Relation,
175 | |     tid: i64,
176 | |     vec: &[f32],
177 | | ) -> Result<(), String> {
    | |_______________________^
    = note: for more information, see <https://doc.rust-lang.org/edition-guide/rust-2024/unsafe-op-in-unsafe-fn.html>

warning[E0133]: call to unsafe function `am::page::try_add_to_page` is unsafe and requires unsafe block
   --> src/am/page/mod.rs:186:12
    |
186 |         if try_add_to_page(rel, last, &item) {
    |            ^^^^^^^^^^^^^^^^^^^^^^^^^^^^^^^^^ call to unsafe function
    |
    = note: consult the function's documentation for information on how to avoid undefined behavior
    = note: for more information, see <https://doc.rust-lang.org/edition-guide/rust-2024/unsafe-op-in-unsafe-fn.html>

warning[E0133]: call to unsafe function `am::page::extend_page_with_item` is unsafe and requires unsafe block
   --> src/am/page/mod.rs:191:5
    |
191 |     extend_page_with_item(rel, pg_sys::ForkNumber::MAIN_FORKNUM, &item);
    |     ^^^^^^^^^^^^^^^^^^^^^^^^^^^^^^^^^^^^^^^^^^^^^^^^^^^^^^^^^^^^^^^^^^^ call to unsafe function
    |
    = note: consult the function's documentation for information on how to avoid undefined behavior
    = note: for more information, see <https://doc.rust-lang.org/edition-guide/rust-2024/unsafe-op-in-unsafe-fn.html>

warning[E0133]: call to unsafe function `pgrx::pg_sys::ReadBufferExtended` is unsafe and requires unsafe block
   --> src/am/page/mod.rs:197:15
    |
197 |       let buf = pg_sys::ReadBufferExtended(
    |  _______________^
198 | |         rel,
199 | |         pg_sys::ForkNumber::MAIN_FORKNUM,
200 | |         block,
201 | |         pg_sys::ReadBufferMode::RBM_NORMAL,
202 | |         std::ptr::null_mut(),
203 | |     );
    | |_____^ call to unsafe function
    |
    = note: consult the function's documentation for information on how to avoid undefined behavior
note: an unsafe function restricts its caller, but its body is safe by default
   --> src/am/page/mod.rs:196:1
    |
196 | unsafe fn try_add_to_page(rel: pg_sys::Relation, block: pg_sys::BlockNumber, item: &[u8]) -> bool {
    | ^^^^^^^^^^^^^^^^^^^^^^^^^^^^^^^^^^^^^^^^^^^^^^^^^^^^^^^^^^^^^^^^^^^^^^^^^^^^^^^^^^^^^^^^^^^^^^^^^
    = note: for more information, see <https://doc.rust-lang.org/edition-guide/rust-2024/unsafe-op-in-unsafe-fn.html>

warning[E0133]: call to unsafe function `pgrx::pg_sys::LockBuffer` is unsafe and requires unsafe block
   --> src/am/page/mod.rs:204:5
    |
204 |     pg_sys::LockBuffer(buf, pg_sys::BUFFER_LOCK_EXCLUSIVE as i32);
    |     ^^^^^^^^^^^^^^^^^^^^^^^^^^^^^^^^^^^^^^^^^^^^^^^^^^^^^^^^^^^^^ call to unsafe function
    |
    = note: consult the function's documentation for information on how to avoid undefined behavior
    = note: for more information, see <https://doc.rust-lang.org/edition-guide/rust-2024/unsafe-op-in-unsafe-fn.html>

warning[E0133]: call to unsafe function `pgrx::pg_sys::GenericXLogStart` is unsafe and requires unsafe block
   --> src/am/page/mod.rs:205:17
    |
205 |     let state = pg_sys::GenericXLogStart(rel);
    |                 ^^^^^^^^^^^^^^^^^^^^^^^^^^^^^ call to unsafe function
    |
    = note: consult the function's documentation for information on how to avoid undefined behavior
    = note: for more information, see <https://doc.rust-lang.org/edition-guide/rust-2024/unsafe-op-in-unsafe-fn.html>

warning[E0133]: call to unsafe function `pgrx::pg_sys::GenericXLogRegisterBuffer` is unsafe and requires unsafe block
   --> src/am/page/mod.rs:206:16
    |
206 |     let page = pg_sys::GenericXLogRegisterBuffer(state, buf, 0);
    |                ^^^^^^^^^^^^^^^^^^^^^^^^^^^^^^^^^^^^^^^^^^^^^^^^ call to unsafe function
    |
    = note: consult the function's documentation for information on how to avoid undefined behavior
    = note: for more information, see <https://doc.rust-lang.org/edition-guide/rust-2024/unsafe-op-in-unsafe-fn.html>

warning[E0133]: call to unsafe function `pgrx::pg_sys::PageGetFreeSpace` is unsafe and requires unsafe block
   --> src/am/page/mod.rs:207:16
    |
207 |     let free = pg_sys::PageGetFreeSpace(page);
    |                ^^^^^^^^^^^^^^^^^^^^^^^^^^^^^^ call to unsafe function
    |
    = note: consult the function's documentation for information on how to avoid undefined behavior
    = note: for more information, see <https://doc.rust-lang.org/edition-guide/rust-2024/unsafe-op-in-unsafe-fn.html>

warning[E0133]: call to unsafe function `pgrx::pg_sys::GenericXLogAbort` is unsafe and requires unsafe block
   --> src/am/page/mod.rs:209:9
    |
209 |         pg_sys::GenericXLogAbort(state);
    |         ^^^^^^^^^^^^^^^^^^^^^^^^^^^^^^^ call to unsafe function
    |
    = note: consult the function's documentation for information on how to avoid undefined behavior
    = note: for more information, see <https://doc.rust-lang.org/edition-guide/rust-2024/unsafe-op-in-unsafe-fn.html>

warning[E0133]: call to unsafe function `pgrx::pg_sys::UnlockReleaseBuffer` is unsafe and requires unsafe block
   --> src/am/page/mod.rs:210:9
    |
210 |         pg_sys::UnlockReleaseBuffer(buf);
    |         ^^^^^^^^^^^^^^^^^^^^^^^^^^^^^^^^ call to unsafe function
    |
    = note: consult the function's documentation for information on how to avoid undefined behavior
    = note: for more information, see <https://doc.rust-lang.org/edition-guide/rust-2024/unsafe-op-in-unsafe-fn.html>

warning[E0133]: call to unsafe function `pgrx::pg_sys::PageAddItemExtended` is unsafe and requires unsafe block
   --> src/am/page/mod.rs:213:15
    |
213 |       let off = pg_sys::PageAddItemExtended(
    |  _______________^
214 | |         page,
215 | |         item.as_ptr() as pg_sys::Item,
216 | |         item.len(),
217 | |         pg_sys::InvalidOffsetNumber,
218 | |         0,
219 | |     );
    | |_____^ call to unsafe function
    |
    = note: consult the function's documentation for information on how to avoid undefined behavior
    = note: for more information, see <https://doc.rust-lang.org/edition-guide/rust-2024/unsafe-op-in-unsafe-fn.html>

warning[E0133]: call to unsafe function `pgrx::pg_sys::GenericXLogAbort` is unsafe and requires unsafe block
   --> src/am/page/mod.rs:221:9
    |
221 |         pg_sys::GenericXLogAbort(state);
    |         ^^^^^^^^^^^^^^^^^^^^^^^^^^^^^^^ call to unsafe function
    |
    = note: consult the function's documentation for information on how to avoid undefined behavior
    = note: for more information, see <https://doc.rust-lang.org/edition-guide/rust-2024/unsafe-op-in-unsafe-fn.html>

warning[E0133]: call to unsafe function `pgrx::pg_sys::UnlockReleaseBuffer` is unsafe and requires unsafe block
   --> src/am/page/mod.rs:222:9
    |
222 |         pg_sys::UnlockReleaseBuffer(buf);
    |         ^^^^^^^^^^^^^^^^^^^^^^^^^^^^^^^^ call to unsafe function
    |
    = note: consult the function's documentation for information on how to avoid undefined behavior
    = note: for more information, see <https://doc.rust-lang.org/edition-guide/rust-2024/unsafe-op-in-unsafe-fn.html>

warning[E0133]: call to unsafe function `pgrx::pg_sys::MarkBufferDirty` is unsafe and requires unsafe block
   --> src/am/page/mod.rs:225:5
    |
225 |     pg_sys::MarkBufferDirty(buf);
    |     ^^^^^^^^^^^^^^^^^^^^^^^^^^^^ call to unsafe function
    |
    = note: consult the function's documentation for information on how to avoid undefined behavior
    = note: for more information, see <https://doc.rust-lang.org/edition-guide/rust-2024/unsafe-op-in-unsafe-fn.html>

warning[E0133]: call to unsafe function `pgrx::pg_sys::GenericXLogFinish` is unsafe and requires unsafe block
   --> src/am/page/mod.rs:226:5
    |
226 |     pg_sys::GenericXLogFinish(state);
    |     ^^^^^^^^^^^^^^^^^^^^^^^^^^^^^^^^ call to unsafe function
    |
    = note: consult the function's documentation for information on how to avoid undefined behavior
    = note: for more information, see <https://doc.rust-lang.org/edition-guide/rust-2024/unsafe-op-in-unsafe-fn.html>

warning[E0133]: call to unsafe function `pgrx::pg_sys::UnlockReleaseBuffer` is unsafe and requires unsafe block
   --> src/am/page/mod.rs:227:5
    |
227 |     pg_sys::UnlockReleaseBuffer(buf);
    |     ^^^^^^^^^^^^^^^^^^^^^^^^^^^^^^^^ call to unsafe function
    |
    = note: consult the function's documentation for information on how to avoid undefined behavior
    = note: for more information, see <https://doc.rust-lang.org/edition-guide/rust-2024/unsafe-op-in-unsafe-fn.html>

warning[E0133]: call to unsafe function `am::page::pending_layout` is unsafe and requires unsafe block
   --> src/am/page/mod.rs:233:29
    |
233 |     let (pstart, nblocks) = pending_layout(rel)?;
    |                             ^^^^^^^^^^^^^^^^^^^ call to unsafe function
    |
    = note: consult the function's documentation for information on how to avoid undefined behavior
note: an unsafe function restricts its caller, but its body is safe by default
   --> src/am/page/mod.rs:232:1
    |
232 | pub(crate) unsafe fn read_pending(rel: pg_sys::Relation) -> Result<Vec<(i64, Vec<f32>)>, String> {
    | ^^^^^^^^^^^^^^^^^^^^^^^^^^^^^^^^^^^^^^^^^^^^^^^^^^^^^^^^^^^^^^^^^^^^^^^^^^^^^^^^^^^^^^^^^^^^^^^^
    = note: for more information, see <https://doc.rust-lang.org/edition-guide/rust-2024/unsafe-op-in-unsafe-fn.html>

warning[E0133]: call to unsafe function `am::page::read_all_page_items` is unsafe and requires unsafe block
   --> src/am/page/mod.rs:245:21
    |
245 |         for item in read_all_page_items(rel, block)? {
    |                     ^^^^^^^^^^^^^^^^^^^^^^^^^^^^^^^ call to unsafe function
    |
    = note: consult the function's documentation for information on how to avoid undefined behavior
    = note: for more information, see <https://doc.rust-lang.org/edition-guide/rust-2024/unsafe-op-in-unsafe-fn.html>

warning[E0133]: call to unsafe function `pgrx::pg_sys::ReadBufferExtended` is unsafe and requires unsafe block
   --> src/am/page/mod.rs:277:15
    |
277 |       let buf = pg_sys::ReadBufferExtended(
    |  _______________^
278 | |         rel,
279 | |         pg_sys::ForkNumber::MAIN_FORKNUM,
280 | |         block,
281 | |         pg_sys::ReadBufferMode::RBM_NORMAL,
282 | |         std::ptr::null_mut(),
283 | |     );
    | |_____^ call to unsafe function
    |
    = note: consult the function's documentation for information on how to avoid undefined behavior
note: an unsafe function restricts its caller, but its body is safe by default
   --> src/am/page/mod.rs:273:1
    |
273 | / pub(crate) unsafe fn read_all_page_items(
274 | |     rel: pg_sys::Relation,
275 | |     block: pg_sys::BlockNumber,
276 | | ) -> Result<Vec<Vec<u8>>, String> {
    | |_________________________________^
    = note: for more information, see <https://doc.rust-lang.org/edition-guide/rust-2024/unsafe-op-in-unsafe-fn.html>

warning[E0133]: call to unsafe function `pgrx::pg_sys::LockBuffer` is unsafe and requires unsafe block
   --> src/am/page/mod.rs:284:5
    |
284 |     pg_sys::LockBuffer(buf, pg_sys::BUFFER_LOCK_SHARE as i32);
    |     ^^^^^^^^^^^^^^^^^^^^^^^^^^^^^^^^^^^^^^^^^^^^^^^^^^^^^^^^^ call to unsafe function
    |
    = note: consult the function's documentation for information on how to avoid undefined behavior
    = note: for more information, see <https://doc.rust-lang.org/edition-guide/rust-2024/unsafe-op-in-unsafe-fn.html>

warning[E0133]: call to unsafe function `pgrx::pg_sys::BufferGetPage` is unsafe and requires unsafe block
   --> src/am/page/mod.rs:285:16
    |
285 |     let page = pg_sys::BufferGetPage(buf);
    |                ^^^^^^^^^^^^^^^^^^^^^^^^^^ call to unsafe function
    |
    = note: consult the function's documentation for information on how to avoid undefined behavior
    = note: for more information, see <https://doc.rust-lang.org/edition-guide/rust-2024/unsafe-op-in-unsafe-fn.html>

warning[E0133]: call to unsafe function `am::page::page_get_max_offset` is unsafe and requires unsafe block
   --> src/am/page/mod.rs:286:19
    |
286 |     let max_off = page_get_max_offset(page);
    |                   ^^^^^^^^^^^^^^^^^^^^^^^^^ call to unsafe function
    |
    = note: consult the function's documentation for information on how to avoid undefined behavior
    = note: for more information, see <https://doc.rust-lang.org/edition-guide/rust-2024/unsafe-op-in-unsafe-fn.html>

warning[E0133]: call to unsafe function `am::page::page_get_item_id` is unsafe and requires unsafe block
   --> src/am/page/mod.rs:289:23
    |
289 |         let item_id = page_get_item_id(page, off as pg_sys::OffsetNumber);
    |                       ^^^^^^^^^^^^^^^^^^^^^^^^^^^^^^^^^^^^^^^^^^^^^^^^^^^ call to unsafe function
    |
    = note: consult the function's documentation for information on how to avoid undefined behavior
    = note: for more information, see <https://doc.rust-lang.org/edition-guide/rust-2024/unsafe-op-in-unsafe-fn.html>

warning[E0133]: dereference of raw pointer is unsafe and requires unsafe block
   --> src/am/page/mod.rs:290:19
    |
290 |         let len = (*item_id).lp_len() as usize;
    |                   ^^^^^^^^^^ dereference of raw pointer
    |
    = note: raw pointers may be null, dangling or unaligned; they can violate aliasing rules and cause data races: all of these are undefined behavior
    = note: for more information, see <https://doc.rust-lang.org/edition-guide/rust-2024/unsafe-op-in-unsafe-fn.html>

warning[E0133]: call to unsafe function `am::page::page_get_item` is unsafe and requires unsafe block
   --> src/am/page/mod.rs:294:19
    |
294 |         let ptr = page_get_item(page, item_id) as *const u8;
    |                   ^^^^^^^^^^^^^^^^^^^^^^^^^^^^ call to unsafe function
    |
    = note: consult the function's documentation for information on how to avoid undefined behavior
    = note: for more information, see <https://doc.rust-lang.org/edition-guide/rust-2024/unsafe-op-in-unsafe-fn.html>

warning[E0133]: call to unsafe function `std::slice::from_raw_parts` is unsafe and requires unsafe block
   --> src/am/page/mod.rs:295:18
    |
295 |         out.push(std::slice::from_raw_parts(ptr, len).to_vec());
    |                  ^^^^^^^^^^^^^^^^^^^^^^^^^^^^^^^^^^^^ call to unsafe function
    |
    = note: consult the function's documentation for information on how to avoid undefined behavior
    = note: for more information, see <https://doc.rust-lang.org/edition-guide/rust-2024/unsafe-op-in-unsafe-fn.html>

warning[E0133]: call to unsafe function `pgrx::pg_sys::UnlockReleaseBuffer` is unsafe and requires unsafe block
   --> src/am/page/mod.rs:297:5
    |
297 |     pg_sys::UnlockReleaseBuffer(buf);
    |     ^^^^^^^^^^^^^^^^^^^^^^^^^^^^^^^^ call to unsafe function
    |
    = note: consult the function's documentation for information on how to avoid undefined behavior
    = note: for more information, see <https://doc.rust-lang.org/edition-guide/rust-2024/unsafe-op-in-unsafe-fn.html>

warning[E0133]: call to unsafe function `pgrx::pg_sys::ReadBufferExtended` is unsafe and requires unsafe block
   --> src/am/page/mod.rs:307:15
    |
307 |       let buf = pg_sys::ReadBufferExtended(
    |  _______________^
308 | |         rel,
309 | |         pg_sys::ForkNumber::MAIN_FORKNUM,
310 | |         block,
311 | |         pg_sys::ReadBufferMode::RBM_NORMAL,
312 | |         std::ptr::null_mut(),
313 | |     );
    | |_____^ call to unsafe function
    |
    = note: consult the function's documentation for information on how to avoid undefined behavior
note: an unsafe function restricts its caller, but its body is safe by default
   --> src/am/page/mod.rs:303:1
    |
303 | / pub(crate) unsafe fn read_all_page_items_with_off(
304 | |     rel: pg_sys::Relation,
305 | |     block: pg_sys::BlockNumber,
306 | | ) -> Result<Vec<(u16, Vec<u8>)>, String> {
    | |________________________________________^
    = note: for more information, see <https://doc.rust-lang.org/edition-guide/rust-2024/unsafe-op-in-unsafe-fn.html>

warning[E0133]: call to unsafe function `pgrx::pg_sys::LockBuffer` is unsafe and requires unsafe block
   --> src/am/page/mod.rs:314:5
    |
314 |     pg_sys::LockBuffer(buf, pg_sys::BUFFER_LOCK_SHARE as i32);
    |     ^^^^^^^^^^^^^^^^^^^^^^^^^^^^^^^^^^^^^^^^^^^^^^^^^^^^^^^^^ call to unsafe function
    |
    = note: consult the function's documentation for information on how to avoid undefined behavior
    = note: for more information, see <https://doc.rust-lang.org/edition-guide/rust-2024/unsafe-op-in-unsafe-fn.html>

warning[E0133]: call to unsafe function `pgrx::pg_sys::BufferGetPage` is unsafe and requires unsafe block
   --> src/am/page/mod.rs:315:16
    |
315 |     let page = pg_sys::BufferGetPage(buf);
    |                ^^^^^^^^^^^^^^^^^^^^^^^^^^ call to unsafe function
    |
    = note: consult the function's documentation for information on how to avoid undefined behavior
    = note: for more information, see <https://doc.rust-lang.org/edition-guide/rust-2024/unsafe-op-in-unsafe-fn.html>

warning[E0133]: call to unsafe function `am::page::page_get_max_offset` is unsafe and requires unsafe block
   --> src/am/page/mod.rs:316:19
    |
316 |     let max_off = page_get_max_offset(page);
    |                   ^^^^^^^^^^^^^^^^^^^^^^^^^ call to unsafe function
    |
    = note: consult the function's documentation for information on how to avoid undefined behavior
    = note: for more information, see <https://doc.rust-lang.org/edition-guide/rust-2024/unsafe-op-in-unsafe-fn.html>

warning[E0133]: call to unsafe function `am::page::page_get_item_id` is unsafe and requires unsafe block
   --> src/am/page/mod.rs:319:23
    |
319 |         let item_id = page_get_item_id(page, off as pg_sys::OffsetNumber);
    |                       ^^^^^^^^^^^^^^^^^^^^^^^^^^^^^^^^^^^^^^^^^^^^^^^^^^^ call to unsafe function
    |
    = note: consult the function's documentation for information on how to avoid undefined behavior
    = note: for more information, see <https://doc.rust-lang.org/edition-guide/rust-2024/unsafe-op-in-unsafe-fn.html>

warning[E0133]: dereference of raw pointer is unsafe and requires unsafe block
   --> src/am/page/mod.rs:320:19
    |
320 |         let len = (*item_id).lp_len() as usize;
    |                   ^^^^^^^^^^ dereference of raw pointer
    |
    = note: raw pointers may be null, dangling or unaligned; they can violate aliasing rules and cause data races: all of these are undefined behavior
    = note: for more information, see <https://doc.rust-lang.org/edition-guide/rust-2024/unsafe-op-in-unsafe-fn.html>

warning[E0133]: call to unsafe function `am::page::page_get_item` is unsafe and requires unsafe block
   --> src/am/page/mod.rs:324:19
    |
324 |         let ptr = page_get_item(page, item_id) as *const u8;
    |                   ^^^^^^^^^^^^^^^^^^^^^^^^^^^^ call to unsafe function
    |
    = note: consult the function's documentation for information on how to avoid undefined behavior
    = note: for more information, see <https://doc.rust-lang.org/edition-guide/rust-2024/unsafe-op-in-unsafe-fn.html>

warning[E0133]: call to unsafe function `std::slice::from_raw_parts` is unsafe and requires unsafe block
   --> src/am/page/mod.rs:325:31
    |
325 |         out.push((off as u16, std::slice::from_raw_parts(ptr, len).to_vec()));
    |                               ^^^^^^^^^^^^^^^^^^^^^^^^^^^^^^^^^^^^ call to unsafe function
    |
    = note: consult the function's documentation for information on how to avoid undefined behavior
    = note: for more information, see <https://doc.rust-lang.org/edition-guide/rust-2024/unsafe-op-in-unsafe-fn.html>

warning[E0133]: call to unsafe function `pgrx::pg_sys::UnlockReleaseBuffer` is unsafe and requires unsafe block
   --> src/am/page/mod.rs:327:5
    |
327 |     pg_sys::UnlockReleaseBuffer(buf);
    |     ^^^^^^^^^^^^^^^^^^^^^^^^^^^^^^^^ call to unsafe function
    |
    = note: consult the function's documentation for information on how to avoid undefined behavior
    = note: for more information, see <https://doc.rust-lang.org/edition-guide/rust-2024/unsafe-op-in-unsafe-fn.html>

warning[E0133]: call to unsafe function `pgrx::pg_sys::ReadBufferExtended` is unsafe and requires unsafe block
   --> src/am/page/mod.rs:341:15
    |
341 |       let buf = pg_sys::ReadBufferExtended(
    |  _______________^
342 | |         rel,
343 | |         pg_sys::ForkNumber::MAIN_FORKNUM,
344 | |         block,
345 | |         pg_sys::ReadBufferMode::RBM_NORMAL,
346 | |         std::ptr::null_mut(),
347 | |     );
    | |_____^ call to unsafe function
    |
    = note: consult the function's documentation for information on how to avoid undefined behavior
note: an unsafe function restricts its caller, but its body is safe by default
   --> src/am/page/mod.rs:336:1
    |
336 | / pub(crate) unsafe fn modify_items_under_wal(
337 | |     rel: pg_sys::Relation,
338 | |     block: pg_sys::BlockNumber,
339 | |     mut f: impl FnMut(&mut [u8]) -> bool,
340 | | ) -> u32 {
    | |________^
    = note: for more information, see <https://doc.rust-lang.org/edition-guide/rust-2024/unsafe-op-in-unsafe-fn.html>

warning[E0133]: call to unsafe function `pgrx::pg_sys::LockBuffer` is unsafe and requires unsafe block
   --> src/am/page/mod.rs:348:5
    |
348 |     pg_sys::LockBuffer(buf, pg_sys::BUFFER_LOCK_EXCLUSIVE as i32);
    |     ^^^^^^^^^^^^^^^^^^^^^^^^^^^^^^^^^^^^^^^^^^^^^^^^^^^^^^^^^^^^^ call to unsafe function
    |
    = note: consult the function's documentation for information on how to avoid undefined behavior
    = note: for more information, see <https://doc.rust-lang.org/edition-guide/rust-2024/unsafe-op-in-unsafe-fn.html>

warning[E0133]: call to unsafe function `pgrx::pg_sys::GenericXLogStart` is unsafe and requires unsafe block
   --> src/am/page/mod.rs:349:17
    |
349 |     let state = pg_sys::GenericXLogStart(rel);
    |                 ^^^^^^^^^^^^^^^^^^^^^^^^^^^^^ call to unsafe function
    |
    = note: consult the function's documentation for information on how to avoid undefined behavior
    = note: for more information, see <https://doc.rust-lang.org/edition-guide/rust-2024/unsafe-op-in-unsafe-fn.html>

warning[E0133]: call to unsafe function `pgrx::pg_sys::GenericXLogRegisterBuffer` is unsafe and requires unsafe block
   --> src/am/page/mod.rs:351:16
    |
351 |     let page = pg_sys::GenericXLogRegisterBuffer(state, buf, 0);
    |                ^^^^^^^^^^^^^^^^^^^^^^^^^^^^^^^^^^^^^^^^^^^^^^^^ call to unsafe function
    |
    = note: consult the function's documentation for information on how to avoid undefined behavior
    = note: for more information, see <https://doc.rust-lang.org/edition-guide/rust-2024/unsafe-op-in-unsafe-fn.html>

warning[E0133]: call to unsafe function `am::page::page_get_max_offset` is unsafe and requires unsafe block
   --> src/am/page/mod.rs:352:19
    |
352 |     let max_off = page_get_max_offset(page);
    |                   ^^^^^^^^^^^^^^^^^^^^^^^^^ call to unsafe function
    |
    = note: consult the function's documentation for information on how to avoid undefined behavior
    = note: for more information, see <https://doc.rust-lang.org/edition-guide/rust-2024/unsafe-op-in-unsafe-fn.html>

warning[E0133]: call to unsafe function `am::page::page_get_item_id` is unsafe and requires unsafe block
   --> src/am/page/mod.rs:355:23
    |
355 |         let item_id = page_get_item_id(page, off as pg_sys::OffsetNumber);
    |                       ^^^^^^^^^^^^^^^^^^^^^^^^^^^^^^^^^^^^^^^^^^^^^^^^^^^ call to unsafe function
    |
    = note: consult the function's documentation for information on how to avoid undefined behavior
    = note: for more information, see <https://doc.rust-lang.org/edition-guide/rust-2024/unsafe-op-in-unsafe-fn.html>

warning[E0133]: dereference of raw pointer is unsafe and requires unsafe block
   --> src/am/page/mod.rs:356:19
    |
356 |         let len = (*item_id).lp_len() as usize;
    |                   ^^^^^^^^^^ dereference of raw pointer
    |
    = note: raw pointers may be null, dangling or unaligned; they can violate aliasing rules and cause data races: all of these are undefined behavior
    = note: for more information, see <https://doc.rust-lang.org/edition-guide/rust-2024/unsafe-op-in-unsafe-fn.html>

warning[E0133]: call to unsafe function `am::page::page_get_item` is unsafe and requires unsafe block
   --> src/am/page/mod.rs:360:19
    |
360 |         let ptr = page_get_item(page, item_id) as *mut u8;
    |                   ^^^^^^^^^^^^^^^^^^^^^^^^^^^^ call to unsafe function
    |
    = note: consult the function's documentation for information on how to avoid undefined behavior
    = note: for more information, see <https://doc.rust-lang.org/edition-guide/rust-2024/unsafe-op-in-unsafe-fn.html>

warning[E0133]: call to unsafe function `std::slice::from_raw_parts_mut` is unsafe and requires unsafe block
   --> src/am/page/mod.rs:361:20
    |
361 |         let item = std::slice::from_raw_parts_mut(ptr, len);
    |                    ^^^^^^^^^^^^^^^^^^^^^^^^^^^^^^^^^^^^^^^^ call to unsafe function
    |
    = note: consult the function's documentation for information on how to avoid undefined behavior
    = note: for more information, see <https://doc.rust-lang.org/edition-guide/rust-2024/unsafe-op-in-unsafe-fn.html>

warning[E0133]: call to unsafe function `pgrx::pg_sys::MarkBufferDirty` is unsafe and requires unsafe block
   --> src/am/page/mod.rs:367:9
    |
367 |         pg_sys::MarkBufferDirty(buf);
    |         ^^^^^^^^^^^^^^^^^^^^^^^^^^^^ call to unsafe function
    |
    = note: consult the function's documentation for information on how to avoid undefined behavior
    = note: for more information, see <https://doc.rust-lang.org/edition-guide/rust-2024/unsafe-op-in-unsafe-fn.html>

warning[E0133]: call to unsafe function `pgrx::pg_sys::GenericXLogFinish` is unsafe and requires unsafe block
   --> src/am/page/mod.rs:368:9
    |
368 |         pg_sys::GenericXLogFinish(state);
    |         ^^^^^^^^^^^^^^^^^^^^^^^^^^^^^^^^ call to unsafe function
    |
    = note: consult the function's documentation for information on how to avoid undefined behavior
    = note: for more information, see <https://doc.rust-lang.org/edition-guide/rust-2024/unsafe-op-in-unsafe-fn.html>

warning[E0133]: call to unsafe function `pgrx::pg_sys::GenericXLogAbort` is unsafe and requires unsafe block
   --> src/am/page/mod.rs:370:9
    |
370 |         pg_sys::GenericXLogAbort(state);
    |         ^^^^^^^^^^^^^^^^^^^^^^^^^^^^^^^ call to unsafe function
    |
    = note: consult the function's documentation for information on how to avoid undefined behavior
    = note: for more information, see <https://doc.rust-lang.org/edition-guide/rust-2024/unsafe-op-in-unsafe-fn.html>

warning[E0133]: call to unsafe function `pgrx::pg_sys::UnlockReleaseBuffer` is unsafe and requires unsafe block
   --> src/am/page/mod.rs:372:5
    |
372 |     pg_sys::UnlockReleaseBuffer(buf);
    |     ^^^^^^^^^^^^^^^^^^^^^^^^^^^^^^^^ call to unsafe function
    |
    = note: consult the function's documentation for information on how to avoid undefined behavior
    = note: for more information, see <https://doc.rust-lang.org/edition-guide/rust-2024/unsafe-op-in-unsafe-fn.html>

warning[E0133]: call to unsafe function `pgrx::pg_sys::ReadBufferExtended` is unsafe and requires unsafe block
   --> src/am/page/mod.rs:386:15
    |
386 |       let buf = pg_sys::ReadBufferExtended(
    |  _______________^
387 | |         rel,
388 | |         pg_sys::ForkNumber::MAIN_FORKNUM,
389 | |         block,
390 | |         pg_sys::ReadBufferMode::RBM_NORMAL,
391 | |         std::ptr::null_mut(),
392 | |     );
    | |_____^ call to unsafe function
    |
    = note: consult the function's documentation for information on how to avoid undefined behavior
note: an unsafe function restricts its caller, but its body is safe by default
   --> src/am/page/mod.rs:380:1
    |
380 | / pub(crate) unsafe fn modify_item_at(
381 | |     rel: pg_sys::Relation,
382 | |     block: pg_sys::BlockNumber,
383 | |     off: u16,
384 | |     f: impl FnOnce(&mut [u8]) -> bool,
385 | | ) -> bool {
    | |_________^
    = note: for more information, see <https://doc.rust-lang.org/edition-guide/rust-2024/unsafe-op-in-unsafe-fn.html>

warning[E0133]: call to unsafe function `pgrx::pg_sys::LockBuffer` is unsafe and requires unsafe block
   --> src/am/page/mod.rs:393:5
    |
393 |     pg_sys::LockBuffer(buf, pg_sys::BUFFER_LOCK_EXCLUSIVE as i32);
    |     ^^^^^^^^^^^^^^^^^^^^^^^^^^^^^^^^^^^^^^^^^^^^^^^^^^^^^^^^^^^^^ call to unsafe function
    |
    = note: consult the function's documentation for information on how to avoid undefined behavior
    = note: for more information, see <https://doc.rust-lang.org/edition-guide/rust-2024/unsafe-op-in-unsafe-fn.html>

warning[E0133]: call to unsafe function `pgrx::pg_sys::GenericXLogStart` is unsafe and requires unsafe block
   --> src/am/page/mod.rs:394:17
    |
394 |     let state = pg_sys::GenericXLogStart(rel);
    |                 ^^^^^^^^^^^^^^^^^^^^^^^^^^^^^ call to unsafe function
    |
    = note: consult the function's documentation for information on how to avoid undefined behavior
    = note: for more information, see <https://doc.rust-lang.org/edition-guide/rust-2024/unsafe-op-in-unsafe-fn.html>

warning[E0133]: call to unsafe function `pgrx::pg_sys::GenericXLogRegisterBuffer` is unsafe and requires unsafe block
   --> src/am/page/mod.rs:395:16
    |
395 |     let page = pg_sys::GenericXLogRegisterBuffer(state, buf, 0);
    |                ^^^^^^^^^^^^^^^^^^^^^^^^^^^^^^^^^^^^^^^^^^^^^^^^ call to unsafe function
    |
    = note: consult the function's documentation for information on how to avoid undefined behavior
    = note: for more information, see <https://doc.rust-lang.org/edition-guide/rust-2024/unsafe-op-in-unsafe-fn.html>

warning[E0133]: call to unsafe function `am::page::page_get_item_id` is unsafe and requires unsafe block
   --> src/am/page/mod.rs:397:19
    |
397 |     let item_id = page_get_item_id(page, off as pg_sys::OffsetNumber);
    |                   ^^^^^^^^^^^^^^^^^^^^^^^^^^^^^^^^^^^^^^^^^^^^^^^^^^^ call to unsafe function
    |
    = note: consult the function's documentation for information on how to avoid undefined behavior
    = note: for more information, see <https://doc.rust-lang.org/edition-guide/rust-2024/unsafe-op-in-unsafe-fn.html>

warning[E0133]: dereference of raw pointer is unsafe and requires unsafe block
   --> src/am/page/mod.rs:398:15
    |
398 |     let len = (*item_id).lp_len() as usize;
    |               ^^^^^^^^^^ dereference of raw pointer
    |
    = note: raw pointers may be null, dangling or unaligned; they can violate aliasing rules and cause data races: all of these are undefined behavior
    = note: for more information, see <https://doc.rust-lang.org/edition-guide/rust-2024/unsafe-op-in-unsafe-fn.html>

warning[E0133]: call to unsafe function `am::page::page_get_item` is unsafe and requires unsafe block
   --> src/am/page/mod.rs:400:19
    |
400 |         let ptr = page_get_item(page, item_id) as *mut u8;
    |                   ^^^^^^^^^^^^^^^^^^^^^^^^^^^^ call to unsafe function
    |
    = note: consult the function's documentation for information on how to avoid undefined behavior
    = note: for more information, see <https://doc.rust-lang.org/edition-guide/rust-2024/unsafe-op-in-unsafe-fn.html>

warning[E0133]: call to unsafe function `std::slice::from_raw_parts_mut` is unsafe and requires unsafe block
   --> src/am/page/mod.rs:401:21
    |
401 |         changed = f(std::slice::from_raw_parts_mut(ptr, len));
    |                     ^^^^^^^^^^^^^^^^^^^^^^^^^^^^^^^^^^^^^^^^ call to unsafe function
    |
    = note: consult the function's documentation for information on how to avoid undefined behavior
    = note: for more information, see <https://doc.rust-lang.org/edition-guide/rust-2024/unsafe-op-in-unsafe-fn.html>

warning[E0133]: call to unsafe function `pgrx::pg_sys::MarkBufferDirty` is unsafe and requires unsafe block
   --> src/am/page/mod.rs:404:9
    |
404 |         pg_sys::MarkBufferDirty(buf);
    |         ^^^^^^^^^^^^^^^^^^^^^^^^^^^^ call to unsafe function
    |
    = note: consult the function's documentation for information on how to avoid undefined behavior
    = note: for more information, see <https://doc.rust-lang.org/edition-guide/rust-2024/unsafe-op-in-unsafe-fn.html>

warning[E0133]: call to unsafe function `pgrx::pg_sys::GenericXLogFinish` is unsafe and requires unsafe block
   --> src/am/page/mod.rs:405:9
    |
405 |         pg_sys::GenericXLogFinish(state);
    |         ^^^^^^^^^^^^^^^^^^^^^^^^^^^^^^^^ call to unsafe function
    |
    = note: consult the function's documentation for information on how to avoid undefined behavior
    = note: for more information, see <https://doc.rust-lang.org/edition-guide/rust-2024/unsafe-op-in-unsafe-fn.html>

warning[E0133]: call to unsafe function `pgrx::pg_sys::GenericXLogAbort` is unsafe and requires unsafe block
   --> src/am/page/mod.rs:407:9
    |
407 |         pg_sys::GenericXLogAbort(state);
    |         ^^^^^^^^^^^^^^^^^^^^^^^^^^^^^^^ call to unsafe function
    |
    = note: consult the function's documentation for information on how to avoid undefined behavior
    = note: for more information, see <https://doc.rust-lang.org/edition-guide/rust-2024/unsafe-op-in-unsafe-fn.html>

warning[E0133]: call to unsafe function `pgrx::pg_sys::UnlockReleaseBuffer` is unsafe and requires unsafe block
   --> src/am/page/mod.rs:409:5
    |
409 |     pg_sys::UnlockReleaseBuffer(buf);
    |     ^^^^^^^^^^^^^^^^^^^^^^^^^^^^^^^^ call to unsafe function
    |
    = note: consult the function's documentation for information on how to avoid undefined behavior
    = note: for more information, see <https://doc.rust-lang.org/edition-guide/rust-2024/unsafe-op-in-unsafe-fn.html>

warning[E0133]: call to unsafe function `pgrx::pg_sys::RelationGetNumberOfBlocksInFork` is unsafe and requires unsafe block
   --> src/am/page/mod.rs:427:19
    |
427 |     let nblocks = pg_sys::RelationGetNumberOfBlocksInFork(rel, pg_sys::ForkNumber::MAIN_FORKNUM);
    |                   ^^^^^^^^^^^^^^^^^^^^^^^^^^^^^^^^^^^^^^^^^^^^^^^^^^^^^^^^^^^^^^^^^^^^^^^^^^^^^^ call to unsafe function
    |
    = note: consult the function's documentation for information on how to avoid undefined behavior
note: an unsafe function restricts its caller, but its body is safe by default
   --> src/am/page/mod.rs:416:1
    |
416 | pub(crate) unsafe fn rewrite_blob(rel: pg_sys::Relation, blob: &[u8]) {
    | ^^^^^^^^^^^^^^^^^^^^^^^^^^^^^^^^^^^^^^^^^^^^^^^^^^^^^^^^^^^^^^^^^^^^^
    = note: for more information, see <https://doc.rust-lang.org/edition-guide/rust-2024/unsafe-op-in-unsafe-fn.html>

warning[E0133]: call to unsafe function `am::page::reinit_page_with_item` is unsafe and requires unsafe block
   --> src/am/page/mod.rs:440:13
    |
440 |             reinit_page_with_item(rel, b, data);
    |             ^^^^^^^^^^^^^^^^^^^^^^^^^^^^^^^^^^^ call to unsafe function
    |
    = note: consult the function's documentation for information on how to avoid undefined behavior
    = note: for more information, see <https://doc.rust-lang.org/edition-guide/rust-2024/unsafe-op-in-unsafe-fn.html>

warning[E0133]: call to unsafe function `am::page::extend_page_with_item` is unsafe and requires unsafe block
   --> src/am/page/mod.rs:442:13
    |
442 |             extend_page_with_item(rel, pg_sys::ForkNumber::MAIN_FORKNUM, data);
    |             ^^^^^^^^^^^^^^^^^^^^^^^^^^^^^^^^^^^^^^^^^^^^^^^^^^^^^^^^^^^^^^^^^^ call to unsafe function
    |
    = note: consult the function's documentation for information on how to avoid undefined behavior
    = note: for more information, see <https://doc.rust-lang.org/edition-guide/rust-2024/unsafe-op-in-unsafe-fn.html>

warning[E0133]: call to unsafe function `am::page::reinit_page_with_item` is unsafe and requires unsafe block
   --> src/am/page/mod.rs:447:9
    |
447 |         reinit_page_with_item(rel, b, &[]);
    |         ^^^^^^^^^^^^^^^^^^^^^^^^^^^^^^^^^^ call to unsafe function
    |
    = note: consult the function's documentation for information on how to avoid undefined behavior
    = note: for more information, see <https://doc.rust-lang.org/edition-guide/rust-2024/unsafe-op-in-unsafe-fn.html>

warning[E0133]: call to unsafe function `pgrx::pg_sys::ReadBufferExtended` is unsafe and requires unsafe block
   --> src/am/page/mod.rs:460:15
    |
460 |       let buf = pg_sys::ReadBufferExtended(
    |  _______________^
461 | |         rel,
462 | |         pg_sys::ForkNumber::MAIN_FORKNUM,
463 | |         block,
464 | |         pg_sys::ReadBufferMode::RBM_NORMAL,
465 | |         std::ptr::null_mut(),
466 | |     );
    | |_____^ call to unsafe function
    |
    = note: consult the function's documentation for information on how to avoid undefined behavior
note: an unsafe function restricts its caller, but its body is safe by default
   --> src/am/page/mod.rs:455:1
    |
455 | / pub(crate) unsafe fn reinit_page_with_items(
456 | |     rel: pg_sys::Relation,
457 | |     block: pg_sys::BlockNumber,
458 | |     items: &[Vec<u8>],
459 | | ) {
    | |_^
    = note: for more information, see <https://doc.rust-lang.org/edition-guide/rust-2024/unsafe-op-in-unsafe-fn.html>

warning[E0133]: call to unsafe function `pgrx::pg_sys::LockBuffer` is unsafe and requires unsafe block
   --> src/am/page/mod.rs:467:5
    |
467 |     pg_sys::LockBuffer(buf, pg_sys::BUFFER_LOCK_EXCLUSIVE as i32);
    |     ^^^^^^^^^^^^^^^^^^^^^^^^^^^^^^^^^^^^^^^^^^^^^^^^^^^^^^^^^^^^^ call to unsafe function
    |
    = note: consult the function's documentation for information on how to avoid undefined behavior
    = note: for more information, see <https://doc.rust-lang.org/edition-guide/rust-2024/unsafe-op-in-unsafe-fn.html>

warning[E0133]: call to unsafe function `pgrx::pg_sys::GenericXLogStart` is unsafe and requires unsafe block
   --> src/am/page/mod.rs:468:17
    |
468 |     let state = pg_sys::GenericXLogStart(rel);
    |                 ^^^^^^^^^^^^^^^^^^^^^^^^^^^^^ call to unsafe function
    |
    = note: consult the function's documentation for information on how to avoid undefined behavior
    = note: for more information, see <https://doc.rust-lang.org/edition-guide/rust-2024/unsafe-op-in-unsafe-fn.html>

warning[E0133]: call to unsafe function `pgrx::pg_sys::GenericXLogRegisterBuffer` is unsafe and requires unsafe block
   --> src/am/page/mod.rs:469:16
    |
469 |     let page = pg_sys::GenericXLogRegisterBuffer(state, buf, 0);
    |                ^^^^^^^^^^^^^^^^^^^^^^^^^^^^^^^^^^^^^^^^^^^^^^^^ call to unsafe function
    |
    = note: consult the function's documentation for information on how to avoid undefined behavior
    = note: for more information, see <https://doc.rust-lang.org/edition-guide/rust-2024/unsafe-op-in-unsafe-fn.html>

warning[E0133]: call to unsafe function `pgrx::pg_sys::PageInit` is unsafe and requires unsafe block
   --> src/am/page/mod.rs:470:5
    |
470 |     pg_sys::PageInit(page, pg_sys::BLCKSZ as usize, 0);
    |     ^^^^^^^^^^^^^^^^^^^^^^^^^^^^^^^^^^^^^^^^^^^^^^^^^^ call to unsafe function
    |
    = note: consult the function's documentation for information on how to avoid undefined behavior
    = note: for more information, see <https://doc.rust-lang.org/edition-guide/rust-2024/unsafe-op-in-unsafe-fn.html>

warning[E0133]: call to unsafe function `pgrx::pg_sys::PageAddItemExtended` is unsafe and requires unsafe block
   --> src/am/page/mod.rs:472:19
    |
472 |           let off = pg_sys::PageAddItemExtended(
    |  ___________________^
473 | |             page,
474 | |             it.as_ptr() as pg_sys::Item,
475 | |             it.len(),
476 | |             pg_sys::InvalidOffsetNumber,
477 | |             0,
478 | |         );
    | |_________^ call to unsafe function
    |
    = note: consult the function's documentation for information on how to avoid undefined behavior
    = note: for more information, see <https://doc.rust-lang.org/edition-guide/rust-2024/unsafe-op-in-unsafe-fn.html>

warning[E0133]: call to unsafe function `pgrx::pg_sys::MarkBufferDirty` is unsafe and requires unsafe block
   --> src/am/page/mod.rs:481:5
    |
481 |     pg_sys::MarkBufferDirty(buf);
    |     ^^^^^^^^^^^^^^^^^^^^^^^^^^^^ call to unsafe function
    |
    = note: consult the function's documentation for information on how to avoid undefined behavior
    = note: for more information, see <https://doc.rust-lang.org/edition-guide/rust-2024/unsafe-op-in-unsafe-fn.html>

warning[E0133]: call to unsafe function `pgrx::pg_sys::GenericXLogFinish` is unsafe and requires unsafe block
   --> src/am/page/mod.rs:482:5
    |
482 |     pg_sys::GenericXLogFinish(state);
    |     ^^^^^^^^^^^^^^^^^^^^^^^^^^^^^^^^ call to unsafe function
    |
    = note: consult the function's documentation for information on how to avoid undefined behavior
    = note: for more information, see <https://doc.rust-lang.org/edition-guide/rust-2024/unsafe-op-in-unsafe-fn.html>

warning[E0133]: call to unsafe function `pgrx::pg_sys::UnlockReleaseBuffer` is unsafe and requires unsafe block
   --> src/am/page/mod.rs:483:5
    |
483 |     pg_sys::UnlockReleaseBuffer(buf);
    |     ^^^^^^^^^^^^^^^^^^^^^^^^^^^^^^^^ call to unsafe function
    |
    = note: consult the function's documentation for information on how to avoid undefined behavior
    = note: for more information, see <https://doc.rust-lang.org/edition-guide/rust-2024/unsafe-op-in-unsafe-fn.html>

warning[E0133]: call to unsafe function `pgrx::pg_sys::ReadBufferExtended` is unsafe and requires unsafe block
   --> src/am/page/mod.rs:490:15
    |
490 |       let buf = pg_sys::ReadBufferExtended(
    |  _______________^
491 | |         rel,
492 | |         pg_sys::ForkNumber::MAIN_FORKNUM,
493 | |         0,
494 | |         pg_sys::ReadBufferMode::RBM_NORMAL,
495 | |         std::ptr::null_mut(),
496 | |     );
    | |_____^ call to unsafe function
    |
    = note: consult the function's documentation for information on how to avoid undefined behavior
note: an unsafe function restricts its caller, but its body is safe by default
   --> src/am/page/mod.rs:489:1
    |
489 | pub(crate) unsafe fn pivot_meta_page(rel: pg_sys::Relation, meta: &[u8]) {
    | ^^^^^^^^^^^^^^^^^^^^^^^^^^^^^^^^^^^^^^^^^^^^^^^^^^^^^^^^^^^^^^^^^^^^^^^^
    = note: for more information, see <https://doc.rust-lang.org/edition-guide/rust-2024/unsafe-op-in-unsafe-fn.html>

warning[E0133]: call to unsafe function `pgrx::pg_sys::LockBuffer` is unsafe and requires unsafe block
   --> src/am/page/mod.rs:497:5
    |
497 |     pg_sys::LockBuffer(buf, pg_sys::BUFFER_LOCK_EXCLUSIVE as i32);
    |     ^^^^^^^^^^^^^^^^^^^^^^^^^^^^^^^^^^^^^^^^^^^^^^^^^^^^^^^^^^^^^ call to unsafe function
    |
    = note: consult the function's documentation for information on how to avoid undefined behavior
    = note: for more information, see <https://doc.rust-lang.org/edition-guide/rust-2024/unsafe-op-in-unsafe-fn.html>

warning[E0133]: call to unsafe function `pgrx::pg_sys::GenericXLogStart` is unsafe and requires unsafe block
   --> src/am/page/mod.rs:498:17
    |
498 |     let state = pg_sys::GenericXLogStart(rel);
    |                 ^^^^^^^^^^^^^^^^^^^^^^^^^^^^^ call to unsafe function
    |
    = note: consult the function's documentation for information on how to avoid undefined behavior
    = note: for more information, see <https://doc.rust-lang.org/edition-guide/rust-2024/unsafe-op-in-unsafe-fn.html>

warning[E0133]: call to unsafe function `pgrx::pg_sys::GenericXLogRegisterBuffer` is unsafe and requires unsafe block
   --> src/am/page/mod.rs:500:9
    |
500 |         pg_sys::GenericXLogRegisterBuffer(state, buf, pg_sys::GENERIC_XLOG_FULL_IMAGE as i32);
    |         ^^^^^^^^^^^^^^^^^^^^^^^^^^^^^^^^^^^^^^^^^^^^^^^^^^^^^^^^^^^^^^^^^^^^^^^^^^^^^^^^^^^^^ call to unsafe function
    |
    = note: consult the function's documentation for information on how to avoid undefined behavior
    = note: for more information, see <https://doc.rust-lang.org/edition-guide/rust-2024/unsafe-op-in-unsafe-fn.html>

warning[E0133]: call to unsafe function `pgrx::pg_sys::PageInit` is unsafe and requires unsafe block
   --> src/am/page/mod.rs:501:5
    |
501 |     pg_sys::PageInit(page, pg_sys::BLCKSZ as usize, 0);
    |     ^^^^^^^^^^^^^^^^^^^^^^^^^^^^^^^^^^^^^^^^^^^^^^^^^^ call to unsafe function
    |
    = note: consult the function's documentation for information on how to avoid undefined behavior
    = note: for more information, see <https://doc.rust-lang.org/edition-guide/rust-2024/unsafe-op-in-unsafe-fn.html>

warning[E0133]: call to unsafe function `pgrx::pg_sys::PageAddItemExtended` is unsafe and requires unsafe block
   --> src/am/page/mod.rs:502:15
    |
502 |       let off = pg_sys::PageAddItemExtended(
    |  _______________^
503 | |         page,
504 | |         meta.as_ptr() as pg_sys::Item,
505 | |         meta.len(),
506 | |         pg_sys::InvalidOffsetNumber,
507 | |         0,
508 | |     );
    | |_____^ call to unsafe function
    |
    = note: consult the function's documentation for information on how to avoid undefined behavior
    = note: for more information, see <https://doc.rust-lang.org/edition-guide/rust-2024/unsafe-op-in-unsafe-fn.html>

warning[E0133]: call to unsafe function `pgrx::pg_sys::MarkBufferDirty` is unsafe and requires unsafe block
   --> src/am/page/mod.rs:510:5
    |
510 |     pg_sys::MarkBufferDirty(buf);
    |     ^^^^^^^^^^^^^^^^^^^^^^^^^^^^ call to unsafe function
    |
    = note: consult the function's documentation for information on how to avoid undefined behavior
    = note: for more information, see <https://doc.rust-lang.org/edition-guide/rust-2024/unsafe-op-in-unsafe-fn.html>

warning[E0133]: call to unsafe function `pgrx::pg_sys::GenericXLogFinish` is unsafe and requires unsafe block
   --> src/am/page/mod.rs:511:5
    |
511 |     pg_sys::GenericXLogFinish(state);
    |     ^^^^^^^^^^^^^^^^^^^^^^^^^^^^^^^^ call to unsafe function
    |
    = note: consult the function's documentation for information on how to avoid undefined behavior
    = note: for more information, see <https://doc.rust-lang.org/edition-guide/rust-2024/unsafe-op-in-unsafe-fn.html>

warning[E0133]: call to unsafe function `pgrx::pg_sys::UnlockReleaseBuffer` is unsafe and requires unsafe block
   --> src/am/page/mod.rs:512:5
    |
512 |     pg_sys::UnlockReleaseBuffer(buf);
    |     ^^^^^^^^^^^^^^^^^^^^^^^^^^^^^^^^ call to unsafe function
    |
    = note: consult the function's documentation for information on how to avoid undefined behavior
    = note: for more information, see <https://doc.rust-lang.org/edition-guide/rust-2024/unsafe-op-in-unsafe-fn.html>

warning[E0133]: call to unsafe function `pgrx::pg_sys::ReadBufferExtended` is unsafe and requires unsafe block
   --> src/am/page/mod.rs:516:15
    |
516 |       let buf = pg_sys::ReadBufferExtended(
    |  _______________^
517 | |         rel,
518 | |         pg_sys::ForkNumber::MAIN_FORKNUM,
519 | |         block,
520 | |         pg_sys::ReadBufferMode::RBM_NORMAL,
521 | |         std::ptr::null_mut(),
522 | |     );
    | |_____^ call to unsafe function
    |
    = note: consult the function's documentation for information on how to avoid undefined behavior
note: an unsafe function restricts its caller, but its body is safe by default
   --> src/am/page/mod.rs:515:1
    |
515 | unsafe fn reinit_page_with_item(rel: pg_sys::Relation, block: pg_sys::BlockNumber, data: &[u8]) {
    | ^^^^^^^^^^^^^^^^^^^^^^^^^^^^^^^^^^^^^^^^^^^^^^^^^^^^^^^^^^^^^^^^^^^^^^^^^^^^^^^^^^^^^^^^^^^^^^^
    = note: for more information, see <https://doc.rust-lang.org/edition-guide/rust-2024/unsafe-op-in-unsafe-fn.html>

warning[E0133]: call to unsafe function `pgrx::pg_sys::LockBuffer` is unsafe and requires unsafe block
   --> src/am/page/mod.rs:523:5
    |
523 |     pg_sys::LockBuffer(buf, pg_sys::BUFFER_LOCK_EXCLUSIVE as i32);
    |     ^^^^^^^^^^^^^^^^^^^^^^^^^^^^^^^^^^^^^^^^^^^^^^^^^^^^^^^^^^^^^ call to unsafe function
    |
    = note: consult the function's documentation for information on how to avoid undefined behavior
    = note: for more information, see <https://doc.rust-lang.org/edition-guide/rust-2024/unsafe-op-in-unsafe-fn.html>

warning[E0133]: call to unsafe function `pgrx::pg_sys::GenericXLogStart` is unsafe and requires unsafe block
   --> src/am/page/mod.rs:524:17
    |
524 |     let state = pg_sys::GenericXLogStart(rel);
    |                 ^^^^^^^^^^^^^^^^^^^^^^^^^^^^^ call to unsafe function
    |
    = note: consult the function's documentation for information on how to avoid undefined behavior
    = note: for more information, see <https://doc.rust-lang.org/edition-guide/rust-2024/unsafe-op-in-unsafe-fn.html>

warning[E0133]: call to unsafe function `pgrx::pg_sys::GenericXLogRegisterBuffer` is unsafe and requires unsafe block
   --> src/am/page/mod.rs:525:16
    |
525 |     let page = pg_sys::GenericXLogRegisterBuffer(state, buf, 0);
    |                ^^^^^^^^^^^^^^^^^^^^^^^^^^^^^^^^^^^^^^^^^^^^^^^^ call to unsafe function
    |
    = note: consult the function's documentation for information on how to avoid undefined behavior
    = note: for more information, see <https://doc.rust-lang.org/edition-guide/rust-2024/unsafe-op-in-unsafe-fn.html>

warning[E0133]: call to unsafe function `pgrx::pg_sys::PageInit` is unsafe and requires unsafe block
   --> src/am/page/mod.rs:526:5
    |
526 |     pg_sys::PageInit(page, pg_sys::BLCKSZ as usize, 0);
    |     ^^^^^^^^^^^^^^^^^^^^^^^^^^^^^^^^^^^^^^^^^^^^^^^^^^ call to unsafe function
    |
    = note: consult the function's documentation for information on how to avoid undefined behavior
    = note: for more information, see <https://doc.rust-lang.org/edition-guide/rust-2024/unsafe-op-in-unsafe-fn.html>

warning[E0133]: call to unsafe function `pgrx::pg_sys::PageAddItemExtended` is unsafe and requires unsafe block
   --> src/am/page/mod.rs:528:19
    |
528 |           let off = pg_sys::PageAddItemExtended(
    |  ___________________^
529 | |             page,
530 | |             data.as_ptr() as pg_sys::Item,
531 | |             data.len(),
532 | |             pg_sys::InvalidOffsetNumber,
533 | |             0,
534 | |         );
    | |_________^ call to unsafe function
    |
    = note: consult the function's documentation for information on how to avoid undefined behavior
    = note: for more information, see <https://doc.rust-lang.org/edition-guide/rust-2024/unsafe-op-in-unsafe-fn.html>

warning[E0133]: call to unsafe function `pgrx::pg_sys::MarkBufferDirty` is unsafe and requires unsafe block
   --> src/am/page/mod.rs:537:5
    |
537 |     pg_sys::MarkBufferDirty(buf);
    |     ^^^^^^^^^^^^^^^^^^^^^^^^^^^^ call to unsafe function
    |
    = note: consult the function's documentation for information on how to avoid undefined behavior
    = note: for more information, see <https://doc.rust-lang.org/edition-guide/rust-2024/unsafe-op-in-unsafe-fn.html>

warning[E0133]: call to unsafe function `pgrx::pg_sys::GenericXLogFinish` is unsafe and requires unsafe block
   --> src/am/page/mod.rs:538:5
    |
538 |     pg_sys::GenericXLogFinish(state);
    |     ^^^^^^^^^^^^^^^^^^^^^^^^^^^^^^^^ call to unsafe function
    |
    = note: consult the function's documentation for information on how to avoid undefined behavior
    = note: for more information, see <https://doc.rust-lang.org/edition-guide/rust-2024/unsafe-op-in-unsafe-fn.html>

warning[E0133]: call to unsafe function `pgrx::pg_sys::UnlockReleaseBuffer` is unsafe and requires unsafe block
   --> src/am/page/mod.rs:539:5
    |
539 |     pg_sys::UnlockReleaseBuffer(buf);
    |     ^^^^^^^^^^^^^^^^^^^^^^^^^^^^^^^^ call to unsafe function
    |
    = note: consult the function's documentation for information on how to avoid undefined behavior
    = note: for more information, see <https://doc.rust-lang.org/edition-guide/rust-2024/unsafe-op-in-unsafe-fn.html>

warning[E0133]: call to unsafe function `pgrx::pg_sys::RelationGetNumberOfBlocksInFork` is unsafe and requires unsafe block
   --> src/am/page/mod.rs:552:19
    |
552 |     let nblocks = pg_sys::RelationGetNumberOfBlocksInFork(rel, pg_sys::ForkNumber::MAIN_FORKNUM);
    |                   ^^^^^^^^^^^^^^^^^^^^^^^^^^^^^^^^^^^^^^^^^^^^^^^^^^^^^^^^^^^^^^^^^^^^^^^^^^^^^^ call to unsafe function
    |
    = note: consult the function's documentation for information on how to avoid undefined behavior
note: an unsafe function restricts its caller, but its body is safe by default
   --> src/am/page/mod.rs:551:1
    |
551 | pub(crate) unsafe fn peek_magic(rel: pg_sys::Relation) -> Result<u32, String> {
    | ^^^^^^^^^^^^^^^^^^^^^^^^^^^^^^^^^^^^^^^^^^^^^^^^^^^^^^^^^^^^^^^^^^^^^^^^^^^^^
    = note: for more information, see <https://doc.rust-lang.org/edition-guide/rust-2024/unsafe-op-in-unsafe-fn.html>

warning[E0133]: call to unsafe function `am::page::read_page_item` is unsafe and requires unsafe block
   --> src/am/page/mod.rs:556:13
    |
556 |     let m = read_page_item(rel, 0)?;
    |             ^^^^^^^^^^^^^^^^^^^^^^ call to unsafe function
    |
    = note: consult the function's documentation for information on how to avoid undefined behavior
    = note: for more information, see <https://doc.rust-lang.org/edition-guide/rust-2024/unsafe-op-in-unsafe-fn.html>

warning[E0133]: call to unsafe function `am::page::read_chunked` is unsafe and requires unsafe block
   --> src/am/page/mod.rs:587:19
    |
587 |     let dbytes4 = read_chunked(rel, gen_base4, dir_npages4)?;
    |                   ^^^^^^^^^^^^^^^^^^^^^^^^^^^^^^^^^^^^^^^^^ call to unsafe function
    |
    = note: consult the function's documentation for information on how to avoid undefined behavior
note: an unsafe function restricts its caller, but its body is safe by default
   --> src/am/page/mod.rs:578:1
    |
578 | unsafe fn pending_start_v4(rel: pg_sys::Relation, m: &[u8]) -> Result<u32, String> {
    | ^^^^^^^^^^^^^^^^^^^^^^^^^^^^^^^^^^^^^^^^^^^^^^^^^^^^^^^^^^^^^^^^^^^^^^^^^^^^^^^^^^
    = note: for more information, see <https://doc.rust-lang.org/edition-guide/rust-2024/unsafe-op-in-unsafe-fn.html>

warning[E0133]: call to unsafe function `am::page::read_chunked` is unsafe and requires unsafe block
   --> src/am/page/mod.rs:614:19
    |
614 |     let dbytes5 = read_chunked(rel, gen_base5, dir_npages5)?;
    |                   ^^^^^^^^^^^^^^^^^^^^^^^^^^^^^^^^^^^^^^^^^ call to unsafe function
    |
    = note: consult the function's documentation for information on how to avoid undefined behavior
note: an unsafe function restricts its caller, but its body is safe by default
   --> src/am/page/mod.rs:605:1
    |
605 | unsafe fn pending_start_v5_v7(rel: pg_sys::Relation, m: &[u8]) -> Result<u32, String> {
    | ^^^^^^^^^^^^^^^^^^^^^^^^^^^^^^^^^^^^^^^^^^^^^^^^^^^^^^^^^^^^^^^^^^^^^^^^^^^^^^^^^^^^^
    = note: for more information, see <https://doc.rust-lang.org/edition-guide/rust-2024/unsafe-op-in-unsafe-fn.html>

warning[E0133]: call to unsafe function `am::page::read_chunked` is unsafe and requires unsafe block
   --> src/am/page/mod.rs:646:19
    |
646 |     let dbytes6 = read_chunked(rel, gen_base6, dir_npages6)?;
    |                   ^^^^^^^^^^^^^^^^^^^^^^^^^^^^^^^^^^^^^^^^^ call to unsafe function
    |
    = note: consult the function's documentation for information on how to avoid undefined behavior
note: an unsafe function restricts its caller, but its body is safe by default
   --> src/am/page/mod.rs:636:1
    |
636 | unsafe fn pending_start_v6_v8(rel: pg_sys::Relation, m: &[u8]) -> Result<u32, String> {
    | ^^^^^^^^^^^^^^^^^^^^^^^^^^^^^^^^^^^^^^^^^^^^^^^^^^^^^^^^^^^^^^^^^^^^^^^^^^^^^^^^^^^^^
    = note: for more information, see <https://doc.rust-lang.org/edition-guide/rust-2024/unsafe-op-in-unsafe-fn.html>

warning[E0133]: call to unsafe function `am::page::read_chunked` is unsafe and requires unsafe block
   --> src/am/page/mod.rs:687:18
    |
687 |     let dbytes = read_chunked(rel, gen_base, dir_npages)?;
    |                  ^^^^^^^^^^^^^^^^^^^^^^^^^^^^^^^^^^^^^^^ call to unsafe function
    |
    = note: consult the function's documentation for information on how to avoid undefined behavior
note: an unsafe function restricts its caller, but its body is safe by default
   --> src/am/page/mod.rs:668:1
    |
668 | unsafe fn pending_start_v2_v3(rel: pg_sys::Relation, m: &[u8], ver: u32) -> Result<u32, String> {
    | ^^^^^^^^^^^^^^^^^^^^^^^^^^^^^^^^^^^^^^^^^^^^^^^^^^^^^^^^^^^^^^^^^^^^^^^^^^^^^^^^^^^^^^^^^^^^^^^
    = note: for more information, see <https://doc.rust-lang.org/edition-guide/rust-2024/unsafe-op-in-unsafe-fn.html>

warning[E0133]: call to unsafe function `am::page::read_page_item` is unsafe and requires unsafe block
   --> src/am/page/mod.rs:700:13
    |
700 |     let m = read_page_item(rel, 0)?;
    |             ^^^^^^^^^^^^^^^^^^^^^^ call to unsafe function
    |
    = note: consult the function's documentation for information on how to avoid undefined behavior
note: an unsafe function restricts its caller, but its body is safe by default
   --> src/am/page/mod.rs:699:1
    |
699 | unsafe fn main_index_pages(rel: pg_sys::Relation) -> Result<u32, String> {
    | ^^^^^^^^^^^^^^^^^^^^^^^^^^^^^^^^^^^^^^^^^^^^^^^^^^^^^^^^^^^^^^^^^^^^^^^^
    = note: for more information, see <https://doc.rust-lang.org/edition-guide/rust-2024/unsafe-op-in-unsafe-fn.html>

warning[E0133]: call to unsafe function `am::page::pending_start_v4` is unsafe and requires unsafe block
   --> src/am/page/mod.rs:713:18
    |
713 |             4 => pending_start_v4(rel, &m),
    |                  ^^^^^^^^^^^^^^^^^^^^^^^^^ call to unsafe function
    |
    = note: consult the function's documentation for information on how to avoid undefined behavior
    = note: for more information, see <https://doc.rust-lang.org/edition-guide/rust-2024/unsafe-op-in-unsafe-fn.html>

warning[E0133]: call to unsafe function `am::page::pending_start_v5_v7` is unsafe and requires unsafe block
   --> src/am/page/mod.rs:714:22
    |
714 |             5 | 7 => pending_start_v5_v7(rel, &m),
    |                      ^^^^^^^^^^^^^^^^^^^^^^^^^^^^ call to unsafe function
    |
    = note: consult the function's documentation for information on how to avoid undefined behavior
    = note: for more information, see <https://doc.rust-lang.org/edition-guide/rust-2024/unsafe-op-in-unsafe-fn.html>

warning[E0133]: call to unsafe function `am::page::pending_start_v6_v8` is unsafe and requires unsafe block
   --> src/am/page/mod.rs:715:22
    |
715 |             6 | 8 => pending_start_v6_v8(rel, &m),
    |                      ^^^^^^^^^^^^^^^^^^^^^^^^^^^^ call to unsafe function
    |
    = note: consult the function's documentation for information on how to avoid undefined behavior
    = note: for more information, see <https://doc.rust-lang.org/edition-guide/rust-2024/unsafe-op-in-unsafe-fn.html>

warning[E0133]: call to unsafe function `am::page::pending_start_v2_v3` is unsafe and requires unsafe block
   --> src/am/page/mod.rs:716:18
    |
716 |             _ => pending_start_v2_v3(rel, &m, ver),
    |                  ^^^^^^^^^^^^^^^^^^^^^^^^^^^^^^^^^ call to unsafe function
    |
    = note: consult the function's documentation for information on how to avoid undefined behavior
    = note: for more information, see <https://doc.rust-lang.org/edition-guide/rust-2024/unsafe-op-in-unsafe-fn.html>

warning[E0133]: call to unsafe function `am::page::read_page_item_into` is unsafe and requires unsafe block
   --> src/am/page/mod.rs:753:9
    |
753 |         read_page_item_into(rel, b, &mut out)?;
    |         ^^^^^^^^^^^^^^^^^^^^^^^^^^^^^^^^^^^^^ call to unsafe function
    |
    = note: consult the function's documentation for information on how to avoid undefined behavior
note: an unsafe function restricts its caller, but its body is safe by default
   --> src/am/page/mod.rs:744:1
    |
744 | / pub(crate) unsafe fn read_chunked(
745 | |     rel: pg_sys::Relation,
746 | |     first_block: u32,
747 | |     npages: u32,
748 | | ) -> Result<Vec<u8>, String> {
    | |____________________________^
    = note: for more information, see <https://doc.rust-lang.org/edition-guide/rust-2024/unsafe-op-in-unsafe-fn.html>

warning[E0133]: call to unsafe function `am::page::extend_page_with_item` is unsafe and requires unsafe block
   --> src/am/page/mod.rs:782:5
    |
782 |     extend_page_with_item(rel, pg_sys::ForkNumber::MAIN_FORKNUM, data);
    |     ^^^^^^^^^^^^^^^^^^^^^^^^^^^^^^^^^^^^^^^^^^^^^^^^^^^^^^^^^^^^^^^^^^ call to unsafe function
    |
    = note: consult the function's documentation for information on how to avoid undefined behavior
note: an unsafe function restricts its caller, but its body is safe by default
   --> src/am/page/mod.rs:781:1
    |
781 | unsafe fn write_item(rel: pg_sys::Relation, data: &[u8]) {
    | ^^^^^^^^^^^^^^^^^^^^^^^^^^^^^^^^^^^^^^^^^^^^^^^^^^^^^^^^
    = note: for more information, see <https://doc.rust-lang.org/edition-guide/rust-2024/unsafe-op-in-unsafe-fn.html>

warning[E0133]: call to unsafe function `am::page::write_item` is unsafe and requires unsafe block
   --> src/am/page/mod.rs:790:9
    |
790 |         write_item(rel, &[]);
    |         ^^^^^^^^^^^^^^^^^^^^ call to unsafe function
    |
    = note: consult the function's documentation for information on how to avoid undefined behavior
note: an unsafe function restricts its caller, but its body is safe by default
   --> src/am/page/mod.rs:788:1
    |
788 | unsafe fn write_chunks(rel: pg_sys::Relation, data: &[u8]) {
    | ^^^^^^^^^^^^^^^^^^^^^^^^^^^^^^^^^^^^^^^^^^^^^^^^^^^^^^^^^^
    = note: for more information, see <https://doc.rust-lang.org/edition-guide/rust-2024/unsafe-op-in-unsafe-fn.html>

warning[E0133]: call to unsafe function `am::page::write_item` is unsafe and requires unsafe block
   --> src/am/page/mod.rs:793:13
    |
793 |             write_item(rel, chunk);
    |             ^^^^^^^^^^^^^^^^^^^^^^ call to unsafe function
    |
    = note: consult the function's documentation for information on how to avoid undefined behavior
    = note: for more information, see <https://doc.rust-lang.org/edition-guide/rust-2024/unsafe-op-in-unsafe-fn.html>

warning[E0133]: call to unsafe function `am::page::read_page_item_into` is unsafe and requires unsafe block
   --> src/am/page/mod.rs:814:5
    |
814 |     read_page_item_into(rel, block, &mut out)?;
    |     ^^^^^^^^^^^^^^^^^^^^^^^^^^^^^^^^^^^^^^^^^ call to unsafe function
    |
    = note: consult the function's documentation for information on how to avoid undefined behavior
note: an unsafe function restricts its caller, but its body is safe by default
   --> src/am/page/mod.rs:809:1
    |
809 | / unsafe fn read_page_item(
810 | |     rel: pg_sys::Relation,
811 | |     block: pg_sys::BlockNumber,
812 | | ) -> Result<Vec<u8>, String> {
    | |____________________________^
    = note: for more information, see <https://doc.rust-lang.org/edition-guide/rust-2024/unsafe-op-in-unsafe-fn.html>

warning[E0133]: call to unsafe function `pgrx::pg_sys::RelationGetNumberOfBlocksInFork` is unsafe and requires unsafe block
   --> src/am/page/mod.rs:832:19
    |
832 |     let nblocks = pg_sys::RelationGetNumberOfBlocksInFork(rel, pg_sys::ForkNumber::MAIN_FORKNUM);
    |                   ^^^^^^^^^^^^^^^^^^^^^^^^^^^^^^^^^^^^^^^^^^^^^^^^^^^^^^^^^^^^^^^^^^^^^^^^^^^^^^ call to unsafe function
    |
    = note: consult the function's documentation for information on how to avoid undefined behavior
note: an unsafe function restricts its caller, but its body is safe by default
   --> src/am/page/mod.rs:823:1
    |
823 | / unsafe fn read_page_item_into(
824 | |     rel: pg_sys::Relation,
825 | |     block: pg_sys::BlockNumber,
826 | |     out: &mut Vec<u8>,
827 | | ) -> Result<(), String> {
    | |_______________________^
    = note: for more information, see <https://doc.rust-lang.org/edition-guide/rust-2024/unsafe-op-in-unsafe-fn.html>

warning[E0133]: call to unsafe function `pgrx::pg_sys::ReadBufferExtended` is unsafe and requires unsafe block
   --> src/am/page/mod.rs:836:15
    |
836 |       let buf = pg_sys::ReadBufferExtended(
    |  _______________^
837 | |         rel,
838 | |         pg_sys::ForkNumber::MAIN_FORKNUM,
839 | |         block,
840 | |         pg_sys::ReadBufferMode::RBM_NORMAL,
841 | |         std::ptr::null_mut(),
842 | |     );
    | |_____^ call to unsafe function
    |
    = note: consult the function's documentation for information on how to avoid undefined behavior
    = note: for more information, see <https://doc.rust-lang.org/edition-guide/rust-2024/unsafe-op-in-unsafe-fn.html>

warning[E0133]: call to unsafe function `pgrx::pg_sys::LockBuffer` is unsafe and requires unsafe block
   --> src/am/page/mod.rs:843:5
    |
843 |     pg_sys::LockBuffer(buf, pg_sys::BUFFER_LOCK_SHARE as i32);
    |     ^^^^^^^^^^^^^^^^^^^^^^^^^^^^^^^^^^^^^^^^^^^^^^^^^^^^^^^^^ call to unsafe function
    |
    = note: consult the function's documentation for information on how to avoid undefined behavior
    = note: for more information, see <https://doc.rust-lang.org/edition-guide/rust-2024/unsafe-op-in-unsafe-fn.html>

warning[E0133]: call to unsafe function `pgrx::pg_sys::BufferGetPage` is unsafe and requires unsafe block
   --> src/am/page/mod.rs:844:16
    |
844 |     let page = pg_sys::BufferGetPage(buf);
    |                ^^^^^^^^^^^^^^^^^^^^^^^^^^ call to unsafe function
    |
    = note: consult the function's documentation for information on how to avoid undefined behavior
    = note: for more information, see <https://doc.rust-lang.org/edition-guide/rust-2024/unsafe-op-in-unsafe-fn.html>

warning[E0133]: call to unsafe function `am::page::page_get_max_offset` is unsafe and requires unsafe block
   --> src/am/page/mod.rs:845:19
    |
845 |     let max_off = page_get_max_offset(page);
    |                   ^^^^^^^^^^^^^^^^^^^^^^^^^ call to unsafe function
    |
    = note: consult the function's documentation for information on how to avoid undefined behavior
    = note: for more information, see <https://doc.rust-lang.org/edition-guide/rust-2024/unsafe-op-in-unsafe-fn.html>

warning[E0133]: call to unsafe function `pgrx::pg_sys::UnlockReleaseBuffer` is unsafe and requires unsafe block
   --> src/am/page/mod.rs:847:9
    |
847 |         pg_sys::UnlockReleaseBuffer(buf);
    |         ^^^^^^^^^^^^^^^^^^^^^^^^^^^^^^^^ call to unsafe function
    |
    = note: consult the function's documentation for information on how to avoid undefined behavior
    = note: for more information, see <https://doc.rust-lang.org/edition-guide/rust-2024/unsafe-op-in-unsafe-fn.html>

warning[E0133]: call to unsafe function `am::page::page_get_item_id` is unsafe and requires unsafe block
   --> src/am/page/mod.rs:850:19
    |
850 |     let item_id = page_get_item_id(page, 1);
    |                   ^^^^^^^^^^^^^^^^^^^^^^^^^ call to unsafe function
    |
    = note: consult the function's documentation for information on how to avoid undefined behavior
    = note: for more information, see <https://doc.rust-lang.org/edition-guide/rust-2024/unsafe-op-in-unsafe-fn.html>

warning[E0133]: dereference of raw pointer is unsafe and requires unsafe block
   --> src/am/page/mod.rs:851:15
    |
851 |     let len = (*item_id).lp_len() as usize;
    |               ^^^^^^^^^^ dereference of raw pointer
    |
    = note: raw pointers may be null, dangling or unaligned; they can violate aliasing rules and cause data races: all of these are undefined behavior
    = note: for more information, see <https://doc.rust-lang.org/edition-guide/rust-2024/unsafe-op-in-unsafe-fn.html>

warning[E0133]: call to unsafe function `am::page::page_get_item` is unsafe and requires unsafe block
   --> src/am/page/mod.rs:852:15
    |
852 |     let ptr = page_get_item(page, item_id) as *const u8;
    |               ^^^^^^^^^^^^^^^^^^^^^^^^^^^^ call to unsafe function
    |
    = note: consult the function's documentation for information on how to avoid undefined behavior
    = note: for more information, see <https://doc.rust-lang.org/edition-guide/rust-2024/unsafe-op-in-unsafe-fn.html>

warning[E0133]: call to unsafe function `std::slice::from_raw_parts` is unsafe and requires unsafe block
   --> src/am/page/mod.rs:853:27
    |
853 |     out.extend_from_slice(std::slice::from_raw_parts(ptr, len));
    |                           ^^^^^^^^^^^^^^^^^^^^^^^^^^^^^^^^^^^^ call to unsafe function
    |
    = note: consult the function's documentation for information on how to avoid undefined behavior
    = note: for more information, see <https://doc.rust-lang.org/edition-guide/rust-2024/unsafe-op-in-unsafe-fn.html>

warning[E0133]: call to unsafe function `pgrx::pg_sys::UnlockReleaseBuffer` is unsafe and requires unsafe block
   --> src/am/page/mod.rs:854:5
    |
854 |     pg_sys::UnlockReleaseBuffer(buf);
    |     ^^^^^^^^^^^^^^^^^^^^^^^^^^^^^^^^ call to unsafe function
    |
    = note: consult the function's documentation for information on how to avoid undefined behavior
    = note: for more information, see <https://doc.rust-lang.org/edition-guide/rust-2024/unsafe-op-in-unsafe-fn.html>

warning[E0133]: call to unsafe function `pgrx::pg_sys::RelationGetNumberOfBlocksInFork` is unsafe and requires unsafe block
   --> src/am/page/mod.rs:866:19
    |
866 |     let nblocks = pg_sys::RelationGetNumberOfBlocksInFork(rel, pg_sys::ForkNumber::MAIN_FORKNUM);
    |                   ^^^^^^^^^^^^^^^^^^^^^^^^^^^^^^^^^^^^^^^^^^^^^^^^^^^^^^^^^^^^^^^^^^^^^^^^^^^^^^ call to unsafe function
    |
    = note: consult the function's documentation for information on how to avoid undefined behavior
note: an unsafe function restricts its caller, but its body is safe by default
   --> src/am/page/mod.rs:861:1
    |
861 | / pub(crate) unsafe fn read_page_item_at(
862 | |     rel: pg_sys::Relation,
863 | |     block: pg_sys::BlockNumber,
864 | |     offno: pg_sys::OffsetNumber,
865 | | ) -> Result<Vec<u8>, String> {
    | |____________________________^
    = note: for more information, see <https://doc.rust-lang.org/edition-guide/rust-2024/unsafe-op-in-unsafe-fn.html>

warning[E0133]: call to unsafe function `pgrx::pg_sys::ReadBufferExtended` is unsafe and requires unsafe block
   --> src/am/page/mod.rs:870:15
    |
870 |       let buf = pg_sys::ReadBufferExtended(
    |  _______________^
871 | |         rel,
872 | |         pg_sys::ForkNumber::MAIN_FORKNUM,
873 | |         block,
874 | |         pg_sys::ReadBufferMode::RBM_NORMAL,
875 | |         std::ptr::null_mut(),
876 | |     );
    | |_____^ call to unsafe function
    |
    = note: consult the function's documentation for information on how to avoid undefined behavior
    = note: for more information, see <https://doc.rust-lang.org/edition-guide/rust-2024/unsafe-op-in-unsafe-fn.html>

warning[E0133]: call to unsafe function `pgrx::pg_sys::LockBuffer` is unsafe and requires unsafe block
   --> src/am/page/mod.rs:877:5
    |
877 |     pg_sys::LockBuffer(buf, pg_sys::BUFFER_LOCK_SHARE as i32);
    |     ^^^^^^^^^^^^^^^^^^^^^^^^^^^^^^^^^^^^^^^^^^^^^^^^^^^^^^^^^ call to unsafe function
    |
    = note: consult the function's documentation for information on how to avoid undefined behavior
    = note: for more information, see <https://doc.rust-lang.org/edition-guide/rust-2024/unsafe-op-in-unsafe-fn.html>

warning[E0133]: call to unsafe function `pgrx::pg_sys::BufferGetPage` is unsafe and requires unsafe block
   --> src/am/page/mod.rs:878:16
    |
878 |     let page = pg_sys::BufferGetPage(buf);
    |                ^^^^^^^^^^^^^^^^^^^^^^^^^^ call to unsafe function
    |
    = note: consult the function's documentation for information on how to avoid undefined behavior
    = note: for more information, see <https://doc.rust-lang.org/edition-guide/rust-2024/unsafe-op-in-unsafe-fn.html>

warning[E0133]: call to unsafe function `am::page::page_get_max_offset` is unsafe and requires unsafe block
   --> src/am/page/mod.rs:879:19
    |
879 |     let max_off = page_get_max_offset(page);
    |                   ^^^^^^^^^^^^^^^^^^^^^^^^^ call to unsafe function
    |
    = note: consult the function's documentation for information on how to avoid undefined behavior
    = note: for more information, see <https://doc.rust-lang.org/edition-guide/rust-2024/unsafe-op-in-unsafe-fn.html>

warning[E0133]: call to unsafe function `pgrx::pg_sys::UnlockReleaseBuffer` is unsafe and requires unsafe block
   --> src/am/page/mod.rs:881:9
    |
881 |         pg_sys::UnlockReleaseBuffer(buf);
    |         ^^^^^^^^^^^^^^^^^^^^^^^^^^^^^^^^ call to unsafe function
    |
    = note: consult the function's documentation for information on how to avoid undefined behavior
    = note: for more information, see <https://doc.rust-lang.org/edition-guide/rust-2024/unsafe-op-in-unsafe-fn.html>

warning[E0133]: call to unsafe function `am::page::page_get_item_id` is unsafe and requires unsafe block
   --> src/am/page/mod.rs:886:19
    |
886 |     let item_id = page_get_item_id(page, offno);
    |                   ^^^^^^^^^^^^^^^^^^^^^^^^^^^^^ call to unsafe function
    |
    = note: consult the function's documentation for information on how to avoid undefined behavior
    = note: for more information, see <https://doc.rust-lang.org/edition-guide/rust-2024/unsafe-op-in-unsafe-fn.html>

warning[E0133]: dereference of raw pointer is unsafe and requires unsafe block
   --> src/am/page/mod.rs:887:15
    |
887 |     let len = (*item_id).lp_len() as usize;
    |               ^^^^^^^^^^ dereference of raw pointer
    |
    = note: raw pointers may be null, dangling or unaligned; they can violate aliasing rules and cause data races: all of these are undefined behavior
    = note: for more information, see <https://doc.rust-lang.org/edition-guide/rust-2024/unsafe-op-in-unsafe-fn.html>

warning[E0133]: call to unsafe function `am::page::page_get_item` is unsafe and requires unsafe block
   --> src/am/page/mod.rs:888:15
    |
888 |     let ptr = page_get_item(page, item_id) as *const u8;
    |               ^^^^^^^^^^^^^^^^^^^^^^^^^^^^ call to unsafe function
    |
    = note: consult the function's documentation for information on how to avoid undefined behavior
    = note: for more information, see <https://doc.rust-lang.org/edition-guide/rust-2024/unsafe-op-in-unsafe-fn.html>

warning[E0133]: call to unsafe function `std::slice::from_raw_parts` is unsafe and requires unsafe block
   --> src/am/page/mod.rs:889:15
    |
889 |     let out = std::slice::from_raw_parts(ptr, len).to_vec();
    |               ^^^^^^^^^^^^^^^^^^^^^^^^^^^^^^^^^^^^ call to unsafe function
    |
    = note: consult the function's documentation for information on how to avoid undefined behavior
    = note: for more information, see <https://doc.rust-lang.org/edition-guide/rust-2024/unsafe-op-in-unsafe-fn.html>

warning[E0133]: call to unsafe function `pgrx::pg_sys::UnlockReleaseBuffer` is unsafe and requires unsafe block
   --> src/am/page/mod.rs:890:5
    |
890 |     pg_sys::UnlockReleaseBuffer(buf);
    |     ^^^^^^^^^^^^^^^^^^^^^^^^^^^^^^^^ call to unsafe function
    |
    = note: consult the function's documentation for information on how to avoid undefined behavior
    = note: for more information, see <https://doc.rust-lang.org/edition-guide/rust-2024/unsafe-op-in-unsafe-fn.html>

warning[E0133]: call to unsafe function `pgrx::pg_sys::ReadBufferExtended` is unsafe and requires unsafe block
   --> src/am/page/mod.rs:910:15
    |
910 |       let buf = pg_sys::ReadBufferExtended(
    |  _______________^
911 | |         rel,
912 | |         pg_sys::ForkNumber::MAIN_FORKNUM,
913 | |         block,
914 | |         pg_sys::ReadBufferMode::RBM_NORMAL,
915 | |         std::ptr::null_mut(),
916 | |     );
    | |_____^ call to unsafe function
    |
    = note: consult the function's documentation for information on how to avoid undefined behavior
note: an unsafe function restricts its caller, but its body is safe by default
   --> src/am/page/mod.rs:900:1
    |
900 | / pub(crate) unsafe fn with_page_item<T>(
901 | |     rel: pg_sys::Relation,
902 | |     block: pg_sys::BlockNumber,
903 | |     offno: pg_sys::OffsetNumber,
904 | |     nblocks: pg_sys::BlockNumber,
905 | |     f: impl FnOnce(&[u8]) -> Result<T, String>,
906 | | ) -> Result<T, String> {
    | |______________________^
    = note: for more information, see <https://doc.rust-lang.org/edition-guide/rust-2024/unsafe-op-in-unsafe-fn.html>

warning[E0133]: call to unsafe function `pgrx::pg_sys::LockBuffer` is unsafe and requires unsafe block
   --> src/am/page/mod.rs:917:5
    |
917 |     pg_sys::LockBuffer(buf, pg_sys::BUFFER_LOCK_SHARE as i32);
    |     ^^^^^^^^^^^^^^^^^^^^^^^^^^^^^^^^^^^^^^^^^^^^^^^^^^^^^^^^^ call to unsafe function
    |
    = note: consult the function's documentation for information on how to avoid undefined behavior
    = note: for more information, see <https://doc.rust-lang.org/edition-guide/rust-2024/unsafe-op-in-unsafe-fn.html>

warning[E0133]: call to unsafe function `pgrx::pg_sys::BufferGetPage` is unsafe and requires unsafe block
   --> src/am/page/mod.rs:922:16
    |
922 |     let page = pg_sys::BufferGetPage(buf);
    |                ^^^^^^^^^^^^^^^^^^^^^^^^^^ call to unsafe function
    |
    = note: consult the function's documentation for information on how to avoid undefined behavior
    = note: for more information, see <https://doc.rust-lang.org/edition-guide/rust-2024/unsafe-op-in-unsafe-fn.html>

warning[E0133]: call to unsafe function `am::page::page_get_max_offset` is unsafe and requires unsafe block
   --> src/am/page/mod.rs:923:19
    |
923 |     let max_off = page_get_max_offset(page);
    |                   ^^^^^^^^^^^^^^^^^^^^^^^^^ call to unsafe function
    |
    = note: consult the function's documentation for information on how to avoid undefined behavior
    = note: for more information, see <https://doc.rust-lang.org/edition-guide/rust-2024/unsafe-op-in-unsafe-fn.html>

warning[E0133]: call to unsafe function `am::page::page_get_item_id` is unsafe and requires unsafe block
   --> src/am/page/mod.rs:929:19
    |
929 |     let item_id = page_get_item_id(page, offno);
    |                   ^^^^^^^^^^^^^^^^^^^^^^^^^^^^^ call to unsafe function
    |
    = note: consult the function's documentation for information on how to avoid undefined behavior
    = note: for more information, see <https://doc.rust-lang.org/edition-guide/rust-2024/unsafe-op-in-unsafe-fn.html>

warning[E0133]: dereference of raw pointer is unsafe and requires unsafe block
   --> src/am/page/mod.rs:930:15
    |
930 |     let len = (*item_id).lp_len() as usize;
    |               ^^^^^^^^^^ dereference of raw pointer
    |
    = note: raw pointers may be null, dangling or unaligned; they can violate aliasing rules and cause data races: all of these are undefined behavior
    = note: for more information, see <https://doc.rust-lang.org/edition-guide/rust-2024/unsafe-op-in-unsafe-fn.html>

warning[E0133]: call to unsafe function `am::page::page_get_item` is unsafe and requires unsafe block
   --> src/am/page/mod.rs:931:15
    |
931 |     let ptr = page_get_item(page, item_id) as *const u8;
    |               ^^^^^^^^^^^^^^^^^^^^^^^^^^^^ call to unsafe function
    |
    = note: consult the function's documentation for information on how to avoid undefined behavior
    = note: for more information, see <https://doc.rust-lang.org/edition-guide/rust-2024/unsafe-op-in-unsafe-fn.html>

warning[E0133]: call to unsafe function `std::slice::from_raw_parts` is unsafe and requires unsafe block
   --> src/am/page/mod.rs:932:17
    |
932 |     let bytes = std::slice::from_raw_parts(ptr, len);
    |                 ^^^^^^^^^^^^^^^^^^^^^^^^^^^^^^^^^^^^ call to unsafe function
    |
    = note: consult the function's documentation for information on how to avoid undefined behavior
    = note: for more information, see <https://doc.rust-lang.org/edition-guide/rust-2024/unsafe-op-in-unsafe-fn.html>

warning[E0133]: call to unsafe function `pgrx::pg_sys::RelationGetNumberOfBlocksInFork` is unsafe and requires unsafe block
   --> src/am/page/mod.rs:947:5
    |
947 |     pg_sys::RelationGetNumberOfBlocksInFork(rel, pg_sys::ForkNumber::MAIN_FORKNUM)
    |     ^^^^^^^^^^^^^^^^^^^^^^^^^^^^^^^^^^^^^^^^^^^^^^^^^^^^^^^^^^^^^^^^^^^^^^^^^^^^^^ call to unsafe function
    |
    = note: consult the function's documentation for information on how to avoid undefined behavior
note: an unsafe function restricts its caller, but its body is safe by default
   --> src/am/page/mod.rs:946:1
    |
946 | pub(crate) unsafe fn main_fork_nblocks(rel: pg_sys::Relation) -> pg_sys::BlockNumber {
    | ^^^^^^^^^^^^^^^^^^^^^^^^^^^^^^^^^^^^^^^^^^^^^^^^^^^^^^^^^^^^^^^^^^^^^^^^^^^^^^^^^^^^
    = note: for more information, see <https://doc.rust-lang.org/edition-guide/rust-2024/unsafe-op-in-unsafe-fn.html>

warning[E0133]: call to unsafe function `pgrx::pg_sys::LockRelationForExtension` is unsafe and requires unsafe block
   --> src/am/page/mod.rs:958:5
    |
958 |     pg_sys::LockRelationForExtension(rel, pg_sys::ExclusiveLock as pg_sys::LOCKMODE);
    |     ^^^^^^^^^^^^^^^^^^^^^^^^^^^^^^^^^^^^^^^^^^^^^^^^^^^^^^^^^^^^^^^^^^^^^^^^^^^^^^^^ call to unsafe function
    |
    = note: consult the function's documentation for information on how to avoid undefined behavior
note: an unsafe function restricts its caller, but its body is safe by default
   --> src/am/page/mod.rs:953:1
    |
953 | / pub(crate) unsafe fn extend_page_with_items(
954 | |     rel: pg_sys::Relation,
955 | |     fork: pg_sys::ForkNumber::Type,
956 | |     items: &[Vec<u8>],
957 | | ) {
    | |_^
    = note: for more information, see <https://doc.rust-lang.org/edition-guide/rust-2024/unsafe-op-in-unsafe-fn.html>

warning[E0133]: call to unsafe function `pgrx::pg_sys::ReadBufferExtended` is unsafe and requires unsafe block
   --> src/am/page/mod.rs:959:15
    |
959 |       let buf = pg_sys::ReadBufferExtended(
    |  _______________^
960 | |         rel,
961 | |         fork,
962 | |         pg_sys::InvalidBlockNumber, // P_NEW
963 | |         pg_sys::ReadBufferMode::RBM_NORMAL,
964 | |         std::ptr::null_mut(),
965 | |     );
    | |_____^ call to unsafe function
    |
    = note: consult the function's documentation for information on how to avoid undefined behavior
    = note: for more information, see <https://doc.rust-lang.org/edition-guide/rust-2024/unsafe-op-in-unsafe-fn.html>

warning[E0133]: call to unsafe function `pgrx::pg_sys::LockBuffer` is unsafe and requires unsafe block
   --> src/am/page/mod.rs:966:5
    |
966 |     pg_sys::LockBuffer(buf, pg_sys::BUFFER_LOCK_EXCLUSIVE as i32);
    |     ^^^^^^^^^^^^^^^^^^^^^^^^^^^^^^^^^^^^^^^^^^^^^^^^^^^^^^^^^^^^^ call to unsafe function
    |
    = note: consult the function's documentation for information on how to avoid undefined behavior
    = note: for more information, see <https://doc.rust-lang.org/edition-guide/rust-2024/unsafe-op-in-unsafe-fn.html>

warning[E0133]: call to unsafe function `pgrx::pg_sys::UnlockRelationForExtension` is unsafe and requires unsafe block
   --> src/am/page/mod.rs:967:5
    |
967 |     pg_sys::UnlockRelationForExtension(rel, pg_sys::ExclusiveLock as pg_sys::LOCKMODE);
    |     ^^^^^^^^^^^^^^^^^^^^^^^^^^^^^^^^^^^^^^^^^^^^^^^^^^^^^^^^^^^^^^^^^^^^^^^^^^^^^^^^^^ call to unsafe function
    |
    = note: consult the function's documentation for information on how to avoid undefined behavior
    = note: for more information, see <https://doc.rust-lang.org/edition-guide/rust-2024/unsafe-op-in-unsafe-fn.html>

warning[E0133]: call to unsafe function `pgrx::pg_sys::GenericXLogStart` is unsafe and requires unsafe block
   --> src/am/page/mod.rs:969:17
    |
969 |     let state = pg_sys::GenericXLogStart(rel);
    |                 ^^^^^^^^^^^^^^^^^^^^^^^^^^^^^ call to unsafe function
    |
    = note: consult the function's documentation for information on how to avoid undefined behavior
    = note: for more information, see <https://doc.rust-lang.org/edition-guide/rust-2024/unsafe-op-in-unsafe-fn.html>

warning[E0133]: call to unsafe function `pgrx::pg_sys::GenericXLogRegisterBuffer` is unsafe and requires unsafe block
   --> src/am/page/mod.rs:970:16
    |
970 |     let page = pg_sys::GenericXLogRegisterBuffer(state, buf, 0);
    |                ^^^^^^^^^^^^^^^^^^^^^^^^^^^^^^^^^^^^^^^^^^^^^^^^ call to unsafe function
    |
    = note: consult the function's documentation for information on how to avoid undefined behavior
    = note: for more information, see <https://doc.rust-lang.org/edition-guide/rust-2024/unsafe-op-in-unsafe-fn.html>

warning[E0133]: call to unsafe function `pgrx::pg_sys::PageInit` is unsafe and requires unsafe block
   --> src/am/page/mod.rs:971:5
    |
971 |     pg_sys::PageInit(page, pg_sys::BLCKSZ as usize, 0);
    |     ^^^^^^^^^^^^^^^^^^^^^^^^^^^^^^^^^^^^^^^^^^^^^^^^^^ call to unsafe function
    |
    = note: consult the function's documentation for information on how to avoid undefined behavior
    = note: for more information, see <https://doc.rust-lang.org/edition-guide/rust-2024/unsafe-op-in-unsafe-fn.html>

warning[E0133]: call to unsafe function `pgrx::pg_sys::PageAddItemExtended` is unsafe and requires unsafe block
   --> src/am/page/mod.rs:973:19
    |
973 |           let off = pg_sys::PageAddItemExtended(
    |  ___________________^
974 | |             page,
975 | |             it.as_ptr() as pg_sys::Item,
976 | |             it.len(),
977 | |             pg_sys::InvalidOffsetNumber,
978 | |             0,
979 | |         );
    | |_________^ call to unsafe function
    |
    = note: consult the function's documentation for information on how to avoid undefined behavior
    = note: for more information, see <https://doc.rust-lang.org/edition-guide/rust-2024/unsafe-op-in-unsafe-fn.html>

warning[E0133]: call to unsafe function `pgrx::pg_sys::MarkBufferDirty` is unsafe and requires unsafe block
   --> src/am/page/mod.rs:985:5
    |
985 |     pg_sys::MarkBufferDirty(buf);
    |     ^^^^^^^^^^^^^^^^^^^^^^^^^^^^ call to unsafe function
    |
    = note: consult the function's documentation for information on how to avoid undefined behavior
    = note: for more information, see <https://doc.rust-lang.org/edition-guide/rust-2024/unsafe-op-in-unsafe-fn.html>

warning[E0133]: call to unsafe function `pgrx::pg_sys::GenericXLogFinish` is unsafe and requires unsafe block
   --> src/am/page/mod.rs:986:5
    |
986 |     pg_sys::GenericXLogFinish(state);
    |     ^^^^^^^^^^^^^^^^^^^^^^^^^^^^^^^^ call to unsafe function
    |
    = note: consult the function's documentation for information on how to avoid undefined behavior
    = note: for more information, see <https://doc.rust-lang.org/edition-guide/rust-2024/unsafe-op-in-unsafe-fn.html>

warning[E0133]: call to unsafe function `pgrx::pg_sys::UnlockReleaseBuffer` is unsafe and requires unsafe block
   --> src/am/page/mod.rs:987:5
    |
987 |     pg_sys::UnlockReleaseBuffer(buf);
    |     ^^^^^^^^^^^^^^^^^^^^^^^^^^^^^^^^ call to unsafe function
    |
    = note: consult the function's documentation for information on how to avoid undefined behavior
    = note: for more information, see <https://doc.rust-lang.org/edition-guide/rust-2024/unsafe-op-in-unsafe-fn.html>

warning[E0133]: call to unsafe function `std::ptr::mut_ptr::<impl *mut T>::add` is unsafe and requires unsafe block
   --> src/am/page/mod.rs:997:5
    |
997 |     (*header).pd_linp.as_mut_ptr().add((offset - 1) as usize)
    |     ^^^^^^^^^^^^^^^^^^^^^^^^^^^^^^^^^^^^^^^^^^^^^^^^^^^^^^^^^ call to unsafe function
    |
    = note: consult the function's documentation for information on how to avoid undefined behavior
note: an unsafe function restricts its caller, but its body is safe by default
   --> src/am/page/mod.rs:995:1
    |
995 | unsafe fn page_get_item_id(page: pg_sys::Page, offset: pg_sys::OffsetNumber) -> pg_sys::ItemId {
    | ^^^^^^^^^^^^^^^^^^^^^^^^^^^^^^^^^^^^^^^^^^^^^^^^^^^^^^^^^^^^^^^^^^^^^^^^^^^^^^^^^^^^^^^^^^^^^^
    = note: for more information, see <https://doc.rust-lang.org/edition-guide/rust-2024/unsafe-op-in-unsafe-fn.html>

warning[E0133]: dereference of raw pointer is unsafe and requires unsafe block
   --> src/am/page/mod.rs:997:5
    |
997 |     (*header).pd_linp.as_mut_ptr().add((offset - 1) as usize)
    |     ^^^^^^^^^ dereference of raw pointer
    |
    = note: raw pointers may be null, dangling or unaligned; they can violate aliasing rules and cause data races: all of these are undefined behavior
    = note: for more information, see <https://doc.rust-lang.org/edition-guide/rust-2024/unsafe-op-in-unsafe-fn.html>

warning[E0133]: call to unsafe function `std::ptr::mut_ptr::<impl *mut T>::add` is unsafe and requires unsafe block
    --> src/am/page/mod.rs:1001:5
     |
1001 |     page.cast::<std::os::raw::c_char>().add((*item_id).lp_off() as usize)
     |     ^^^^^^^^^^^^^^^^^^^^^^^^^^^^^^^^^^^^^^^^^^^^^^^^^^^^^^^^^^^^^^^^^^^^^ call to unsafe function
     |
     = note: consult the function's documentation for information on how to avoid undefined behavior
note: an unsafe function restricts its caller, but its body is safe by default
    --> src/am/page/mod.rs:1000:1
     |
1000 | unsafe fn page_get_item(page: pg_sys::Page, item_id: pg_sys::ItemId) -> *mut std::os::raw::c_char {
     | ^^^^^^^^^^^^^^^^^^^^^^^^^^^^^^^^^^^^^^^^^^^^^^^^^^^^^^^^^^^^^^^^^^^^^^^^^^^^^^^^^^^^^^^^^^^^^^^^^
     = note: for more information, see <https://doc.rust-lang.org/edition-guide/rust-2024/unsafe-op-in-unsafe-fn.html>

warning[E0133]: dereference of raw pointer is unsafe and requires unsafe block
    --> src/am/page/mod.rs:1001:45
     |
1001 |     page.cast::<std::os::raw::c_char>().add((*item_id).lp_off() as usize)
     |                                             ^^^^^^^^^^ dereference of raw pointer
     |
     = note: raw pointers may be null, dangling or unaligned; they can violate aliasing rules and cause data races: all of these are undefined behavior
     = note: for more information, see <https://doc.rust-lang.org/edition-guide/rust-2024/unsafe-op-in-unsafe-fn.html>

warning[E0133]: dereference of raw pointer is unsafe and requires unsafe block
    --> src/am/page/mod.rs:1006:8
     |
1006 |     if (*header).pd_lower as usize <= SIZE_OF_PAGE_HEADER {
     |        ^^^^^^^^^ dereference of raw pointer
     |
     = note: raw pointers may be null, dangling or unaligned; they can violate aliasing rules and cause data races: all of these are undefined behavior
note: an unsafe function restricts its caller, but its body is safe by default
    --> src/am/page/mod.rs:1004:1
     |
1004 | unsafe fn page_get_max_offset(page: pg_sys::Page) -> usize {
     | ^^^^^^^^^^^^^^^^^^^^^^^^^^^^^^^^^^^^^^^^^^^^^^^^^^^^^^^^^^
     = note: for more information, see <https://doc.rust-lang.org/edition-guide/rust-2024/unsafe-op-in-unsafe-fn.html>

warning[E0133]: dereference of raw pointer is unsafe and requires unsafe block
    --> src/am/page/mod.rs:1009:10
     |
1009 |         ((*header).pd_lower as usize - SIZE_OF_PAGE_HEADER)
     |          ^^^^^^^^^ dereference of raw pointer
     |
     = note: raw pointers may be null, dangling or unaligned; they can violate aliasing rules and cause data races: all of these are undefined behavior
     = note: for more information, see <https://doc.rust-lang.org/edition-guide/rust-2024/unsafe-op-in-unsafe-fn.html>

warning[E0133]: call to unsafe function `am::hnsw_page::store::read_meta` is unsafe and requires unsafe block
   --> src/am/scan.rs:377:16
    |
377 |     let meta = crate::am::hnsw_page::read_meta(rel)?;
    |                ^^^^^^^^^^^^^^^^^^^^^^^^^^^^^^^^^^^^ call to unsafe function
    |
    = note: consult the function's documentation for information on how to avoid undefined behavior
note: an unsafe function restricts its caller, but its body is safe by default
   --> src/am/scan.rs:372:1
    |
372 | / unsafe fn gather_hnsw_candidates(
373 | |     rel: pg_sys::Relation,
374 | |     query: &[f32],
375 | |     ef: usize,
376 | | ) -> Result<Vec<(i64, f64)>, ScanError> {
    | |_______________________________________^
    = note: for more information, see <https://doc.rust-lang.org/edition-guide/rust-2024/unsafe-op-in-unsafe-fn.html>

warning[E0133]: call to unsafe function `am::hnsw_page::search::traverse` is unsafe and requires unsafe block
   --> src/am/scan.rs:390:23
    |
390 |     let mut results = crate::am::hnsw_page::traverse(rel, &meta, query, ef)?;
    |                       ^^^^^^^^^^^^^^^^^^^^^^^^^^^^^^^^^^^^^^^^^^^^^^^^^^^^^ call to unsafe function
    |
    = note: consult the function's documentation for information on how to avoid undefined behavior
    = note: for more information, see <https://doc.rust-lang.org/edition-guide/rust-2024/unsafe-op-in-unsafe-fn.html>

warning[E0133]: call to unsafe function `am::page::read_pending` is unsafe and requires unsafe block
   --> src/am/scan.rs:392:19
    |
392 |     let pending = page::read_pending(rel)?;
    |                   ^^^^^^^^^^^^^^^^^^^^^^^ call to unsafe function
    |
    = note: consult the function's documentation for information on how to avoid undefined behavior
    = note: for more information, see <https://doc.rust-lang.org/edition-guide/rust-2024/unsafe-op-in-unsafe-fn.html>

warning[E0133]: call to unsafe function `am::scan::gather_symqg_candidates` is unsafe and requires unsafe block
   --> src/am/scan.rs:409:13
    |
409 |     heapify(gather_symqg_candidates(rel, query, ef).unwrap_or_else(|e| e.raise()))
    |             ^^^^^^^^^^^^^^^^^^^^^^^^^^^^^^^^^^^^^^^ call to unsafe function
    |
    = note: consult the function's documentation for information on how to avoid undefined behavior
note: an unsafe function restricts its caller, but its body is safe by default
   --> src/am/scan.rs:404:1
    |
404 | / unsafe fn scan_symqg_structured(
405 | |     rel: pg_sys::Relation,
406 | |     query: &[f32],
407 | |     ef: usize,
408 | | ) -> BinaryHeap<Reverse<Scored>> {
    | |________________________________^
    = note: for more information, see <https://doc.rust-lang.org/edition-guide/rust-2024/unsafe-op-in-unsafe-fn.html>

warning[E0133]: call to unsafe function `am::page::symqg::read_symqg_meta` is unsafe and requires unsafe block
   --> src/am/scan.rs:433:16
    |
433 |     let meta = page::read_symqg_meta(rel)?;
    |                ^^^^^^^^^^^^^^^^^^^^^^^^^^ call to unsafe function
    |
    = note: consult the function's documentation for information on how to avoid undefined behavior
note: an unsafe function restricts its caller, but its body is safe by default
   --> src/am/scan.rs:427:1
    |
427 | / unsafe fn gather_symqg_candidates(
428 | |     rel: pg_sys::Relation,
429 | |     query: &[f32],
430 | |     ef: usize,
431 | | ) -> Result<Vec<(i64, f64)>, ScanError> {
    | |_______________________________________^
    = note: for more information, see <https://doc.rust-lang.org/edition-guide/rust-2024/unsafe-op-in-unsafe-fn.html>

warning[E0133]: call to unsafe function `am::page::read_chunked` is unsafe and requires unsafe block
   --> src/am/scan.rs:448:21
    |
448 |     let rot_bytes = page::read_chunked(rel, meta.gen_base, meta.rot_codebook_npages)
    |                     ^^^^^^^^^^^^^^^^^^^^^^^^^^^^^^^^^^^^^^^^^^^^^^^^^^^^^^^^^^^^^^^^ call to unsafe function
    |
    = note: consult the function's documentation for information on how to avoid undefined behavior
    = note: for more information, see <https://doc.rust-lang.org/edition-guide/rust-2024/unsafe-op-in-unsafe-fn.html>

warning[E0133]: call to unsafe function `am::page::symqg::read_symqg_tids` is unsafe and requires unsafe block
   --> src/am/scan.rs:454:9
    |
454 |         page::read_symqg_tids(rel, &meta).map_err(|e| ScanError::Corrupt(format!("tids: {e}")))?;
    |         ^^^^^^^^^^^^^^^^^^^^^^^^^^^^^^^^^ call to unsafe function
    |
    = note: consult the function's documentation for information on how to avoid undefined behavior
    = note: for more information, see <https://doc.rust-lang.org/edition-guide/rust-2024/unsafe-op-in-unsafe-fn.html>

warning[E0133]: call to unsafe function `am::page::symqg::read_symqg_row_fast` is unsafe and requires unsafe block
   --> src/am/scan.rs:462:9
    |
462 |         page::read_symqg_row_fast(rel, rows_base, ord, dim, degree)
    |         ^^^^^^^^^^^^^^^^^^^^^^^^^^^^^^^^^^^^^^^^^^^^^^^^^^^^^^^^^^^ call to unsafe function
    |
    = note: consult the function's documentation for information on how to avoid undefined behavior
    = note: for more information, see <https://doc.rust-lang.org/edition-guide/rust-2024/unsafe-op-in-unsafe-fn.html>

warning[E0133]: call to unsafe function `am::page::symqg::read_symqg_row` is unsafe and requires unsafe block
   --> src/am/scan.rs:466:9
    |
466 |         page::read_symqg_row(rel, rows_base, ord, dim, degree)
    |         ^^^^^^^^^^^^^^^^^^^^^^^^^^^^^^^^^^^^^^^^^^^^^^^^^^^^^^ call to unsafe function
    |
    = note: consult the function's documentation for information on how to avoid undefined behavior
    = note: for more information, see <https://doc.rust-lang.org/edition-guide/rust-2024/unsafe-op-in-unsafe-fn.html>

warning[E0133]: call to unsafe function `am::page::read_pending` is unsafe and requires unsafe block
   --> src/am/scan.rs:552:9
    |
552 |         page::read_pending(rel).map_err(|e| ScanError::Corrupt(format!("pending: {e}")))?;
    |         ^^^^^^^^^^^^^^^^^^^^^^^ call to unsafe function
    |
    = note: consult the function's documentation for information on how to avoid undefined behavior
    = note: for more information, see <https://doc.rust-lang.org/edition-guide/rust-2024/unsafe-op-in-unsafe-fn.html>

warning[E0133]: call to unsafe function `am::page::ivf::ivf_version` is unsafe and requires unsafe block
   --> src/am/scan.rs:577:11
    |
577 |     match page::ivf_version(rel) {
    |           ^^^^^^^^^^^^^^^^^^^^^^ call to unsafe function
    |
    = note: consult the function's documentation for information on how to avoid undefined behavior
note: an unsafe function restricts its caller, but its body is safe by default
   --> src/am/scan.rs:564:1
    |
564 | / unsafe fn scan_ivf_structured(
565 | |     rel: pg_sys::Relation,
566 | |     query: &[f32],
567 | |     probes: usize,
568 | |     rerank_pool: usize,
569 | |     query_labels: &[i16],
570 | | ) -> Result<Vec<(i64, f64)>, ScanError> {
    | |_______________________________________^
    = note: for more information, see <https://doc.rust-lang.org/edition-guide/rust-2024/unsafe-op-in-unsafe-fn.html>

warning[E0133]: call to unsafe function `am::scan::scan_ivf_aq_split_v7` is unsafe and requires unsafe block
   --> src/am/scan.rs:579:20
    |
579 |             return scan_ivf_aq_split_v7(rel, query, probes, rerank_pool, query_labels);
    |                    ^^^^^^^^^^^^^^^^^^^^^^^^^^^^^^^^^^^^^^^^^^^^^^^^^^^^^^^^^^^^^^^^^^^ call to unsafe function
    |
    = note: consult the function's documentation for information on how to avoid undefined behavior
    = note: for more information, see <https://doc.rust-lang.org/edition-guide/rust-2024/unsafe-op-in-unsafe-fn.html>

warning[E0133]: call to unsafe function `am::scan::scan_ivf_aq` is unsafe and requires unsafe block
   --> src/am/scan.rs:581:44
    |
581 |         Ok(page::IvfVersion::V4) => return scan_ivf_aq(rel, query, probes, rerank_pool),
    |                                            ^^^^^^^^^^^^^^^^^^^^^^^^^^^^^^^^^^^^^^^^^^^^ call to unsafe function
    |
    = note: consult the function's documentation for information on how to avoid undefined behavior
    = note: for more information, see <https://doc.rust-lang.org/edition-guide/rust-2024/unsafe-op-in-unsafe-fn.html>

warning[E0133]: call to unsafe function `am::scan::scan_ivf_aq_split` is unsafe and requires unsafe block
   --> src/am/scan.rs:582:44
    |
582 |         Ok(page::IvfVersion::V5) => return scan_ivf_aq_split(rel, query, probes, rerank_pool),
    |                                            ^^^^^^^^^^^^^^^^^^^^^^^^^^^^^^^^^^^^^^^^^^^^^^^^^^ call to unsafe function
    |
    = note: consult the function's documentation for information on how to avoid undefined behavior
    = note: for more information, see <https://doc.rust-lang.org/edition-guide/rust-2024/unsafe-op-in-unsafe-fn.html>

warning[E0133]: call to unsafe function `am::scan::scan_ivf_aq_split_sq8` is unsafe and requires unsafe block
   --> src/am/scan.rs:583:44
    |
583 |         Ok(page::IvfVersion::V6) => return scan_ivf_aq_split_sq8(rel, query, probes, rerank_pool),
    |                                            ^^^^^^^^^^^^^^^^^^^^^^^^^^^^^^^^^^^^^^^^^^^^^^^^^^^^^^ call to unsafe function
    |
    = note: consult the function's documentation for information on how to avoid undefined behavior
    = note: for more information, see <https://doc.rust-lang.org/edition-guide/rust-2024/unsafe-op-in-unsafe-fn.html>

warning[E0133]: call to unsafe function `am::scan::scan_ivf_aq_split_rabitq` is unsafe and requires unsafe block
   --> src/am/scan.rs:585:20
    |
585 |             return scan_ivf_aq_split_rabitq(rel, query, probes, rerank_pool);
    |                    ^^^^^^^^^^^^^^^^^^^^^^^^^^^^^^^^^^^^^^^^^^^^^^^^^^^^^^^^^ call to unsafe function
    |
    = note: consult the function's documentation for information on how to avoid undefined behavior
    = note: for more information, see <https://doc.rust-lang.org/edition-guide/rust-2024/unsafe-op-in-unsafe-fn.html>

warning[E0133]: call to unsafe function `am::page::ivf::read_ivf_meta` is unsafe and requires unsafe block
   --> src/am/scan.rs:592:16
    |
592 |     let meta = page::read_ivf_meta(rel)?;
    |                ^^^^^^^^^^^^^^^^^^^^^^^^ call to unsafe function
    |
    = note: consult the function's documentation for information on how to avoid undefined behavior
    = note: for more information, see <https://doc.rust-lang.org/edition-guide/rust-2024/unsafe-op-in-unsafe-fn.html>

warning[E0133]: call to unsafe function `am::page::ivf::read_ivf_list_bytes` is unsafe and requires unsafe block
   --> src/am/scan.rs:618:21
    |
618 |         let bytes = page::read_ivf_list_bytes(rel, fb, np)?;
    |                     ^^^^^^^^^^^^^^^^^^^^^^^^^^^^^^^^^^^^^^ call to unsafe function
    |
    = note: consult the function's documentation for information on how to avoid undefined behavior
    = note: for more information, see <https://doc.rust-lang.org/edition-guide/rust-2024/unsafe-op-in-unsafe-fn.html>

warning[E0133]: call to unsafe function `am::page::read_pending` is unsafe and requires unsafe block
   --> src/am/scan.rs:644:19
    |
644 |     let pending = page::read_pending(rel)?;
    |                   ^^^^^^^^^^^^^^^^^^^^^^^ call to unsafe function
    |
    = note: consult the function's documentation for information on how to avoid undefined behavior
    = note: for more information, see <https://doc.rust-lang.org/edition-guide/rust-2024/unsafe-op-in-unsafe-fn.html>

warning[E0133]: call to unsafe function `am::page::ivf::read_ivf_aq_meta` is unsafe and requires unsafe block
   --> src/am/scan.rs:672:16
    |
672 |     let meta = page::read_ivf_aq_meta(rel)?;
    |                ^^^^^^^^^^^^^^^^^^^^^^^^^^^ call to unsafe function
    |
    = note: consult the function's documentation for information on how to avoid undefined behavior
note: an unsafe function restricts its caller, but its body is safe by default
   --> src/am/scan.rs:666:1
    |
666 | / unsafe fn scan_ivf_aq(
667 | |     rel: pg_sys::Relation,
668 | |     query: &[f32],
669 | |     probes: usize,
670 | |     rerank_pool: usize,
671 | | ) -> Result<Vec<(i64, f64)>, ScanError> {
    | |_______________________________________^
    = note: for more information, see <https://doc.rust-lang.org/edition-guide/rust-2024/unsafe-op-in-unsafe-fn.html>

warning[E0133]: call to unsafe function `am::page::ivf::read_ivf_list_bytes` is unsafe and requires unsafe block
   --> src/am/scan.rs:704:21
    |
704 |         let bytes = page::read_ivf_list_bytes(rel, fb, np)?;
    |                     ^^^^^^^^^^^^^^^^^^^^^^^^^^^^^^^^^^^^^^ call to unsafe function
    |
    = note: consult the function's documentation for information on how to avoid undefined behavior
    = note: for more information, see <https://doc.rust-lang.org/edition-guide/rust-2024/unsafe-op-in-unsafe-fn.html>

warning[E0133]: call to unsafe function `am::page::read_pending` is unsafe and requires unsafe block
   --> src/am/scan.rs:735:9
    |
735 |         page::read_pending(rel).map_err(|e| ScanError::Corrupt(format!("pending: {e}")))?;
    |         ^^^^^^^^^^^^^^^^^^^^^^^ call to unsafe function
    |
    = note: consult the function's documentation for information on how to avoid undefined behavior
    = note: for more information, see <https://doc.rust-lang.org/edition-guide/rust-2024/unsafe-op-in-unsafe-fn.html>

warning[E0133]: call to unsafe function `am::page::ivf::read_ivf_aq_meta_split` is unsafe and requires unsafe block
   --> src/am/scan.rs:753:16
    |
753 |     let meta = page::read_ivf_aq_meta_split(rel)?;
    |                ^^^^^^^^^^^^^^^^^^^^^^^^^^^^^^^^^ call to unsafe function
    |
    = note: consult the function's documentation for information on how to avoid undefined behavior
note: an unsafe function restricts its caller, but its body is safe by default
   --> src/am/scan.rs:747:1
    |
747 | / unsafe fn scan_ivf_aq_split(
748 | |     rel: pg_sys::Relation,
749 | |     query: &[f32],
750 | |     probes: usize,
751 | |     rerank_pool: usize,
752 | | ) -> Result<Vec<(i64, f64)>, ScanError> {
    | |_______________________________________^
    = note: for more information, see <https://doc.rust-lang.org/edition-guide/rust-2024/unsafe-op-in-unsafe-fn.html>

warning[E0133]: call to unsafe function `am::page::ivf::read_ivf_list_bytes` is unsafe and requires unsafe block
   --> src/am/scan.rs:798:22
    |
798 |         let cbytes = page::read_ivf_list_bytes(rel, cfb, cnp)?;
    |                      ^^^^^^^^^^^^^^^^^^^^^^^^^^^^^^^^^^^^^^^^ call to unsafe function
    |
    = note: consult the function's documentation for information on how to avoid undefined behavior
    = note: for more information, see <https://doc.rust-lang.org/edition-guide/rust-2024/unsafe-op-in-unsafe-fn.html>

warning[E0133]: call to unsafe function `am::page::ivf::read_vec_at` is unsafe and requires unsafe block
   --> src/am/scan.rs:823:19
    |
823 |         let raw = page::read_vec_at(rel, vfb, vnp, *ordinal, dim)
    |                   ^^^^^^^^^^^^^^^^^^^^^^^^^^^^^^^^^^^^^^^^^^^^^^^ call to unsafe function
    |
    = note: consult the function's documentation for information on how to avoid undefined behavior
    = note: for more information, see <https://doc.rust-lang.org/edition-guide/rust-2024/unsafe-op-in-unsafe-fn.html>

warning[E0133]: call to unsafe function `am::page::read_pending` is unsafe and requires unsafe block
   --> src/am/scan.rs:834:9
    |
834 |         page::read_pending(rel).map_err(|e| ScanError::Corrupt(format!("pending: {e}")))?;
    |         ^^^^^^^^^^^^^^^^^^^^^^^ call to unsafe function
    |
    = note: consult the function's documentation for information on how to avoid undefined behavior
    = note: for more information, see <https://doc.rust-lang.org/edition-guide/rust-2024/unsafe-op-in-unsafe-fn.html>

warning[E0133]: call to unsafe function `am::page::ivf::read_ivf_aq_meta_split` is unsafe and requires unsafe block
   --> src/am/scan.rs:853:16
    |
853 |     let meta = page::read_ivf_aq_meta_split(rel)?;
    |                ^^^^^^^^^^^^^^^^^^^^^^^^^^^^^^^^^ call to unsafe function
    |
    = note: consult the function's documentation for information on how to avoid undefined behavior
note: an unsafe function restricts its caller, but its body is safe by default
   --> src/am/scan.rs:846:1
    |
846 | / unsafe fn scan_ivf_aq_split_v7(
847 | |     rel: pg_sys::Relation,
848 | |     query: &[f32],
849 | |     probes: usize,
850 | |     rerank_pool: usize,
851 | |     query_labels: &[i16],
852 | | ) -> Result<Vec<(i64, f64)>, ScanError> {
    | |_______________________________________^
    = note: for more information, see <https://doc.rust-lang.org/edition-guide/rust-2024/unsafe-op-in-unsafe-fn.html>

warning[E0133]: call to unsafe function `am::page::ivf::read_ivf_list_bytes` is unsafe and requires unsafe block
   --> src/am/scan.rs:897:22
    |
897 |         let cbytes = page::read_ivf_list_bytes(rel, cfb, cnp)?;
    |                      ^^^^^^^^^^^^^^^^^^^^^^^^^^^^^^^^^^^^^^^^ call to unsafe function
    |
    = note: consult the function's documentation for information on how to avoid undefined behavior
    = note: for more information, see <https://doc.rust-lang.org/edition-guide/rust-2024/unsafe-op-in-unsafe-fn.html>

warning[E0133]: call to unsafe function `am::page::ivf::read_vec_at` is unsafe and requires unsafe block
   --> src/am/scan.rs:941:19
    |
941 |         let raw = page::read_vec_at(rel, vfb, vnp, *ordinal, dim)
    |                   ^^^^^^^^^^^^^^^^^^^^^^^^^^^^^^^^^^^^^^^^^^^^^^^ call to unsafe function
    |
    = note: consult the function's documentation for information on how to avoid undefined behavior
    = note: for more information, see <https://doc.rust-lang.org/edition-guide/rust-2024/unsafe-op-in-unsafe-fn.html>

warning[E0133]: call to unsafe function `am::page::read_pending` is unsafe and requires unsafe block
   --> src/am/scan.rs:952:9
    |
952 |         page::read_pending(rel).map_err(|e| ScanError::Corrupt(format!("pending: {e}")))?;
    |         ^^^^^^^^^^^^^^^^^^^^^^^ call to unsafe function
    |
    = note: consult the function's documentation for information on how to avoid undefined behavior
    = note: for more information, see <https://doc.rust-lang.org/edition-guide/rust-2024/unsafe-op-in-unsafe-fn.html>

warning[E0133]: call to unsafe function `am::page::ivf::read_ivf_aq_meta_split_sq8` is unsafe and requires unsafe block
   --> src/am/scan.rs:997:16
    |
997 |     let meta = page::read_ivf_aq_meta_split_sq8(rel)?;
    |                ^^^^^^^^^^^^^^^^^^^^^^^^^^^^^^^^^^^^^ call to unsafe function
    |
    = note: consult the function's documentation for information on how to avoid undefined behavior
note: an unsafe function restricts its caller, but its body is safe by default
   --> src/am/scan.rs:991:1
    |
991 | / unsafe fn scan_ivf_aq_split_sq8(
992 | |     rel: pg_sys::Relation,
993 | |     query: &[f32],
994 | |     probes: usize,
995 | |     rerank_pool: usize,
996 | | ) -> Result<Vec<(i64, f64)>, ScanError> {
    | |_______________________________________^
    = note: for more information, see <https://doc.rust-lang.org/edition-guide/rust-2024/unsafe-op-in-unsafe-fn.html>

warning[E0133]: call to unsafe function `am::page::ivf::read_ivf_list_bytes` is unsafe and requires unsafe block
    --> src/am/scan.rs:1025:22
     |
1025 |         let cbytes = page::read_ivf_list_bytes(rel, cfb, cnp)?;
     |                      ^^^^^^^^^^^^^^^^^^^^^^^^^^^^^^^^^^^^^^^^ call to unsafe function
     |
     = note: consult the function's documentation for information on how to avoid undefined behavior
     = note: for more information, see <https://doc.rust-lang.org/edition-guide/rust-2024/unsafe-op-in-unsafe-fn.html>

warning[E0133]: call to unsafe function `am::page::ivf::read_sq8_at` is unsafe and requires unsafe block
    --> src/am/scan.rs:1043:20
     |
1043 |         let code = page::read_sq8_at(rel, sfb, snp, *ordinal, dim)
     |                    ^^^^^^^^^^^^^^^^^^^^^^^^^^^^^^^^^^^^^^^^^^^^^^^ call to unsafe function
     |
     = note: consult the function's documentation for information on how to avoid undefined behavior
     = note: for more information, see <https://doc.rust-lang.org/edition-guide/rust-2024/unsafe-op-in-unsafe-fn.html>

warning[E0133]: call to unsafe function `am::page::read_pending` is unsafe and requires unsafe block
    --> src/am/scan.rs:1050:9
     |
1050 |         page::read_pending(rel).map_err(|e| ScanError::Corrupt(format!("pending: {e}")))?;
     |         ^^^^^^^^^^^^^^^^^^^^^^^ call to unsafe function
     |
     = note: consult the function's documentation for information on how to avoid undefined behavior
     = note: for more information, see <https://doc.rust-lang.org/edition-guide/rust-2024/unsafe-op-in-unsafe-fn.html>

warning[E0133]: call to unsafe function `am::page::ivf::read_ivf_aq_meta_split_rabitq` is unsafe and requires unsafe block
    --> src/am/scan.rs:1068:16
     |
1068 |     let meta = page::read_ivf_aq_meta_split_rabitq(rel)?;
     |                ^^^^^^^^^^^^^^^^^^^^^^^^^^^^^^^^^^^^^^^^ call to unsafe function
     |
     = note: consult the function's documentation for information on how to avoid undefined behavior
note: an unsafe function restricts its caller, but its body is safe by default
    --> src/am/scan.rs:1062:1
     |
1062 | / unsafe fn scan_ivf_aq_split_rabitq(
1063 | |     rel: pg_sys::Relation,
1064 | |     query: &[f32],
1065 | |     probes: usize,
1066 | |     rerank_pool: usize,
1067 | | ) -> Result<Vec<(i64, f64)>, ScanError> {
     | |_______________________________________^
     = note: for more information, see <https://doc.rust-lang.org/edition-guide/rust-2024/unsafe-op-in-unsafe-fn.html>

warning[E0133]: call to unsafe function `am::page::ivf::read_ivf_list_bytes` is unsafe and requires unsafe block
    --> src/am/scan.rs:1094:22
     |
1094 |         let cbytes = page::read_ivf_list_bytes(rel, cfb, cnp)?;
     |                      ^^^^^^^^^^^^^^^^^^^^^^^^^^^^^^^^^^^^^^^^ call to unsafe function
     |
     = note: consult the function's documentation for information on how to avoid undefined behavior
     = note: for more information, see <https://doc.rust-lang.org/edition-guide/rust-2024/unsafe-op-in-unsafe-fn.html>

warning[E0133]: call to unsafe function `am::page::ivf::read_rabitq_at` is unsafe and requires unsafe block
    --> src/am/scan.rs:1123:19
     |
1123 |         let rec = page::read_rabitq_at(rel, rfb, rnp, *ordinal, dim)
     |                   ^^^^^^^^^^^^^^^^^^^^^^^^^^^^^^^^^^^^^^^^^^^^^^^^^^ call to unsafe function
     |
     = note: consult the function's documentation for information on how to avoid undefined behavior
     = note: for more information, see <https://doc.rust-lang.org/edition-guide/rust-2024/unsafe-op-in-unsafe-fn.html>

warning[E0133]: call to unsafe function `am::page::read_pending` is unsafe and requires unsafe block
    --> src/am/scan.rs:1134:9
     |
1134 |         page::read_pending(rel).map_err(|e| ScanError::Corrupt(format!("pending: {e}")))?;
     |         ^^^^^^^^^^^^^^^^^^^^^^^ call to unsafe function
     |
     = note: consult the function's documentation for information on how to avoid undefined behavior
     = note: for more information, see <https://doc.rust-lang.org/edition-guide/rust-2024/unsafe-op-in-unsafe-fn.html>

warning[E0133]: call to unsafe function `am::page::read_blob` is unsafe and requires unsafe block
    --> src/am/scan.rs:1143:22
     |
1143 |     let blob = match page::read_blob(rel) {
     |                      ^^^^^^^^^^^^^^^^^^^^ call to unsafe function
     |
     = note: consult the function's documentation for information on how to avoid undefined behavior
note: an unsafe function restricts its caller, but its body is safe by default
    --> src/am/scan.rs:1142:1
     |
1142 | unsafe fn scan_blob(rel: pg_sys::Relation, query: &[f32]) -> BinaryHeap<Reverse<Scored>> {
     | ^^^^^^^^^^^^^^^^^^^^^^^^^^^^^^^^^^^^^^^^^^^^^^^^^^^^^^^^^^^^^^^^^^^^^^^^^^^^^^^^^^^^^^^^
     = note: for more information, see <https://doc.rust-lang.org/edition-guide/rust-2024/unsafe-op-in-unsafe-fn.html>

warning[E0133]: call to unsafe function `am::page::read_pending` is unsafe and requires unsafe block
    --> src/am/scan.rs:1154:25
     |
1154 |     let pending = match page::read_pending(rel) {
     |                         ^^^^^^^^^^^^^^^^^^^^^^^ call to unsafe function
     |
     = note: consult the function's documentation for information on how to avoid undefined behavior
     = note: for more information, see <https://doc.rust-lang.org/edition-guide/rust-2024/unsafe-op-in-unsafe-fn.html>

warning[E0133]: dereference of raw pointer is unsafe and requires unsafe block
 --> src/am/tid.rs:8:17
  |
8 |     let blkid = (*tid).ip_blkid;
  |                 ^^^^^^ dereference of raw pointer
  |
  = note: raw pointers may be null, dangling or unaligned; they can violate aliasing rules and cause data races: all of these are undefined behavior
note: an unsafe function restricts its caller, but its body is safe by default
 --> src/am/tid.rs:7:1
  |
7 | pub(crate) unsafe fn encode(tid: pg_sys::ItemPointer) -> i64 {
  | ^^^^^^^^^^^^^^^^^^^^^^^^^^^^^^^^^^^^^^^^^^^^^^^^^^^^^^^^^^^^
  = note: for more information, see <https://doc.rust-lang.org/edition-guide/rust-2024/unsafe-op-in-unsafe-fn.html>

warning[E0133]: dereference of raw pointer is unsafe and requires unsafe block
  --> src/am/tid.rs:10:18
   |
10 |     let offset = (*tid).ip_posid;
   |                  ^^^^^^ dereference of raw pointer
   |
   = note: raw pointers may be null, dangling or unaligned; they can violate aliasing rules and cause data races: all of these are undefined behavior
   = note: for more information, see <https://doc.rust-lang.org/edition-guide/rust-2024/unsafe-op-in-unsafe-fn.html>

warning[E0133]: dereference of raw pointer is unsafe and requires unsafe block
  --> src/am/tid.rs:18:5
   |
18 |     (*out).ip_blkid.bi_hi = (block >> 16) as u16;
   |     ^^^^^^ dereference of raw pointer
   |
   = note: raw pointers may be null, dangling or unaligned; they can violate aliasing rules and cause data races: all of these are undefined behavior
note: an unsafe function restricts its caller, but its body is safe by default
  --> src/am/tid.rs:15:1
   |
15 | pub(crate) unsafe fn set_on(v: i64, out: *mut pg_sys::ItemPointerData) {
   | ^^^^^^^^^^^^^^^^^^^^^^^^^^^^^^^^^^^^^^^^^^^^^^^^^^^^^^^^^^^^^^^^^^^^^^
   = note: for more information, see <https://doc.rust-lang.org/edition-guide/rust-2024/unsafe-op-in-unsafe-fn.html>

warning[E0133]: dereference of raw pointer is unsafe and requires unsafe block
  --> src/am/tid.rs:19:5
   |
19 |     (*out).ip_blkid.bi_lo = (block & 0xFFFF) as u16;
   |     ^^^^^^ dereference of raw pointer
   |
   = note: raw pointers may be null, dangling or unaligned; they can violate aliasing rules and cause data races: all of these are undefined behavior
   = note: for more information, see <https://doc.rust-lang.org/edition-guide/rust-2024/unsafe-op-in-unsafe-fn.html>

warning[E0133]: dereference of raw pointer is unsafe and requires unsafe block
  --> src/am/tid.rs:20:5
   |
20 |     (*out).ip_posid = offset;
   |     ^^^^^^ dereference of raw pointer
   |
   = note: raw pointers may be null, dangling or unaligned; they can violate aliasing rules and cause data races: all of these are undefined behavior
   = note: for more information, see <https://doc.rust-lang.org/edition-guide/rust-2024/unsafe-op-in-unsafe-fn.html>

warning[E0133]: call to unsafe function `pgrx::PgTupleDesc::<'a>::from_pg_unchecked` is unsafe and requires unsafe block
   --> src/am/mod.rs:117:14
    |
117 |     let td = pgrx::PgTupleDesc::from_pg_unchecked(tupdesc);
    |              ^^^^^^^^^^^^^^^^^^^^^^^^^^^^^^^^^^^^^^^^^^^^^ call to unsafe function
    |
    = note: consult the function's documentation for information on how to avoid undefined behavior
note: an unsafe function restricts its caller, but its body is safe by default
   --> src/am/mod.rs:113:1
    |
113 | / pub(crate) unsafe fn tupdesc_attr(
114 | |     tupdesc: pg_sys::TupleDesc,
115 | |     i: usize,
116 | | ) -> *const pg_sys::FormData_pg_attribute {
    | |_________________________________________^
    = note: for more information, see <https://doc.rust-lang.org/edition-guide/rust-2024/unsafe-op-in-unsafe-fn.html>

warning[E0133]: dereference of raw pointer is unsafe and requires unsafe block
   --> src/am/mod.rs:121:81
    |
121 |             pg_sys::error!("theodb: attribute {} out of range (natts = {})", i, (*tupdesc).natts)
    |                                                                                 ^^^^^^^^^^ dereference of raw pointer
    |
    = note: raw pointers may be null, dangling or unaligned; they can violate aliasing rules and cause data races: all of these are undefined behavior
    = note: for more information, see <https://doc.rust-lang.org/edition-guide/rust-2024/unsafe-op-in-unsafe-fn.html>

warning[E0133]: dereference of raw pointer is unsafe and requires unsafe block
   --> src/am/mod.rs:206:8
    |
206 |     if (*path).indexorderbys.is_null() {
    |        ^^^^^^^ dereference of raw pointer
    |
    = note: raw pointers may be null, dangling or unaligned; they can violate aliasing rules and cause data races: all of these are undefined behavior
note: an unsafe function restricts its caller, but its body is safe by default
   --> src/am/mod.rs:196:5
    |
196 |   pub unsafe extern "C-unwind" fn amcostestimate(
    |  _____^
197 | |     root: *mut pg_sys::PlannerInfo,
198 | |     path: *mut pg_sys::IndexPath,
199 | |     loop_count: f64,
...   |
204 | |     index_pages: *mut f64,
205 | | ) {
    | |_^
    = note: for more information, see <https://doc.rust-lang.org/edition-guide/rust-2024/unsafe-op-in-unsafe-fn.html>

warning[E0133]: dereference of raw pointer is unsafe and requires unsafe block
   --> src/am/mod.rs:207:9
    |
207 |         *index_startup_cost = f64::MAX;
    |         ^^^^^^^^^^^^^^^^^^^ dereference of raw pointer
    |
    = note: raw pointers may be null, dangling or unaligned; they can violate aliasing rules and cause data races: all of these are undefined behavior
    = note: for more information, see <https://doc.rust-lang.org/edition-guide/rust-2024/unsafe-op-in-unsafe-fn.html>

warning[E0133]: dereference of raw pointer is unsafe and requires unsafe block
   --> src/am/mod.rs:208:9
    |
208 |         *index_total_cost = f64::MAX;
    |         ^^^^^^^^^^^^^^^^^ dereference of raw pointer
    |
    = note: raw pointers may be null, dangling or unaligned; they can violate aliasing rules and cause data races: all of these are undefined behavior
    = note: for more information, see <https://doc.rust-lang.org/edition-guide/rust-2024/unsafe-op-in-unsafe-fn.html>

warning[E0133]: dereference of raw pointer is unsafe and requires unsafe block
   --> src/am/mod.rs:209:9
    |
209 |         *index_selectivity = 0.0;
    |         ^^^^^^^^^^^^^^^^^^ dereference of raw pointer
    |
    = note: raw pointers may be null, dangling or unaligned; they can violate aliasing rules and cause data races: all of these are undefined behavior
    = note: for more information, see <https://doc.rust-lang.org/edition-guide/rust-2024/unsafe-op-in-unsafe-fn.html>

warning[E0133]: dereference of raw pointer is unsafe and requires unsafe block
   --> src/am/mod.rs:210:9
    |
210 |         *index_correlation = 0.0;
    |         ^^^^^^^^^^^^^^^^^^ dereference of raw pointer
    |
    = note: raw pointers may be null, dangling or unaligned; they can violate aliasing rules and cause data races: all of these are undefined behavior
    = note: for more information, see <https://doc.rust-lang.org/edition-guide/rust-2024/unsafe-op-in-unsafe-fn.html>

warning[E0133]: dereference of raw pointer is unsafe and requires unsafe block
   --> src/am/mod.rs:211:9
    |
211 |         *index_pages = 0.0;
    |         ^^^^^^^^^^^^ dereference of raw pointer
    |
    = note: raw pointers may be null, dangling or unaligned; they can violate aliasing rules and cause data races: all of these are undefined behavior
    = note: for more information, see <https://doc.rust-lang.org/edition-guide/rust-2024/unsafe-op-in-unsafe-fn.html>

warning[E0133]: call to unsafe function `std::mem::zeroed` is unsafe and requires unsafe block
   --> src/am/mod.rs:214:43
    |
214 |     let mut costs: pg_sys::GenericCosts = std::mem::zeroed();
    |                                           ^^^^^^^^^^^^^^^^^^ call to unsafe function
    |
    = note: consult the function's documentation for information on how to avoid undefined behavior
    = note: for more information, see <https://doc.rust-lang.org/edition-guide/rust-2024/unsafe-op-in-unsafe-fn.html>

warning[E0133]: call to unsafe function `pgrx::pg_sys::genericcostestimate` is unsafe and requires unsafe block
   --> src/am/mod.rs:215:5
    |
215 |     pg_sys::genericcostestimate(root, path, loop_count, &mut costs);
    |     ^^^^^^^^^^^^^^^^^^^^^^^^^^^^^^^^^^^^^^^^^^^^^^^^^^^^^^^^^^^^^^^ call to unsafe function
    |
    = note: consult the function's documentation for information on how to avoid undefined behavior
    = note: for more information, see <https://doc.rust-lang.org/edition-guide/rust-2024/unsafe-op-in-unsafe-fn.html>

warning[E0133]: dereference of raw pointer is unsafe and requires unsafe block
   --> src/am/mod.rs:217:21
    |
217 |     let indexinfo = (*path).indexinfo;
    |                     ^^^^^^^ dereference of raw pointer
    |
    = note: raw pointers may be null, dangling or unaligned; they can violate aliasing rules and cause data races: all of these are undefined behavior
    = note: for more information, see <https://doc.rust-lang.org/edition-guide/rust-2024/unsafe-op-in-unsafe-fn.html>

warning[E0133]: dereference of raw pointer is unsafe and requires unsafe block
   --> src/am/mod.rs:218:18
    |
218 |     let tuples = (*indexinfo).tuples;
    |                  ^^^^^^^^^^^^ dereference of raw pointer
    |
    = note: raw pointers may be null, dangling or unaligned; they can violate aliasing rules and cause data races: all of these are undefined behavior
    = note: for more information, see <https://doc.rust-lang.org/edition-guide/rust-2024/unsafe-op-in-unsafe-fn.html>

warning[E0133]: call to unsafe function `pgrx::pg_sys::index_open` is unsafe and requires unsafe block
   --> src/am/mod.rs:221:15
    |
221 |     let rel = pg_sys::index_open((*indexinfo).indexoid, pg_sys::NoLock as pg_sys::LOCKMODE);
    |               ^^^^^^^^^^^^^^^^^^^^^^^^^^^^^^^^^^^^^^^^^^^^^^^^^^^^^^^^^^^^^^^^^^^^^^^^^^^^^ call to unsafe function
    |
    = note: consult the function's documentation for information on how to avoid undefined behavior
    = note: for more information, see <https://doc.rust-lang.org/edition-guide/rust-2024/unsafe-op-in-unsafe-fn.html>

warning[E0133]: dereference of raw pointer is unsafe and requires unsafe block
   --> src/am/mod.rs:221:34
    |
221 |     let rel = pg_sys::index_open((*indexinfo).indexoid, pg_sys::NoLock as pg_sys::LOCKMODE);
    |                                  ^^^^^^^^^^^^ dereference of raw pointer
    |
    = note: raw pointers may be null, dangling or unaligned; they can violate aliasing rules and cause data races: all of these are undefined behavior
    = note: for more information, see <https://doc.rust-lang.org/edition-guide/rust-2024/unsafe-op-in-unsafe-fn.html>

warning[E0133]: call to unsafe function `am::cost::scan_visit_ratio` is unsafe and requires unsafe block
   --> src/am/mod.rs:222:17
    |
222 |     let ratio = cost::scan_visit_ratio(rel, tuples);
    |                 ^^^^^^^^^^^^^^^^^^^^^^^^^^^^^^^^^^^ call to unsafe function
    |
    = note: consult the function's documentation for information on how to avoid undefined behavior
    = note: for more information, see <https://doc.rust-lang.org/edition-guide/rust-2024/unsafe-op-in-unsafe-fn.html>

warning[E0133]: call to unsafe function `pgrx::pg_sys::index_close` is unsafe and requires unsafe block
   --> src/am/mod.rs:223:5
    |
223 |     pg_sys::index_close(rel, pg_sys::NoLock as pg_sys::LOCKMODE);
    |     ^^^^^^^^^^^^^^^^^^^^^^^^^^^^^^^^^^^^^^^^^^^^^^^^^^^^^^^^^^^^ call to unsafe function
    |
    = note: consult the function's documentation for information on how to avoid undefined behavior
    = note: for more information, see <https://doc.rust-lang.org/edition-guide/rust-2024/unsafe-op-in-unsafe-fn.html>

warning[E0133]: dereference of raw pointer is unsafe and requires unsafe block
   --> src/am/mod.rs:225:5
    |
225 |     *index_startup_cost = costs.indexTotalCost * ratio;
    |     ^^^^^^^^^^^^^^^^^^^ dereference of raw pointer
    |
    = note: raw pointers may be null, dangling or unaligned; they can violate aliasing rules and cause data races: all of these are undefined behavior
    = note: for more information, see <https://doc.rust-lang.org/edition-guide/rust-2024/unsafe-op-in-unsafe-fn.html>

warning[E0133]: dereference of raw pointer is unsafe and requires unsafe block
   --> src/am/mod.rs:226:5
    |
226 |     *index_total_cost = costs.indexTotalCost;
    |     ^^^^^^^^^^^^^^^^^ dereference of raw pointer
    |
    = note: raw pointers may be null, dangling or unaligned; they can violate aliasing rules and cause data races: all of these are undefined behavior
    = note: for more information, see <https://doc.rust-lang.org/edition-guide/rust-2024/unsafe-op-in-unsafe-fn.html>

warning[E0133]: dereference of raw pointer is unsafe and requires unsafe block
   --> src/am/mod.rs:227:5
    |
227 |     *index_selectivity = costs.indexSelectivity;
    |     ^^^^^^^^^^^^^^^^^^ dereference of raw pointer
    |
    = note: raw pointers may be null, dangling or unaligned; they can violate aliasing rules and cause data races: all of these are undefined behavior
    = note: for more information, see <https://doc.rust-lang.org/edition-guide/rust-2024/unsafe-op-in-unsafe-fn.html>

warning[E0133]: dereference of raw pointer is unsafe and requires unsafe block
   --> src/am/mod.rs:228:5
    |
228 |     *index_correlation = costs.indexCorrelation;
    |     ^^^^^^^^^^^^^^^^^^ dereference of raw pointer
    |
    = note: raw pointers may be null, dangling or unaligned; they can violate aliasing rules and cause data races: all of these are undefined behavior
    = note: for more information, see <https://doc.rust-lang.org/edition-guide/rust-2024/unsafe-op-in-unsafe-fn.html>

warning[E0133]: dereference of raw pointer is unsafe and requires unsafe block
   --> src/am/mod.rs:229:5
    |
229 |     *index_pages = costs.numIndexPages;
    |     ^^^^^^^^^^^^ dereference of raw pointer
    |
    = note: raw pointers may be null, dangling or unaligned; they can violate aliasing rules and cause data races: all of these are undefined behavior
    = note: for more information, see <https://doc.rust-lang.org/edition-guide/rust-2024/unsafe-op-in-unsafe-fn.html>

warning: variable does not need to be mutable
   --> src/graph_extract.rs:154:9
    |
154 |     let mut add_edge = |a: String,
    |         ----^^^^^^^^
    |         |
    |         help: remove this `mut`
    |
    = note: `#[warn(unused_mut)]` (part of `#[warn(unused)]`) on by default

warning[E0133]: call to unsafe function `pgrx::pg_sys::relation_open` is unsafe and requires unsafe block
   --> src/vindex.rs:253:15
    |
253 |     let rel = pg_sys::relation_open(idx, pg_sys::AccessShareLock as pg_sys::LOCKMODE);
    |               ^^^^^^^^^^^^^^^^^^^^^^^^^^^^^^^^^^^^^^^^^^^^^^^^^^^^^^^^^^^^^^^^^^^^^^^ call to unsafe function
    |
    = note: consult the function's documentation for information on how to avoid undefined behavior
note: an unsafe function restricts its caller, but its body is safe by default
   --> src/vindex.rs:247:1
    |
247 | / unsafe fn knn_columnar_impl(
248 | |     idx: pg_sys::Oid,
249 | |     query: &[f32],
250 | |     k: usize,
251 | |     label: i32,
252 | | ) -> Result<Vec<(i64, f64)>, String> {
    | |____________________________________^
    = note: for more information, see <https://doc.rust-lang.org/edition-guide/rust-2024/unsafe-op-in-unsafe-fn.html>

warning[E0133]: call to unsafe function `am::columnar::column_index` is unsafe and requires unsafe block
   --> src/vindex.rs:258:23
    |
258 |             proj.push(crate::am::columnar::column_index(rel, name).ok_or_else(|| {
    |                       ^^^^^^^^^^^^^^^^^^^^^^^^^^^^^^^^^^^^^^^^^^^^ call to unsafe function
    |
    = note: consult the function's documentation for information on how to avoid undefined behavior
    = note: for more information, see <https://doc.rust-lang.org/edition-guide/rust-2024/unsafe-op-in-unsafe-fn.html>

warning[E0133]: call to unsafe function `am::columnar::decode_columns` is unsafe and requires unsafe block
   --> src/vindex.rs:262:20
    |
262 |         let cols = crate::am::columnar::decode_columns(rel, Some(&proj), &[], false)?;
    |                    ^^^^^^^^^^^^^^^^^^^^^^^^^^^^^^^^^^^^^^^^^^^^^^^^^^^^^^^^^^^^^^^^^ call to unsafe function
    |
    = note: consult the function's documentation for information on how to avoid undefined behavior
    = note: for more information, see <https://doc.rust-lang.org/edition-guide/rust-2024/unsafe-op-in-unsafe-fn.html>

warning[E0133]: call to unsafe function `pgrx::pg_sys::relation_close` is unsafe and requires unsafe block
   --> src/vindex.rs:286:5
    |
286 |     pg_sys::relation_close(rel, pg_sys::AccessShareLock as pg_sys::LOCKMODE);
    |     ^^^^^^^^^^^^^^^^^^^^^^^^^^^^^^^^^^^^^^^^^^^^^^^^^^^^^^^^^^^^^^^^^^^^^^^^ call to unsafe function
    |
    = note: consult the function's documentation for information on how to avoid undefined behavior
    = note: for more information, see <https://doc.rust-lang.org/edition-guide/rust-2024/unsafe-op-in-unsafe-fn.html>

warning[E0133]: call to unsafe function `pgrx::pg_sys::relation_open` is unsafe and requires unsafe block
   --> src/vindex.rs:293:15
    |
293 |     let rel = pg_sys::relation_open(idx, pg_sys::AccessShareLock as pg_sys::LOCKMODE);
    |               ^^^^^^^^^^^^^^^^^^^^^^^^^^^^^^^^^^^^^^^^^^^^^^^^^^^^^^^^^^^^^^^^^^^^^^^ call to unsafe function
    |
    = note: consult the function's documentation for information on how to avoid undefined behavior
note: an unsafe function restricts its caller, but its body is safe by default
   --> src/vindex.rs:292:1
    |
292 | unsafe fn decode_bytes_impl(idx: pg_sys::Oid, names: &[String]) -> Result<i64, String> {
    | ^^^^^^^^^^^^^^^^^^^^^^^^^^^^^^^^^^^^^^^^^^^^^^^^^^^^^^^^^^^^^^^^^^^^^^^^^^^^^^^^^^^^^^
    = note: for more information, see <https://doc.rust-lang.org/edition-guide/rust-2024/unsafe-op-in-unsafe-fn.html>

warning[E0133]: call to unsafe function `am::columnar::column_index` is unsafe and requires unsafe block
   --> src/vindex.rs:298:17
    |
298 |                 crate::am::columnar::column_index(rel, name)
    |                 ^^^^^^^^^^^^^^^^^^^^^^^^^^^^^^^^^^^^^^^^^^^^ call to unsafe function
    |
    = note: consult the function's documentation for information on how to avoid undefined behavior
    = note: for more information, see <https://doc.rust-lang.org/edition-guide/rust-2024/unsafe-op-in-unsafe-fn.html>

warning[E0133]: call to unsafe function `am::columnar::decode_columns` is unsafe and requires unsafe block
   --> src/vindex.rs:302:20
    |
302 |         let cols = crate::am::columnar::decode_columns(rel, Some(&proj), &[], false)?;
    |                    ^^^^^^^^^^^^^^^^^^^^^^^^^^^^^^^^^^^^^^^^^^^^^^^^^^^^^^^^^^^^^^^^^ call to unsafe function
    |
    = note: consult the function's documentation for information on how to avoid undefined behavior
    = note: for more information, see <https://doc.rust-lang.org/edition-guide/rust-2024/unsafe-op-in-unsafe-fn.html>

warning[E0133]: call to unsafe function `pgrx::pg_sys::relation_close` is unsafe and requires unsafe block
   --> src/vindex.rs:310:5
    |
310 |     pg_sys::relation_close(rel, pg_sys::AccessShareLock as pg_sys::LOCKMODE);
    |     ^^^^^^^^^^^^^^^^^^^^^^^^^^^^^^^^^^^^^^^^^^^^^^^^^^^^^^^^^^^^^^^^^^^^^^^^ call to unsafe function
    |
    = note: consult the function's documentation for information on how to avoid undefined behavior
    = note: for more information, see <https://doc.rust-lang.org/edition-guide/rust-2024/unsafe-op-in-unsafe-fn.html>

warning: function `pushdown_safe` is never used
  --> src/ai_op.rs:70:15
   |
70 | pub(crate) fn pushdown_safe(depends_on: &[&str], generated: &[&str]) -> bool {
   |               ^^^^^^^^^^^^^
   |
   = note: `#[warn(dead_code)]` (part of `#[warn(unused)]`) on by default

warning: function `tuplesort_roundtrip` is never used
  --> src/am/build_stream.rs:39:22
   |
39 | pub(crate) unsafe fn tuplesort_roundtrip(
   |                      ^^^^^^^^^^^^^^^^^^^

warning: function `encode_const_bits` is never used
   --> src/am/columnar_agg.rs:142:22
    |
142 | pub(crate) unsafe fn encode_const_bits(datum: pg_sys::Datum, kind: MinMaxKind) -> Option<u64> {
    |                      ^^^^^^^^^^^^^^^^^

warning: function `set_membership` is never used
  --> src/am/customscan.rs:55:15
   |
55 | pub(crate) fn set_membership(m: Option<Membership>) {
   |               ^^^^^^^^^^^^^^

warning: function `run_columnar_agg` is never used
   --> src/am/df_executor.rs:736:11
    |
736 | unsafe fn run_columnar_agg(rel: pg_sys::Relation, num_col: &str) -> Result<String, String> {
    |           ^^^^^^^^^^^^^^^^

warning: methods `len` and `is_empty` are never used
   --> src/ann/ivf.rs:288:19
    |
 25 | impl IvfflatIndex {
    | ----------------- methods in this implementation
...
288 |     pub(crate) fn len(&self) -> usize {
    |                   ^^^
...
293 |     pub(crate) fn is_empty(&self) -> bool {
    |                   ^^^^^^^^

warning: constant `BLOCK` is never used
  --> src/ann/ivf_aqah.rs:13:7
   |
13 | const BLOCK: usize = 32;
   |       ^^^^^

warning: struct `ListStore` is never constructed
  --> src/ann/ivf_aqah.rs:17:8
   |
17 | struct ListStore {
   |        ^^^^^^^^^

warning: struct `IvfAqahIndex` is never constructed
  --> src/ann/ivf_aqah.rs:25:19
   |
25 | pub(crate) struct IvfAqahIndex {
   |                   ^^^^^^^^^^^^

warning: associated items `build` and `search` are never used
  --> src/ann/ivf_aqah.rs:35:19
   |
32 | impl IvfAqahIndex {
   | ----------------- associated items in this implementation
...
35 |     pub(crate) fn build(
   |                   ^^^^^
...
84 |     pub(crate) fn search(
   |                   ^^^^^^

warning: function `ground_search` is never used
  --> src/ann/scan_core.rs:83:15
   |
83 | pub(crate) fn ground_search<S: NeighborSource>(
   |               ^^^^^^^^^^^^^

warning: method `candidates_seen` is never used
   --> src/ann/scan_core.rs:228:19
    |
198 | impl<N: Copy> ResumableGround<N> {
    | -------------------------------- method in this implementation
...
228 |     pub(crate) fn candidates_seen(&self) -> usize {
    |                   ^^^^^^^^^^^^^^^

warning: associated function `bytes_per_vector` is never used
  --> src/sq8.rs:82:19
   |
21 | impl Sq8Quantizer {
   | ----------------- associated function in this implementation
...
82 |     pub(crate) fn bytes_per_vector(dim: usize) -> usize {
   |                   ^^^^^^^^^^^^^^^^

warning: associated items `dim`, `bits`, and `record_bytes` are never used
   --> src/vec/rabitq.rs:49:19
    |
 35 | impl RabitqQuantizer {
    | -------------------- associated items in this implementation
...
 49 |     pub(crate) fn dim(&self) -> usize {
    |                   ^^^
...
 52 |     pub(crate) fn bits(&self) -> u8 {
    |                   ^^^^
...
156 |     pub(crate) fn record_bytes(dim: usize) -> usize {
    |                   ^^^^^^^^^^^^

warning: method `exact_filtered` is never used
   --> src/vindex.rs:106:19
    |
 74 | impl ColumnarVIndex {
    | ------------------- method in this implementation
...
106 |     pub(crate) fn exact_filtered(&self, query: &[f32], k: usize, label: i32) -> Vec<(i64, f64)> {
    |                   ^^^^^^^^^^^^^^

For more information about this error, try `rustc --explain E0133`.
warning: `theodb_rs` (lib) generated 1160 warnings (run `cargo fix --lib -p theodb_rs` to apply 206 suggestions)
    Finished `release` profile [optimized] target(s) in 2m 40s
[32m[1m  Installing[0m[39m extension
[32m[1m     Copying[0m[39m control file to [36m/usr/share/postgresql/18/extension/theodb_rs.control[39m
[32m[1m     Copying[0m[39m shared library to [36m/usr/lib/postgresql/18/lib/theodb_rs.so[39m
[32m[1m  Discovered[0m[39m [36m[1m132[0m[39m SQL entities: [36m[1m8[0m[39m schemas ([36m[1m1[0m[39m unique), [36m[1m82[0m[39m functions, [36m[1m0[0m[39m types, [36m[1m0[0m[39m enums, [36m[1m42[0m[39m sqls, [36m[1m0[0m[39m ords, [36m[1m0[0m[39m hashes, [36m[1m0[0m[39m aggregates, [36m[1m0[0m[39m triggers
[32m[1m     Writing[0m[39m SQL entities to /usr/share/postgresql/18/extension/theodb_rs--1.2.0.sql
[32m[1m     Copying[0m[39m extension schema upgrade file to [36m/usr/share/postgresql/18/extension/theodb_rs--1.1.0--1.2.0.sql[39m
[32m[1m     Copying[0m[39m extension schema upgrade file to [36m/usr/share/postgresql/18/extension/theodb_rs--1.0.0--1.1.0.sql[39m
[32m[1m    Finished[0m[39m installing theodb_rs
BUILD_EXIT:0
########## EC HARNESS ##########
========== ROUTED (expect Custom Scan + A/B equal) ==========
### R1: GROUP BY date_trunc('day', ts) , count(*)
 Custom Scan (theodb_columnar_agg)
          k          | c  
          k          | c  
### R2: GROUP BY date_trunc('month', ts) , count(*), sum(v)
 Custom Scan (theodb_columnar_agg)
### R3: GROUP BY date_trunc('minute', ts) — the q42 shape — counts equal
 minute_ndistinct |        120 |         120
### R4 (backward-compat): bare-Var GROUP BY still routes
 Custom Scan (theodb_columnar_agg)
========== DECLINED (expect Seq Scan / native, NO Custom Scan; A/B still equal) ==========
### EC-1: date_trunc('week', ts) declines (ISO week ≠ Arrow)
   Group Key: (date_trunc('week'::text, ts))
         Sort Key: (date_trunc('week'::text, ts))
         ->  Seq Scan on t_col
 week_col | 7
 week_heap | 7
### EC-2: date_trunc on timestamptz declines under TimeZone != UTC (ADR-2)
   Group Key: (date_trunc('day'::text, tstz))
         Sort Key: (date_trunc('day'::text, tstz))
         ->  Seq Scan on t_col
 tstz_col | 40
 tstz_heap | 40
### EC-3: EXTRACT declines (numeric group-key)
         ->  Seq Scan on t_col
### EC-4: CASE declines
         ->  Seq Scan on t_col
### EC-5: arithmetic group-expr (v+1) declines
         ->  Seq Scan on t_col
========== DONE — every col == heap; declined rows show Seq Scan ==========
########## run_m128 --agg HEAD 100k ##########
  q42 cold=0.0039 hot=0.0017 cs=True ab=True
wrote /root/m157_head.json  status=OK
  queries ok=43/43 errored=0 columnar_customscan=32 hot_geomean=0.04864s
  result A/B: byte-identical (columnar==heap) (pass=43, diverged=0)
########## run_m128 --agg SYSTEMATIC 300k ##########
  q42 cold=0.0038 hot=0.0017 cs=True ab=True
wrote /root/m157_sys.json  status=OK
  queries ok=43/43 errored=0 columnar_customscan=32 hot_geomean=0.05035s
  result A/B: byte-identical (columnar==heap) (pass=43, diverged=0)
########## SUMMARY ##########
/root/m157_head.json cs= 32 ab= {'pass': 43, 'diverged': 0, 'verdict': 'byte-identical (columnar==heap)'} q42_routed= True
/root/m157_sys.json cs= 32 ab= {'pass': 43, 'diverged': 0, 'verdict': 'byte-identical (columnar==heap)'} q42_routed= True
MEASURE_DONE
