=== drift-control arm=A rep=1 start 2026-07-29T22:54:24+00:00 ===
so_md5=dd9d51ad287a51fc04457aa809ddc576
loadavg=13.10 16.11 18.07
SET
SET
SET
SET
psql:/root/theo-db/benchmarks/m168_stream_ab.sql:24: NOTICE:  table "ab_res" does not exist, skipping
DROP TABLE
CREATE TABLE
psql:/root/theo-db/benchmarks/m168_stream_ab.sql:65: NOTICE:  ARM=eager pair=1 q=q23
psql:/root/theo-db/benchmarks/m168_stream_ab.sql:65: WARNING:  theodb_admit_decline: topk_entered_sort
psql:/root/theo-db/benchmarks/m168_stream_ab.sql:65: WARNING:  theodb_admit_decline: swap_topk_admitted
psql:/root/theo-db/benchmarks/m168_stream_ab.sql:65: WARNING:  theodb_admit_decline: topk_entered_sort
psql:/root/theo-db/benchmarks/m168_stream_ab.sql:65: WARNING:  theodb_admit_decline: topk_parent_not_limit
psql:/root/theo-db/benchmarks/m168_stream_ab.sql:65: WARNING:  theodb_decode_batch: rows=1000000 bytes=809738352 work_mem_bytes=67108864
psql:/root/theo-db/benchmarks/m168_stream_ab.sql:65: NOTICE:  ARM=stream pair=1 q=q23
psql:/root/theo-db/benchmarks/m168_stream_ab.sql:65: WARNING:  theodb_admit_decline: topk_entered_sort
psql:/root/theo-db/benchmarks/m168_stream_ab.sql:65: WARNING:  theodb_admit_decline: swap_topk_admitted
psql:/root/theo-db/benchmarks/m168_stream_ab.sql:65: WARNING:  theodb_admit_decline: topk_entered_sort
psql:/root/theo-db/benchmarks/m168_stream_ab.sql:65: WARNING:  theodb_admit_decline: topk_parent_not_limit
psql:/root/theo-db/benchmarks/m168_stream_ab.sql:65: WARNING:  theodb_decode_batch_stream: rows=10000 bytes=8953072 probe=1
psql:/root/theo-db/benchmarks/m168_stream_ab.sql:65: WARNING:  theodb_decode_batch_stream: rows=10000 bytes=8331504
psql:/root/theo-db/benchmarks/m168_stream_ab.sql:65: WARNING:  theodb_decode_batch_stream: rows=10000 bytes=8606960
psql:/root/theo-db/benchmarks/m168_stream_ab.sql:65: WARNING:  theodb_decode_batch_stream: rows=10000 bytes=9520368
psql:/root/theo-db/benchmarks/m168_stream_ab.sql:65: WARNING:  theodb_decode_batch_stream: rows=10000 bytes=8605936
psql:/root/theo-db/benchmarks/m168_stream_ab.sql:65: WARNING:  theodb_decode_batch_stream: rows=10000 bytes=7796976
psql:/root/theo-db/benchmarks/m168_stream_ab.sql:65: WARNING:  theodb_decode_batch_stream: rows=10000 bytes=7798000
psql:/root/theo-db/benchmarks/m168_stream_ab.sql:65: WARNING:  theodb_decode_batch_stream: rows=10000 bytes=7540976
psql:/root/theo-db/benchmarks/m168_stream_ab.sql:65: WARNING:  theodb_decode_batch_stream: rows=10000 bytes=7803120
psql:/root/theo-db/benchmarks/m168_stream_ab.sql:65: WARNING:  theodb_decode_batch_stream: rows=10000 bytes=7595248
psql:/root/theo-db/benchmarks/m168_stream_ab.sql:65: WARNING:  theodb_decode_batch_stream: rows=10000 bytes=7365872
psql:/root/theo-db/benchmarks/m168_stream_ab.sql:65: WARNING:  theodb_decode_batch_stream: rows=10000 bytes=8596720
psql:/root/theo-db/benchmarks/m168_stream_ab.sql:65: WARNING:  theodb_decode_batch_stream: rows=10000 bytes=8703216
psql:/root/theo-db/benchmarks/m168_stream_ab.sql:65: WARNING:  theodb_decode_batch_stream: rows=10000 bytes=8504560
psql:/root/theo-db/benchmarks/m168_stream_ab.sql:65: WARNING:  theodb_decode_batch_stream: rows=10000 bytes=8534256
psql:/root/theo-db/benchmarks/m168_stream_ab.sql:65: WARNING:  theodb_decode_batch_stream: rows=10000 bytes=7548144
psql:/root/theo-db/benchmarks/m168_stream_ab.sql:65: WARNING:  theodb_decode_batch_stream: rows=10000 bytes=7292144
psql:/root/theo-db/benchmarks/m168_stream_ab.sql:65: WARNING:  theodb_decode_batch_stream: rows=10000 bytes=7386352
psql:/root/theo-db/benchmarks/m168_stream_ab.sql:65: WARNING:  theodb_decode_batch_stream: rows=10000 bytes=8725744
psql:/root/theo-db/benchmarks/m168_stream_ab.sql:65: WARNING:  theodb_decode_batch_stream: rows=10000 bytes=7266544
psql:/root/theo-db/benchmarks/m168_stream_ab.sql:65: WARNING:  theodb_decode_batch_stream: rows=10000 bytes=6332656
psql:/root/theo-db/benchmarks/m168_stream_ab.sql:65: WARNING:  theodb_decode_batch_stream: rows=10000 bytes=6346992
psql:/root/theo-db/benchmarks/m168_stream_ab.sql:65: WARNING:  theodb_decode_batch_stream: rows=10000 bytes=6428912
psql:/root/theo-db/benchmarks/m168_stream_ab.sql:65: WARNING:  theodb_decode_batch_stream: rows=10000 bytes=6150384
psql:/root/theo-db/benchmarks/m168_stream_ab.sql:65: WARNING:  theodb_decode_batch_stream: rows=10000 bytes=6151408
psql:/root/theo-db/benchmarks/m168_stream_ab.sql:65: WARNING:  theodb_decode_batch_stream: rows=10000 bytes=6724848
psql:/root/theo-db/benchmarks/m168_stream_ab.sql:65: WARNING:  theodb_decode_batch_stream: rows=10000 bytes=7812336
psql:/root/theo-db/benchmarks/m168_stream_ab.sql:65: WARNING:  theodb_decode_batch_stream: rows=10000 bytes=11492592
psql:/root/theo-db/benchmarks/m168_stream_ab.sql:65: WARNING:  theodb_decode_batch_stream: rows=10000 bytes=11503920
psql:/root/theo-db/benchmarks/m168_stream_ab.sql:65: WARNING:  theodb_decode_batch_stream: rows=10000 bytes=9479408
psql:/root/theo-db/benchmarks/m168_stream_ab.sql:65: WARNING:  theodb_decode_batch_stream: rows=10000 bytes=8464624
psql:/root/theo-db/benchmarks/m168_stream_ab.sql:65: WARNING:  theodb_decode_batch_stream: rows=10000 bytes=7480560
psql:/root/theo-db/benchmarks/m168_stream_ab.sql:65: WARNING:  theodb_decode_batch_stream: rows=10000 bytes=6268144
psql:/root/theo-db/benchmarks/m168_stream_ab.sql:65: WARNING:  theodb_decode_batch_stream: rows=10000 bytes=7451888
psql:/root/theo-db/benchmarks/m168_stream_ab.sql:65: WARNING:  theodb_decode_batch_stream: rows=10000 bytes=7256304
psql:/root/theo-db/benchmarks/m168_stream_ab.sql:65: WARNING:  theodb_decode_batch_stream: rows=10000 bytes=7546096
psql:/root/theo-db/benchmarks/m168_stream_ab.sql:65: WARNING:  theodb_decode_batch_stream: rows=10000 bytes=8398064
psql:/root/theo-db/benchmarks/m168_stream_ab.sql:65: WARNING:  theodb_decode_batch_stream: rows=10000 bytes=6126832
psql:/root/theo-db/benchmarks/m168_stream_ab.sql:65: WARNING:  theodb_decode_batch_stream: rows=10000 bytes=8534256
psql:/root/theo-db/benchmarks/m168_stream_ab.sql:65: WARNING:  theodb_decode_batch_stream: rows=10000 bytes=7583984
psql:/root/theo-db/benchmarks/m168_stream_ab.sql:65: WARNING:  theodb_decode_batch_stream: rows=10000 bytes=6822128
psql:/root/theo-db/benchmarks/m168_stream_ab.sql:65: WARNING:  theodb_decode_batch_stream: rows=10000 bytes=9510128
psql:/root/theo-db/benchmarks/m168_stream_ab.sql:65: WARNING:  theodb_decode_batch_stream: rows=10000 bytes=10853616
psql:/root/theo-db/benchmarks/m168_stream_ab.sql:65: WARNING:  theodb_decode_batch_stream: rows=10000 bytes=10853616
psql:/root/theo-db/benchmarks/m168_stream_ab.sql:65: WARNING:  theodb_decode_batch_stream: rows=10000 bytes=10820848
psql:/root/theo-db/benchmarks/m168_stream_ab.sql:65: WARNING:  theodb_decode_batch_stream: rows=10000 bytes=9515248
psql:/root/theo-db/benchmarks/m168_stream_ab.sql:65: WARNING:  theodb_decode_batch_stream: rows=10000 bytes=7553264
psql:/root/theo-db/benchmarks/m168_stream_ab.sql:65: WARNING:  theodb_decode_batch_stream: rows=10000 bytes=7315696
psql:/root/theo-db/benchmarks/m168_stream_ab.sql:65: WARNING:  theodb_decode_batch_stream: rows=10000 bytes=6469872
psql:/root/theo-db/benchmarks/m168_stream_ab.sql:65: WARNING:  theodb_decode_batch_stream: rows=10000 bytes=6789360
psql:/root/theo-db/benchmarks/m168_stream_ab.sql:65: WARNING:  theodb_decode_batch_stream: rows=10000 bytes=6169840
psql:/root/theo-db/benchmarks/m168_stream_ab.sql:65: WARNING:  theodb_decode_batch_stream: rows=10000 bytes=18754800
psql:/root/theo-db/benchmarks/m168_stream_ab.sql:65: WARNING:  theodb_decode_batch_stream: rows=10000 bytes=14563568
psql:/root/theo-db/benchmarks/m168_stream_ab.sql:65: WARNING:  theodb_decode_batch_stream: rows=10000 bytes=7447792
psql:/root/theo-db/benchmarks/m168_stream_ab.sql:65: WARNING:  theodb_decode_batch_stream: rows=10000 bytes=7939312
psql:/root/theo-db/benchmarks/m168_stream_ab.sql:65: WARNING:  theodb_decode_batch_stream: rows=10000 bytes=14135536
psql:/root/theo-db/benchmarks/m168_stream_ab.sql:65: WARNING:  theodb_decode_batch_stream: rows=10000 bytes=9512176
psql:/root/theo-db/benchmarks/m168_stream_ab.sql:65: WARNING:  theodb_decode_batch_stream: rows=10000 bytes=10526960
psql:/root/theo-db/benchmarks/m168_stream_ab.sql:65: WARNING:  theodb_decode_batch_stream: rows=10000 bytes=8865008
psql:/root/theo-db/benchmarks/m168_stream_ab.sql:65: WARNING:  theodb_decode_batch_stream: rows=10000 bytes=7552240
psql:/root/theo-db/benchmarks/m168_stream_ab.sql:65: WARNING:  theodb_decode_batch_stream: rows=10000 bytes=8505584
psql:/root/theo-db/benchmarks/m168_stream_ab.sql:65: WARNING:  theodb_decode_batch_stream: rows=10000 bytes=8483056
psql:/root/theo-db/benchmarks/m168_stream_ab.sql:65: WARNING:  theodb_decode_batch_stream: rows=10000 bytes=7257328
psql:/root/theo-db/benchmarks/m168_stream_ab.sql:65: WARNING:  theodb_decode_batch_stream: rows=10000 bytes=8463600
psql:/root/theo-db/benchmarks/m168_stream_ab.sql:65: WARNING:  theodb_decode_batch_stream: rows=10000 bytes=7257328
psql:/root/theo-db/benchmarks/m168_stream_ab.sql:65: WARNING:  theodb_decode_batch_stream: rows=10000 bytes=7316720
psql:/root/theo-db/benchmarks/m168_stream_ab.sql:65: WARNING:  theodb_decode_batch_stream: rows=10000 bytes=9510128
psql:/root/theo-db/benchmarks/m168_stream_ab.sql:65: WARNING:  theodb_decode_batch_stream: rows=10000 bytes=7281904
psql:/root/theo-db/benchmarks/m168_stream_ab.sql:65: WARNING:  theodb_decode_batch_stream: rows=10000 bytes=14163184
psql:/root/theo-db/benchmarks/m168_stream_ab.sql:65: WARNING:  theodb_decode_batch_stream: rows=10000 bytes=9446640
psql:/root/theo-db/benchmarks/m168_stream_ab.sql:65: WARNING:  theodb_decode_batch_stream: rows=10000 bytes=7681264
psql:/root/theo-db/benchmarks/m168_stream_ab.sql:65: WARNING:  theodb_decode_batch_stream: rows=10000 bytes=7421168
psql:/root/theo-db/benchmarks/m168_stream_ab.sql:65: WARNING:  theodb_decode_batch_stream: rows=10000 bytes=8550640
psql:/root/theo-db/benchmarks/m168_stream_ab.sql:65: WARNING:  theodb_decode_batch_stream: rows=10000 bytes=6971632
psql:/root/theo-db/benchmarks/m168_stream_ab.sql:65: WARNING:  theodb_decode_batch_stream: rows=10000 bytes=7816432
psql:/root/theo-db/benchmarks/m168_stream_ab.sql:65: WARNING:  theodb_decode_batch_stream: rows=10000 bytes=9381104
psql:/root/theo-db/benchmarks/m168_stream_ab.sql:65: WARNING:  theodb_decode_batch_stream: rows=10000 bytes=7185648
psql:/root/theo-db/benchmarks/m168_stream_ab.sql:65: WARNING:  theodb_decode_batch_stream: rows=10000 bytes=8367344
psql:/root/theo-db/benchmarks/m168_stream_ab.sql:65: WARNING:  theodb_decode_batch_stream: rows=10000 bytes=9510128
psql:/root/theo-db/benchmarks/m168_stream_ab.sql:65: WARNING:  theodb_decode_batch_stream: rows=10000 bytes=14556400
psql:/root/theo-db/benchmarks/m168_stream_ab.sql:65: WARNING:  theodb_decode_batch_stream: rows=10000 bytes=10497264
psql:/root/theo-db/benchmarks/m168_stream_ab.sql:65: WARNING:  theodb_decode_batch_stream: rows=10000 bytes=7414000
psql:/root/theo-db/benchmarks/m168_stream_ab.sql:65: WARNING:  theodb_decode_batch_stream: rows=10000 bytes=7557360
psql:/root/theo-db/benchmarks/m168_stream_ab.sql:65: WARNING:  theodb_decode_batch_stream: rows=10000 bytes=8589552
psql:/root/theo-db/benchmarks/m168_stream_ab.sql:65: WARNING:  theodb_decode_batch_stream: rows=10000 bytes=7594224
psql:/root/theo-db/benchmarks/m168_stream_ab.sql:65: WARNING:  theodb_decode_batch_stream: rows=10000 bytes=7321840
psql:/root/theo-db/benchmarks/m168_stream_ab.sql:65: WARNING:  theodb_decode_batch_stream: rows=10000 bytes=8268016
psql:/root/theo-db/benchmarks/m168_stream_ab.sql:65: WARNING:  theodb_decode_batch_stream: rows=10000 bytes=7233776
psql:/root/theo-db/benchmarks/m168_stream_ab.sql:65: WARNING:  theodb_decode_batch_stream: rows=10000 bytes=9526512
psql:/root/theo-db/benchmarks/m168_stream_ab.sql:65: WARNING:  theodb_decode_batch_stream: rows=10000 bytes=8331504
psql:/root/theo-db/benchmarks/m168_stream_ab.sql:65: WARNING:  theodb_decode_batch_stream: rows=10000 bytes=15144176
psql:/root/theo-db/benchmarks/m168_stream_ab.sql:65: WARNING:  theodb_decode_batch_stream: rows=10000 bytes=9318640
psql:/root/theo-db/benchmarks/m168_stream_ab.sql:65: WARNING:  theodb_decode_batch_stream: rows=10000 bytes=7492848
psql:/root/theo-db/benchmarks/m168_stream_ab.sql:65: WARNING:  theodb_decode_batch_stream: rows=10000 bytes=10439920
psql:/root/theo-db/benchmarks/m168_stream_ab.sql:65: WARNING:  theodb_decode_batch_stream: rows=10000 bytes=8547568
psql:/root/theo-db/benchmarks/m168_stream_ab.sql:65: WARNING:  theodb_decode_batch_stream: rows=10000 bytes=10438896
psql:/root/theo-db/benchmarks/m168_stream_ab.sql:65: WARNING:  theodb_decode_batch_stream: rows=10000 bytes=8543472
psql:/root/theo-db/benchmarks/m168_stream_ab.sql:65: WARNING:  theodb_decode_batch_stream: rows=10000 bytes=9392368
psql:/root/theo-db/benchmarks/m168_stream_ab.sql:65: WARNING:  theodb_decode_batch_stream: rows=10000 bytes=8859888
psql:/root/theo-db/benchmarks/m168_stream_ab.sql:65: WARNING:  theodb_decode_batch_stream: rows=10000 bytes=7756016
psql:/root/theo-db/benchmarks/m168_stream_ab.sql:65: WARNING:  theodb_topk_pool: peak_reserved=2411803 reserved_at_end=0 pool_limit=201326592
psql:/root/theo-db/benchmarks/m168_stream_ab.sql:65: NOTICE:  ARM=eager pair=1 q=q24
psql:/root/theo-db/benchmarks/m168_stream_ab.sql:65: WARNING:  theodb_admit_decline: topk_entered_sort
psql:/root/theo-db/benchmarks/m168_stream_ab.sql:65: WARNING:  theodb_admit_decline: swap_topk_admitted
psql:/root/theo-db/benchmarks/m168_stream_ab.sql:65: WARNING:  theodb_admit_decline: topk_entered_sort
psql:/root/theo-db/benchmarks/m168_stream_ab.sql:65: WARNING:  theodb_admit_decline: topk_parent_not_limit
psql:/root/theo-db/benchmarks/m168_stream_ab.sql:65: WARNING:  theodb_decode_batch: rows=1000000 bytes=20388828 work_mem_bytes=67108864
psql:/root/theo-db/benchmarks/m168_stream_ab.sql:65: NOTICE:  ARM=stream pair=1 q=q24
psql:/root/theo-db/benchmarks/m168_stream_ab.sql:65: WARNING:  theodb_admit_decline: topk_entered_sort
psql:/root/theo-db/benchmarks/m168_stream_ab.sql:65: WARNING:  theodb_admit_decline: swap_topk_admitted
psql:/root/theo-db/benchmarks/m168_stream_ab.sql:65: WARNING:  theodb_admit_decline: topk_entered_sort
psql:/root/theo-db/benchmarks/m168_stream_ab.sql:65: WARNING:  theodb_admit_decline: topk_parent_not_limit
psql:/root/theo-db/benchmarks/m168_stream_ab.sql:65: WARNING:  theodb_decode_batch_stream: rows=10000 bytes=185756 probe=1
psql:/root/theo-db/benchmarks/m168_stream_ab.sql:65: WARNING:  theodb_decode_batch_stream: rows=10000 bytes=251292
psql:/root/theo-db/benchmarks/m168_stream_ab.sql:65: WARNING:  theodb_decode_batch_stream: rows=10000 bytes=382364
psql:/root/theo-db/benchmarks/m168_stream_ab.sql:65: WARNING:  theodb_decode_batch_stream: rows=10000 bytes=251292
psql:/root/theo-db/benchmarks/m168_stream_ab.sql:65: WARNING:  theodb_decode_batch_stream: rows=10000 bytes=251292
psql:/root/theo-db/benchmarks/m168_stream_ab.sql:65: WARNING:  theodb_decode_batch_stream: rows=10000 bytes=185756
psql:/root/theo-db/benchmarks/m168_stream_ab.sql:65: WARNING:  theodb_decode_batch_stream: rows=10000 bytes=185756
psql:/root/theo-db/benchmarks/m168_stream_ab.sql:65: WARNING:  theodb_decode_batch_stream: rows=10000 bytes=185756
psql:/root/theo-db/benchmarks/m168_stream_ab.sql:65: WARNING:  theodb_decode_batch_stream: rows=10000 bytes=185756
psql:/root/theo-db/benchmarks/m168_stream_ab.sql:65: WARNING:  theodb_decode_batch_stream: rows=10000 bytes=251292
psql:/root/theo-db/benchmarks/m168_stream_ab.sql:65: WARNING:  theodb_decode_batch_stream: rows=10000 bytes=185756
psql:/root/theo-db/benchmarks/m168_stream_ab.sql:65: WARNING:  theodb_decode_batch_stream: rows=10000 bytes=251292
psql:/root/theo-db/benchmarks/m168_stream_ab.sql:65: WARNING:  theodb_decode_batch_stream: rows=10000 bytes=152988
psql:/root/theo-db/benchmarks/m168_stream_ab.sql:65: WARNING:  theodb_decode_batch_stream: rows=10000 bytes=136604
psql:/root/theo-db/benchmarks/m168_stream_ab.sql:65: WARNING:  theodb_decode_batch_stream: rows=10000 bytes=185756
psql:/root/theo-db/benchmarks/m168_stream_ab.sql:65: WARNING:  theodb_decode_batch_stream: rows=10000 bytes=251292
psql:/root/theo-db/benchmarks/m168_stream_ab.sql:65: WARNING:  theodb_decode_batch_stream: rows=10000 bytes=152988
psql:/root/theo-db/benchmarks/m168_stream_ab.sql:65: WARNING:  theodb_decode_batch_stream: rows=10000 bytes=185756
psql:/root/theo-db/benchmarks/m168_stream_ab.sql:65: WARNING:  theodb_decode_batch_stream: rows=10000 bytes=251292
psql:/root/theo-db/benchmarks/m168_stream_ab.sql:65: WARNING:  theodb_decode_batch_stream: rows=10000 bytes=185756
psql:/root/theo-db/benchmarks/m168_stream_ab.sql:65: WARNING:  theodb_decode_batch_stream: rows=10000 bytes=185756
psql:/root/theo-db/benchmarks/m168_stream_ab.sql:65: WARNING:  theodb_decode_batch_stream: rows=10000 bytes=185756
psql:/root/theo-db/benchmarks/m168_stream_ab.sql:65: WARNING:  theodb_decode_batch_stream: rows=10000 bytes=152988
psql:/root/theo-db/benchmarks/m168_stream_ab.sql:65: WARNING:  theodb_decode_batch_stream: rows=10000 bytes=136604
psql:/root/theo-db/benchmarks/m168_stream_ab.sql:65: WARNING:  theodb_decode_batch_stream: rows=10000 bytes=136604
psql:/root/theo-db/benchmarks/m168_stream_ab.sql:65: WARNING:  theodb_decode_batch_stream: rows=10000 bytes=185756
psql:/root/theo-db/benchmarks/m168_stream_ab.sql:65: WARNING:  theodb_decode_batch_stream: rows=10000 bytes=382364
psql:/root/theo-db/benchmarks/m168_stream_ab.sql:65: WARNING:  theodb_decode_batch_stream: rows=10000 bytes=136604
psql:/root/theo-db/benchmarks/m168_stream_ab.sql:65: WARNING:  theodb_decode_batch_stream: rows=10000 bytes=136604
psql:/root/theo-db/benchmarks/m168_stream_ab.sql:65: WARNING:  theodb_decode_batch_stream: rows=10000 bytes=152988
psql:/root/theo-db/benchmarks/m168_stream_ab.sql:65: WARNING:  theodb_decode_batch_stream: rows=10000 bytes=185756
psql:/root/theo-db/benchmarks/m168_stream_ab.sql:65: WARNING:  theodb_decode_batch_stream: rows=10000 bytes=185756
psql:/root/theo-db/benchmarks/m168_stream_ab.sql:65: WARNING:  theodb_decode_batch_stream: rows=10000 bytes=152988
psql:/root/theo-db/benchmarks/m168_stream_ab.sql:65: WARNING:  theodb_decode_batch_stream: rows=10000 bytes=185756
psql:/root/theo-db/benchmarks/m168_stream_ab.sql:65: WARNING:  theodb_decode_batch_stream: rows=10000 bytes=185756
psql:/root/theo-db/benchmarks/m168_stream_ab.sql:65: WARNING:  theodb_decode_batch_stream: rows=10000 bytes=251292
psql:/root/theo-db/benchmarks/m168_stream_ab.sql:65: WARNING:  theodb_decode_batch_stream: rows=10000 bytes=251292
psql:/root/theo-db/benchmarks/m168_stream_ab.sql:65: WARNING:  theodb_decode_batch_stream: rows=10000 bytes=136604
psql:/root/theo-db/benchmarks/m168_stream_ab.sql:65: WARNING:  theodb_decode_batch_stream: rows=10000 bytes=251292
psql:/root/theo-db/benchmarks/m168_stream_ab.sql:65: WARNING:  theodb_decode_batch_stream: rows=10000 bytes=152988
psql:/root/theo-db/benchmarks/m168_stream_ab.sql:65: WARNING:  theodb_decode_batch_stream: rows=10000 bytes=152988
psql:/root/theo-db/benchmarks/m168_stream_ab.sql:65: WARNING:  theodb_decode_batch_stream: rows=10000 bytes=382364
psql:/root/theo-db/benchmarks/m168_stream_ab.sql:65: WARNING:  theodb_decode_batch_stream: rows=10000 bytes=644508
psql:/root/theo-db/benchmarks/m168_stream_ab.sql:65: WARNING:  theodb_decode_batch_stream: rows=10000 bytes=644508
psql:/root/theo-db/benchmarks/m168_stream_ab.sql:65: WARNING:  theodb_decode_batch_stream: rows=10000 bytes=644508
psql:/root/theo-db/benchmarks/m168_stream_ab.sql:65: WARNING:  theodb_decode_batch_stream: rows=10000 bytes=382364
psql:/root/theo-db/benchmarks/m168_stream_ab.sql:65: WARNING:  theodb_decode_batch_stream: rows=10000 bytes=251292
psql:/root/theo-db/benchmarks/m168_stream_ab.sql:65: WARNING:  theodb_decode_batch_stream: rows=10000 bytes=185756
psql:/root/theo-db/benchmarks/m168_stream_ab.sql:65: WARNING:  theodb_decode_batch_stream: rows=10000 bytes=128412
psql:/root/theo-db/benchmarks/m168_stream_ab.sql:65: WARNING:  theodb_decode_batch_stream: rows=10000 bytes=185756
psql:/root/theo-db/benchmarks/m168_stream_ab.sql:65: WARNING:  theodb_decode_batch_stream: rows=10000 bytes=152988
psql:/root/theo-db/benchmarks/m168_stream_ab.sql:65: WARNING:  theodb_decode_batch_stream: rows=10000 bytes=185756
psql:/root/theo-db/benchmarks/m168_stream_ab.sql:65: WARNING:  theodb_decode_batch_stream: rows=10000 bytes=185756
psql:/root/theo-db/benchmarks/m168_stream_ab.sql:65: WARNING:  theodb_decode_batch_stream: rows=10000 bytes=251292
psql:/root/theo-db/benchmarks/m168_stream_ab.sql:65: WARNING:  theodb_decode_batch_stream: rows=10000 bytes=251292
psql:/root/theo-db/benchmarks/m168_stream_ab.sql:65: WARNING:  theodb_decode_batch_stream: rows=10000 bytes=152988
psql:/root/theo-db/benchmarks/m168_stream_ab.sql:65: WARNING:  theodb_decode_batch_stream: rows=10000 bytes=251292
psql:/root/theo-db/benchmarks/m168_stream_ab.sql:65: WARNING:  theodb_decode_batch_stream: rows=10000 bytes=185756
psql:/root/theo-db/benchmarks/m168_stream_ab.sql:65: WARNING:  theodb_decode_batch_stream: rows=10000 bytes=382364
psql:/root/theo-db/benchmarks/m168_stream_ab.sql:65: WARNING:  theodb_decode_batch_stream: rows=10000 bytes=251292
psql:/root/theo-db/benchmarks/m168_stream_ab.sql:65: WARNING:  theodb_decode_batch_stream: rows=10000 bytes=185756
psql:/root/theo-db/benchmarks/m168_stream_ab.sql:65: WARNING:  theodb_decode_batch_stream: rows=10000 bytes=251292
psql:/root/theo-db/benchmarks/m168_stream_ab.sql:65: WARNING:  theodb_decode_batch_stream: rows=10000 bytes=185756
psql:/root/theo-db/benchmarks/m168_stream_ab.sql:65: WARNING:  theodb_decode_batch_stream: rows=10000 bytes=251292
psql:/root/theo-db/benchmarks/m168_stream_ab.sql:65: WARNING:  theodb_decode_batch_stream: rows=10000 bytes=152988
psql:/root/theo-db/benchmarks/m168_stream_ab.sql:65: WARNING:  theodb_decode_batch_stream: rows=10000 bytes=152988
psql:/root/theo-db/benchmarks/m168_stream_ab.sql:65: WARNING:  theodb_decode_batch_stream: rows=10000 bytes=382364
psql:/root/theo-db/benchmarks/m168_stream_ab.sql:65: WARNING:  theodb_decode_batch_stream: rows=10000 bytes=185756
psql:/root/theo-db/benchmarks/m168_stream_ab.sql:65: WARNING:  theodb_decode_batch_stream: rows=10000 bytes=185756
psql:/root/theo-db/benchmarks/m168_stream_ab.sql:65: WARNING:  theodb_decode_batch_stream: rows=10000 bytes=185756
psql:/root/theo-db/benchmarks/m168_stream_ab.sql:65: WARNING:  theodb_decode_batch_stream: rows=10000 bytes=382364
psql:/root/theo-db/benchmarks/m168_stream_ab.sql:65: WARNING:  theodb_decode_batch_stream: rows=10000 bytes=251292
psql:/root/theo-db/benchmarks/m168_stream_ab.sql:65: WARNING:  theodb_decode_batch_stream: rows=10000 bytes=185756
psql:/root/theo-db/benchmarks/m168_stream_ab.sql:65: WARNING:  theodb_decode_batch_stream: rows=10000 bytes=185756
psql:/root/theo-db/benchmarks/m168_stream_ab.sql:65: WARNING:  theodb_decode_batch_stream: rows=10000 bytes=251292
psql:/root/theo-db/benchmarks/m168_stream_ab.sql:65: WARNING:  theodb_decode_batch_stream: rows=10000 bytes=185756
psql:/root/theo-db/benchmarks/m168_stream_ab.sql:65: WARNING:  theodb_decode_batch_stream: rows=10000 bytes=136604
psql:/root/theo-db/benchmarks/m168_stream_ab.sql:65: WARNING:  theodb_decode_batch_stream: rows=10000 bytes=251292
psql:/root/theo-db/benchmarks/m168_stream_ab.sql:65: WARNING:  theodb_decode_batch_stream: rows=10000 bytes=382364
psql:/root/theo-db/benchmarks/m168_stream_ab.sql:65: WARNING:  theodb_decode_batch_stream: rows=10000 bytes=152988
psql:/root/theo-db/benchmarks/m168_stream_ab.sql:65: WARNING:  theodb_decode_batch_stream: rows=10000 bytes=185756
psql:/root/theo-db/benchmarks/m168_stream_ab.sql:65: WARNING:  theodb_decode_batch_stream: rows=10000 bytes=251292
psql:/root/theo-db/benchmarks/m168_stream_ab.sql:65: WARNING:  theodb_decode_batch_stream: rows=10000 bytes=251292
psql:/root/theo-db/benchmarks/m168_stream_ab.sql:65: WARNING:  theodb_decode_batch_stream: rows=10000 bytes=185756
psql:/root/theo-db/benchmarks/m168_stream_ab.sql:65: WARNING:  theodb_decode_batch_stream: rows=10000 bytes=185756
psql:/root/theo-db/benchmarks/m168_stream_ab.sql:65: WARNING:  theodb_decode_batch_stream: rows=10000 bytes=251292
psql:/root/theo-db/benchmarks/m168_stream_ab.sql:65: WARNING:  theodb_decode_batch_stream: rows=10000 bytes=152988
psql:/root/theo-db/benchmarks/m168_stream_ab.sql:65: WARNING:  theodb_decode_batch_stream: rows=10000 bytes=152988
psql:/root/theo-db/benchmarks/m168_stream_ab.sql:65: WARNING:  theodb_decode_batch_stream: rows=10000 bytes=382364
psql:/root/theo-db/benchmarks/m168_stream_ab.sql:65: WARNING:  theodb_decode_batch_stream: rows=10000 bytes=251292
psql:/root/theo-db/benchmarks/m168_stream_ab.sql:65: WARNING:  theodb_decode_batch_stream: rows=10000 bytes=152988
psql:/root/theo-db/benchmarks/m168_stream_ab.sql:65: WARNING:  theodb_decode_batch_stream: rows=10000 bytes=185756
psql:/root/theo-db/benchmarks/m168_stream_ab.sql:65: WARNING:  theodb_decode_batch_stream: rows=10000 bytes=185756
psql:/root/theo-db/benchmarks/m168_stream_ab.sql:65: WARNING:  theodb_decode_batch_stream: rows=10000 bytes=251292
psql:/root/theo-db/benchmarks/m168_stream_ab.sql:65: WARNING:  theodb_decode_batch_stream: rows=10000 bytes=185756
psql:/root/theo-db/benchmarks/m168_stream_ab.sql:65: WARNING:  theodb_decode_batch_stream: rows=10000 bytes=251292
psql:/root/theo-db/benchmarks/m168_stream_ab.sql:65: WARNING:  theodb_decode_batch_stream: rows=10000 bytes=185756
psql:/root/theo-db/benchmarks/m168_stream_ab.sql:65: WARNING:  theodb_decode_batch_stream: rows=10000 bytes=251292
psql:/root/theo-db/benchmarks/m168_stream_ab.sql:65: WARNING:  theodb_decode_batch_stream: rows=10000 bytes=251292
psql:/root/theo-db/benchmarks/m168_stream_ab.sql:65: WARNING:  theodb_decode_batch_stream: rows=10000 bytes=185756
psql:/root/theo-db/benchmarks/m168_stream_ab.sql:65: WARNING:  theodb_topk_pool: peak_reserved=825920 reserved_at_end=0 pool_limit=201326592
psql:/root/theo-db/benchmarks/m168_stream_ab.sql:65: NOTICE:  ARM=eager pair=1 q=q25
psql:/root/theo-db/benchmarks/m168_stream_ab.sql:65: WARNING:  theodb_admit_decline: topk_entered_sort
psql:/root/theo-db/benchmarks/m168_stream_ab.sql:65: WARNING:  theodb_admit_decline: swap_topk_admitted
psql:/root/theo-db/benchmarks/m168_stream_ab.sql:65: WARNING:  theodb_admit_decline: topk_entered_sort
psql:/root/theo-db/benchmarks/m168_stream_ab.sql:65: WARNING:  theodb_admit_decline: topk_parent_not_limit
psql:/root/theo-db/benchmarks/m168_stream_ab.sql:65: WARNING:  theodb_decode_batch: rows=1000000 bytes=12388732 work_mem_bytes=67108864
psql:/root/theo-db/benchmarks/m168_stream_ab.sql:65: NOTICE:  ARM=stream pair=1 q=q25
psql:/root/theo-db/benchmarks/m168_stream_ab.sql:65: WARNING:  theodb_admit_decline: topk_entered_sort
psql:/root/theo-db/benchmarks/m168_stream_ab.sql:65: WARNING:  theodb_admit_decline: swap_topk_admitted
psql:/root/theo-db/benchmarks/m168_stream_ab.sql:65: WARNING:  theodb_admit_decline: topk_entered_sort
psql:/root/theo-db/benchmarks/m168_stream_ab.sql:65: WARNING:  theodb_admit_decline: topk_parent_not_limit
psql:/root/theo-db/benchmarks/m168_stream_ab.sql:65: WARNING:  theodb_decode_batch_stream: rows=10000 bytes=105660 probe=1
psql:/root/theo-db/benchmarks/m168_stream_ab.sql:65: WARNING:  theodb_decode_batch_stream: rows=10000 bytes=171196
psql:/root/theo-db/benchmarks/m168_stream_ab.sql:65: WARNING:  theodb_decode_batch_stream: rows=10000 bytes=302268
psql:/root/theo-db/benchmarks/m168_stream_ab.sql:65: WARNING:  theodb_decode_batch_stream: rows=10000 bytes=171196
psql:/root/theo-db/benchmarks/m168_stream_ab.sql:65: WARNING:  theodb_decode_batch_stream: rows=10000 bytes=171196
psql:/root/theo-db/benchmarks/m168_stream_ab.sql:65: WARNING:  theodb_decode_batch_stream: rows=10000 bytes=105660
psql:/root/theo-db/benchmarks/m168_stream_ab.sql:65: WARNING:  theodb_decode_batch_stream: rows=10000 bytes=105660
psql:/root/theo-db/benchmarks/m168_stream_ab.sql:65: WARNING:  theodb_decode_batch_stream: rows=10000 bytes=105660
psql:/root/theo-db/benchmarks/m168_stream_ab.sql:65: WARNING:  theodb_decode_batch_stream: rows=10000 bytes=105660
psql:/root/theo-db/benchmarks/m168_stream_ab.sql:65: WARNING:  theodb_decode_batch_stream: rows=10000 bytes=171196
psql:/root/theo-db/benchmarks/m168_stream_ab.sql:65: WARNING:  theodb_decode_batch_stream: rows=10000 bytes=105660
psql:/root/theo-db/benchmarks/m168_stream_ab.sql:65: WARNING:  theodb_decode_batch_stream: rows=10000 bytes=171196
psql:/root/theo-db/benchmarks/m168_stream_ab.sql:65: WARNING:  theodb_decode_batch_stream: rows=10000 bytes=72892
psql:/root/theo-db/benchmarks/m168_stream_ab.sql:65: WARNING:  theodb_decode_batch_stream: rows=10000 bytes=56508
psql:/root/theo-db/benchmarks/m168_stream_ab.sql:65: WARNING:  theodb_decode_batch_stream: rows=10000 bytes=105660
psql:/root/theo-db/benchmarks/m168_stream_ab.sql:65: WARNING:  theodb_decode_batch_stream: rows=10000 bytes=171196
psql:/root/theo-db/benchmarks/m168_stream_ab.sql:65: WARNING:  theodb_decode_batch_stream: rows=10000 bytes=72892
psql:/root/theo-db/benchmarks/m168_stream_ab.sql:65: WARNING:  theodb_decode_batch_stream: rows=10000 bytes=105660
psql:/root/theo-db/benchmarks/m168_stream_ab.sql:65: WARNING:  theodb_decode_batch_stream: rows=10000 bytes=171196
psql:/root/theo-db/benchmarks/m168_stream_ab.sql:65: WARNING:  theodb_decode_batch_stream: rows=10000 bytes=105660
psql:/root/theo-db/benchmarks/m168_stream_ab.sql:65: WARNING:  theodb_decode_batch_stream: rows=10000 bytes=105660
psql:/root/theo-db/benchmarks/m168_stream_ab.sql:65: WARNING:  theodb_decode_batch_stream: rows=10000 bytes=105660
psql:/root/theo-db/benchmarks/m168_stream_ab.sql:65: WARNING:  theodb_decode_batch_stream: rows=10000 bytes=72892
psql:/root/theo-db/benchmarks/m168_stream_ab.sql:65: WARNING:  theodb_decode_batch_stream: rows=10000 bytes=56508
psql:/root/theo-db/benchmarks/m168_stream_ab.sql:65: WARNING:  theodb_decode_batch_stream: rows=10000 bytes=56508
psql:/root/theo-db/benchmarks/m168_stream_ab.sql:65: WARNING:  theodb_decode_batch_stream: rows=10000 bytes=105660
psql:/root/theo-db/benchmarks/m168_stream_ab.sql:65: WARNING:  theodb_decode_batch_stream: rows=10000 bytes=302268
psql:/root/theo-db/benchmarks/m168_stream_ab.sql:65: WARNING:  theodb_decode_batch_stream: rows=10000 bytes=56508
psql:/root/theo-db/benchmarks/m168_stream_ab.sql:65: WARNING:  theodb_decode_batch_stream: rows=10000 bytes=56508
psql:/root/theo-db/benchmarks/m168_stream_ab.sql:65: WARNING:  theodb_decode_batch_stream: rows=10000 bytes=72892
psql:/root/theo-db/benchmarks/m168_stream_ab.sql:65: WARNING:  theodb_decode_batch_stream: rows=10000 bytes=105660
psql:/root/theo-db/benchmarks/m168_stream_ab.sql:65: WARNING:  theodb_decode_batch_stream: rows=10000 bytes=105660
psql:/root/theo-db/benchmarks/m168_stream_ab.sql:65: WARNING:  theodb_decode_batch_stream: rows=10000 bytes=72892
psql:/root/theo-db/benchmarks/m168_stream_ab.sql:65: WARNING:  theodb_decode_batch_stream: rows=10000 bytes=105660
psql:/root/theo-db/benchmarks/m168_stream_ab.sql:65: WARNING:  theodb_decode_batch_stream: rows=10000 bytes=105660
psql:/root/theo-db/benchmarks/m168_stream_ab.sql:65: WARNING:  theodb_decode_batch_stream: rows=10000 bytes=171196
psql:/root/theo-db/benchmarks/m168_stream_ab.sql:65: WARNING:  theodb_decode_batch_stream: rows=10000 bytes=171196
psql:/root/theo-db/benchmarks/m168_stream_ab.sql:65: WARNING:  theodb_decode_batch_stream: rows=10000 bytes=56508
psql:/root/theo-db/benchmarks/m168_stream_ab.sql:65: WARNING:  theodb_decode_batch_stream: rows=10000 bytes=171196
psql:/root/theo-db/benchmarks/m168_stream_ab.sql:65: WARNING:  theodb_decode_batch_stream: rows=10000 bytes=72892
psql:/root/theo-db/benchmarks/m168_stream_ab.sql:65: WARNING:  theodb_decode_batch_stream: rows=10000 bytes=72892
psql:/root/theo-db/benchmarks/m168_stream_ab.sql:65: WARNING:  theodb_decode_batch_stream: rows=10000 bytes=302268
psql:/root/theo-db/benchmarks/m168_stream_ab.sql:65: WARNING:  theodb_decode_batch_stream: rows=10000 bytes=564412
psql:/root/theo-db/benchmarks/m168_stream_ab.sql:65: WARNING:  theodb_decode_batch_stream: rows=10000 bytes=564412
psql:/root/theo-db/benchmarks/m168_stream_ab.sql:65: WARNING:  theodb_decode_batch_stream: rows=10000 bytes=564412
psql:/root/theo-db/benchmarks/m168_stream_ab.sql:65: WARNING:  theodb_decode_batch_stream: rows=10000 bytes=302268
psql:/root/theo-db/benchmarks/m168_stream_ab.sql:65: WARNING:  theodb_decode_batch_stream: rows=10000 bytes=171196
psql:/root/theo-db/benchmarks/m168_stream_ab.sql:65: WARNING:  theodb_decode_batch_stream: rows=10000 bytes=105660
psql:/root/theo-db/benchmarks/m168_stream_ab.sql:65: WARNING:  theodb_decode_batch_stream: rows=10000 bytes=48316
psql:/root/theo-db/benchmarks/m168_stream_ab.sql:65: WARNING:  theodb_decode_batch_stream: rows=10000 bytes=105660
psql:/root/theo-db/benchmarks/m168_stream_ab.sql:65: WARNING:  theodb_decode_batch_stream: rows=10000 bytes=72892
psql:/root/theo-db/benchmarks/m168_stream_ab.sql:65: WARNING:  theodb_decode_batch_stream: rows=10000 bytes=105660
psql:/root/theo-db/benchmarks/m168_stream_ab.sql:65: WARNING:  theodb_decode_batch_stream: rows=10000 bytes=105660
psql:/root/theo-db/benchmarks/m168_stream_ab.sql:65: WARNING:  theodb_decode_batch_stream: rows=10000 bytes=171196
psql:/root/theo-db/benchmarks/m168_stream_ab.sql:65: WARNING:  theodb_decode_batch_stream: rows=10000 bytes=171196
psql:/root/theo-db/benchmarks/m168_stream_ab.sql:65: WARNING:  theodb_decode_batch_stream: rows=10000 bytes=72892
psql:/root/theo-db/benchmarks/m168_stream_ab.sql:65: WARNING:  theodb_decode_batch_stream: rows=10000 bytes=171196
psql:/root/theo-db/benchmarks/m168_stream_ab.sql:65: WARNING:  theodb_decode_batch_stream: rows=10000 bytes=105660
psql:/root/theo-db/benchmarks/m168_stream_ab.sql:65: WARNING:  theodb_decode_batch_stream: rows=10000 bytes=302268
psql:/root/theo-db/benchmarks/m168_stream_ab.sql:65: WARNING:  theodb_decode_batch_stream: rows=10000 bytes=171196
psql:/root/theo-db/benchmarks/m168_stream_ab.sql:65: WARNING:  theodb_decode_batch_stream: rows=10000 bytes=105660
psql:/root/theo-db/benchmarks/m168_stream_ab.sql:65: WARNING:  theodb_decode_batch_stream: rows=10000 bytes=171196
psql:/root/theo-db/benchmarks/m168_stream_ab.sql:65: WARNING:  theodb_decode_batch_stream: rows=10000 bytes=105660
psql:/root/theo-db/benchmarks/m168_stream_ab.sql:65: WARNING:  theodb_decode_batch_stream: rows=10000 bytes=171196
psql:/root/theo-db/benchmarks/m168_stream_ab.sql:65: WARNING:  theodb_decode_batch_stream: rows=10000 bytes=72892
psql:/root/theo-db/benchmarks/m168_stream_ab.sql:65: WARNING:  theodb_decode_batch_stream: rows=10000 bytes=72892
psql:/root/theo-db/benchmarks/m168_stream_ab.sql:65: WARNING:  theodb_decode_batch_stream: rows=10000 bytes=302268
psql:/root/theo-db/benchmarks/m168_stream_ab.sql:65: WARNING:  theodb_decode_batch_stream: rows=10000 bytes=105660
psql:/root/theo-db/benchmarks/m168_stream_ab.sql:65: WARNING:  theodb_decode_batch_stream: rows=10000 bytes=105660
psql:/root/theo-db/benchmarks/m168_stream_ab.sql:65: WARNING:  theodb_decode_batch_stream: rows=10000 bytes=105660
psql:/root/theo-db/benchmarks/m168_stream_ab.sql:65: WARNING:  theodb_decode_batch_stream: rows=10000 bytes=302268
psql:/root/theo-db/benchmarks/m168_stream_ab.sql:65: WARNING:  theodb_decode_batch_stream: rows=10000 bytes=171196
psql:/root/theo-db/benchmarks/m168_stream_ab.sql:65: WARNING:  theodb_decode_batch_stream: rows=10000 bytes=105660
psql:/root/theo-db/benchmarks/m168_stream_ab.sql:65: WARNING:  theodb_decode_batch_stream: rows=10000 bytes=105660
psql:/root/theo-db/benchmarks/m168_stream_ab.sql:65: WARNING:  theodb_decode_batch_stream: rows=10000 bytes=171196
psql:/root/theo-db/benchmarks/m168_stream_ab.sql:65: WARNING:  theodb_decode_batch_stream: rows=10000 bytes=105660
psql:/root/theo-db/benchmarks/m168_stream_ab.sql:65: WARNING:  theodb_decode_batch_stream: rows=10000 bytes=56508
psql:/root/theo-db/benchmarks/m168_stream_ab.sql:65: WARNING:  theodb_decode_batch_stream: rows=10000 bytes=171196
psql:/root/theo-db/benchmarks/m168_stream_ab.sql:65: WARNING:  theodb_decode_batch_stream: rows=10000 bytes=302268
psql:/root/theo-db/benchmarks/m168_stream_ab.sql:65: WARNING:  theodb_decode_batch_stream: rows=10000 bytes=72892
psql:/root/theo-db/benchmarks/m168_stream_ab.sql:65: WARNING:  theodb_decode_batch_stream: rows=10000 bytes=105660
psql:/root/theo-db/benchmarks/m168_stream_ab.sql:65: WARNING:  theodb_decode_batch_stream: rows=10000 bytes=171196
psql:/root/theo-db/benchmarks/m168_stream_ab.sql:65: WARNING:  theodb_decode_batch_stream: rows=10000 bytes=171196
psql:/root/theo-db/benchmarks/m168_stream_ab.sql:65: WARNING:  theodb_decode_batch_stream: rows=10000 bytes=105660
psql:/root/theo-db/benchmarks/m168_stream_ab.sql:65: WARNING:  theodb_decode_batch_stream: rows=10000 bytes=105660
psql:/root/theo-db/benchmarks/m168_stream_ab.sql:65: WARNING:  theodb_decode_batch_stream: rows=10000 bytes=171196
psql:/root/theo-db/benchmarks/m168_stream_ab.sql:65: WARNING:  theodb_decode_batch_stream: rows=10000 bytes=72892
psql:/root/theo-db/benchmarks/m168_stream_ab.sql:65: WARNING:  theodb_decode_batch_stream: rows=10000 bytes=72892
psql:/root/theo-db/benchmarks/m168_stream_ab.sql:65: WARNING:  theodb_decode_batch_stream: rows=10000 bytes=302268
psql:/root/theo-db/benchmarks/m168_stream_ab.sql:65: WARNING:  theodb_decode_batch_stream: rows=10000 bytes=171196
psql:/root/theo-db/benchmarks/m168_stream_ab.sql:65: WARNING:  theodb_decode_batch_stream: rows=10000 bytes=72892
psql:/root/theo-db/benchmarks/m168_stream_ab.sql:65: WARNING:  theodb_decode_batch_stream: rows=10000 bytes=105660
psql:/root/theo-db/benchmarks/m168_stream_ab.sql:65: WARNING:  theodb_decode_batch_stream: rows=10000 bytes=105660
psql:/root/theo-db/benchmarks/m168_stream_ab.sql:65: WARNING:  theodb_decode_batch_stream: rows=10000 bytes=171196
psql:/root/theo-db/benchmarks/m168_stream_ab.sql:65: WARNING:  theodb_decode_batch_stream: rows=10000 bytes=105660
psql:/root/theo-db/benchmarks/m168_stream_ab.sql:65: WARNING:  theodb_decode_batch_stream: rows=10000 bytes=171196
psql:/root/theo-db/benchmarks/m168_stream_ab.sql:65: WARNING:  theodb_decode_batch_stream: rows=10000 bytes=105660
psql:/root/theo-db/benchmarks/m168_stream_ab.sql:65: WARNING:  theodb_decode_batch_stream: rows=10000 bytes=171196
psql:/root/theo-db/benchmarks/m168_stream_ab.sql:65: WARNING:  theodb_decode_batch_stream: rows=10000 bytes=171196
psql:/root/theo-db/benchmarks/m168_stream_ab.sql:65: WARNING:  theodb_decode_batch_stream: rows=10000 bytes=105660
psql:/root/theo-db/benchmarks/m168_stream_ab.sql:65: WARNING:  theodb_topk_pool: peak_reserved=1220138 reserved_at_end=0 pool_limit=201326592
psql:/root/theo-db/benchmarks/m168_stream_ab.sql:65: NOTICE:  ARM=eager pair=1 q=q26
psql:/root/theo-db/benchmarks/m168_stream_ab.sql:65: WARNING:  theodb_admit_decline: topk_entered_sort
psql:/root/theo-db/benchmarks/m168_stream_ab.sql:65: WARNING:  theodb_admit_decline: swap_topk_admitted
psql:/root/theo-db/benchmarks/m168_stream_ab.sql:65: WARNING:  theodb_admit_decline: topk_entered_sort
psql:/root/theo-db/benchmarks/m168_stream_ab.sql:65: WARNING:  theodb_admit_decline: topk_parent_not_limit
psql:/root/theo-db/benchmarks/m168_stream_ab.sql:65: WARNING:  theodb_decode_batch: rows=1000000 bytes=20388828 work_mem_bytes=67108864
psql:/root/theo-db/benchmarks/m168_stream_ab.sql:65: NOTICE:  ARM=stream pair=1 q=q26
psql:/root/theo-db/benchmarks/m168_stream_ab.sql:65: WARNING:  theodb_admit_decline: topk_entered_sort
psql:/root/theo-db/benchmarks/m168_stream_ab.sql:65: WARNING:  theodb_admit_decline: swap_topk_admitted
psql:/root/theo-db/benchmarks/m168_stream_ab.sql:65: WARNING:  theodb_admit_decline: topk_entered_sort
psql:/root/theo-db/benchmarks/m168_stream_ab.sql:65: WARNING:  theodb_admit_decline: topk_parent_not_limit
psql:/root/theo-db/benchmarks/m168_stream_ab.sql:65: WARNING:  theodb_decode_batch_stream: rows=10000 bytes=185756 probe=1
psql:/root/theo-db/benchmarks/m168_stream_ab.sql:65: WARNING:  theodb_decode_batch_stream: rows=10000 bytes=251292
psql:/root/theo-db/benchmarks/m168_stream_ab.sql:65: WARNING:  theodb_decode_batch_stream: rows=10000 bytes=382364
psql:/root/theo-db/benchmarks/m168_stream_ab.sql:65: WARNING:  theodb_decode_batch_stream: rows=10000 bytes=251292
psql:/root/theo-db/benchmarks/m168_stream_ab.sql:65: WARNING:  theodb_decode_batch_stream: rows=10000 bytes=251292
psql:/root/theo-db/benchmarks/m168_stream_ab.sql:65: WARNING:  theodb_decode_batch_stream: rows=10000 bytes=185756
psql:/root/theo-db/benchmarks/m168_stream_ab.sql:65: WARNING:  theodb_decode_batch_stream: rows=10000 bytes=185756
psql:/root/theo-db/benchmarks/m168_stream_ab.sql:65: WARNING:  theodb_decode_batch_stream: rows=10000 bytes=185756
psql:/root/theo-db/benchmarks/m168_stream_ab.sql:65: WARNING:  theodb_decode_batch_stream: rows=10000 bytes=185756
psql:/root/theo-db/benchmarks/m168_stream_ab.sql:65: WARNING:  theodb_decode_batch_stream: rows=10000 bytes=251292
psql:/root/theo-db/benchmarks/m168_stream_ab.sql:65: WARNING:  theodb_decode_batch_stream: rows=10000 bytes=185756
psql:/root/theo-db/benchmarks/m168_stream_ab.sql:65: WARNING:  theodb_decode_batch_stream: rows=10000 bytes=251292
psql:/root/theo-db/benchmarks/m168_stream_ab.sql:65: WARNING:  theodb_decode_batch_stream: rows=10000 bytes=152988
psql:/root/theo-db/benchmarks/m168_stream_ab.sql:65: WARNING:  theodb_decode_batch_stream: rows=10000 bytes=136604
psql:/root/theo-db/benchmarks/m168_stream_ab.sql:65: WARNING:  theodb_decode_batch_stream: rows=10000 bytes=185756
psql:/root/theo-db/benchmarks/m168_stream_ab.sql:65: WARNING:  theodb_decode_batch_stream: rows=10000 bytes=251292
psql:/root/theo-db/benchmarks/m168_stream_ab.sql:65: WARNING:  theodb_decode_batch_stream: rows=10000 bytes=152988
psql:/root/theo-db/benchmarks/m168_stream_ab.sql:65: WARNING:  theodb_decode_batch_stream: rows=10000 bytes=185756
psql:/root/theo-db/benchmarks/m168_stream_ab.sql:65: WARNING:  theodb_decode_batch_stream: rows=10000 bytes=251292
psql:/root/theo-db/benchmarks/m168_stream_ab.sql:65: WARNING:  theodb_decode_batch_stream: rows=10000 bytes=185756
psql:/root/theo-db/benchmarks/m168_stream_ab.sql:65: WARNING:  theodb_decode_batch_stream: rows=10000 bytes=185756
psql:/root/theo-db/benchmarks/m168_stream_ab.sql:65: WARNING:  theodb_decode_batch_stream: rows=10000 bytes=185756
psql:/root/theo-db/benchmarks/m168_stream_ab.sql:65: WARNING:  theodb_decode_batch_stream: rows=10000 bytes=152988
psql:/root/theo-db/benchmarks/m168_stream_ab.sql:65: WARNING:  theodb_decode_batch_stream: rows=10000 bytes=136604
psql:/root/theo-db/benchmarks/m168_stream_ab.sql:65: WARNING:  theodb_decode_batch_stream: rows=10000 bytes=136604
psql:/root/theo-db/benchmarks/m168_stream_ab.sql:65: WARNING:  theodb_decode_batch_stream: rows=10000 bytes=185756
psql:/root/theo-db/benchmarks/m168_stream_ab.sql:65: WARNING:  theodb_decode_batch_stream: rows=10000 bytes=382364
psql:/root/theo-db/benchmarks/m168_stream_ab.sql:65: WARNING:  theodb_decode_batch_stream: rows=10000 bytes=136604
psql:/root/theo-db/benchmarks/m168_stream_ab.sql:65: WARNING:  theodb_decode_batch_stream: rows=10000 bytes=136604
psql:/root/theo-db/benchmarks/m168_stream_ab.sql:65: WARNING:  theodb_decode_batch_stream: rows=10000 bytes=152988
psql:/root/theo-db/benchmarks/m168_stream_ab.sql:65: WARNING:  theodb_decode_batch_stream: rows=10000 bytes=185756
psql:/root/theo-db/benchmarks/m168_stream_ab.sql:65: WARNING:  theodb_decode_batch_stream: rows=10000 bytes=185756
psql:/root/theo-db/benchmarks/m168_stream_ab.sql:65: WARNING:  theodb_decode_batch_stream: rows=10000 bytes=152988
psql:/root/theo-db/benchmarks/m168_stream_ab.sql:65: WARNING:  theodb_decode_batch_stream: rows=10000 bytes=185756
psql:/root/theo-db/benchmarks/m168_stream_ab.sql:65: WARNING:  theodb_decode_batch_stream: rows=10000 bytes=185756
psql:/root/theo-db/benchmarks/m168_stream_ab.sql:65: WARNING:  theodb_decode_batch_stream: rows=10000 bytes=251292
psql:/root/theo-db/benchmarks/m168_stream_ab.sql:65: WARNING:  theodb_decode_batch_stream: rows=10000 bytes=251292
psql:/root/theo-db/benchmarks/m168_stream_ab.sql:65: WARNING:  theodb_decode_batch_stream: rows=10000 bytes=136604
psql:/root/theo-db/benchmarks/m168_stream_ab.sql:65: WARNING:  theodb_decode_batch_stream: rows=10000 bytes=251292
psql:/root/theo-db/benchmarks/m168_stream_ab.sql:65: WARNING:  theodb_decode_batch_stream: rows=10000 bytes=152988
psql:/root/theo-db/benchmarks/m168_stream_ab.sql:65: WARNING:  theodb_decode_batch_stream: rows=10000 bytes=152988
psql:/root/theo-db/benchmarks/m168_stream_ab.sql:65: WARNING:  theodb_decode_batch_stream: rows=10000 bytes=382364
psql:/root/theo-db/benchmarks/m168_stream_ab.sql:65: WARNING:  theodb_decode_batch_stream: rows=10000 bytes=644508
psql:/root/theo-db/benchmarks/m168_stream_ab.sql:65: WARNING:  theodb_decode_batch_stream: rows=10000 bytes=644508
psql:/root/theo-db/benchmarks/m168_stream_ab.sql:65: WARNING:  theodb_decode_batch_stream: rows=10000 bytes=644508
psql:/root/theo-db/benchmarks/m168_stream_ab.sql:65: WARNING:  theodb_decode_batch_stream: rows=10000 bytes=382364
psql:/root/theo-db/benchmarks/m168_stream_ab.sql:65: WARNING:  theodb_decode_batch_stream: rows=10000 bytes=251292
psql:/root/theo-db/benchmarks/m168_stream_ab.sql:65: WARNING:  theodb_decode_batch_stream: rows=10000 bytes=185756
psql:/root/theo-db/benchmarks/m168_stream_ab.sql:65: WARNING:  theodb_decode_batch_stream: rows=10000 bytes=128412
psql:/root/theo-db/benchmarks/m168_stream_ab.sql:65: WARNING:  theodb_decode_batch_stream: rows=10000 bytes=185756
psql:/root/theo-db/benchmarks/m168_stream_ab.sql:65: WARNING:  theodb_decode_batch_stream: rows=10000 bytes=152988
psql:/root/theo-db/benchmarks/m168_stream_ab.sql:65: WARNING:  theodb_decode_batch_stream: rows=10000 bytes=185756
psql:/root/theo-db/benchmarks/m168_stream_ab.sql:65: WARNING:  theodb_decode_batch_stream: rows=10000 bytes=185756
psql:/root/theo-db/benchmarks/m168_stream_ab.sql:65: WARNING:  theodb_decode_batch_stream: rows=10000 bytes=251292
psql:/root/theo-db/benchmarks/m168_stream_ab.sql:65: WARNING:  theodb_decode_batch_stream: rows=10000 bytes=251292
psql:/root/theo-db/benchmarks/m168_stream_ab.sql:65: WARNING:  theodb_decode_batch_stream: rows=10000 bytes=152988
psql:/root/theo-db/benchmarks/m168_stream_ab.sql:65: WARNING:  theodb_decode_batch_stream: rows=10000 bytes=251292
psql:/root/theo-db/benchmarks/m168_stream_ab.sql:65: WARNING:  theodb_decode_batch_stream: rows=10000 bytes=185756
psql:/root/theo-db/benchmarks/m168_stream_ab.sql:65: WARNING:  theodb_decode_batch_stream: rows=10000 bytes=382364
psql:/root/theo-db/benchmarks/m168_stream_ab.sql:65: WARNING:  theodb_decode_batch_stream: rows=10000 bytes=251292
psql:/root/theo-db/benchmarks/m168_stream_ab.sql:65: WARNING:  theodb_decode_batch_stream: rows=10000 bytes=185756
psql:/root/theo-db/benchmarks/m168_stream_ab.sql:65: WARNING:  theodb_decode_batch_stream: rows=10000 bytes=251292
psql:/root/theo-db/benchmarks/m168_stream_ab.sql:65: WARNING:  theodb_decode_batch_stream: rows=10000 bytes=185756
psql:/root/theo-db/benchmarks/m168_stream_ab.sql:65: WARNING:  theodb_decode_batch_stream: rows=10000 bytes=251292
psql:/root/theo-db/benchmarks/m168_stream_ab.sql:65: WARNING:  theodb_decode_batch_stream: rows=10000 bytes=152988
psql:/root/theo-db/benchmarks/m168_stream_ab.sql:65: WARNING:  theodb_decode_batch_stream: rows=10000 bytes=152988
psql:/root/theo-db/benchmarks/m168_stream_ab.sql:65: WARNING:  theodb_decode_batch_stream: rows=10000 bytes=382364
psql:/root/theo-db/benchmarks/m168_stream_ab.sql:65: WARNING:  theodb_decode_batch_stream: rows=10000 bytes=185756
psql:/root/theo-db/benchmarks/m168_stream_ab.sql:65: WARNING:  theodb_decode_batch_stream: rows=10000 bytes=185756
psql:/root/theo-db/benchmarks/m168_stream_ab.sql:65: WARNING:  theodb_decode_batch_stream: rows=10000 bytes=185756
psql:/root/theo-db/benchmarks/m168_stream_ab.sql:65: WARNING:  theodb_decode_batch_stream: rows=10000 bytes=382364
psql:/root/theo-db/benchmarks/m168_stream_ab.sql:65: WARNING:  theodb_decode_batch_stream: rows=10000 bytes=251292
psql:/root/theo-db/benchmarks/m168_stream_ab.sql:65: WARNING:  theodb_decode_batch_stream: rows=10000 bytes=185756
psql:/root/theo-db/benchmarks/m168_stream_ab.sql:65: WARNING:  theodb_decode_batch_stream: rows=10000 bytes=185756
psql:/root/theo-db/benchmarks/m168_stream_ab.sql:65: WARNING:  theodb_decode_batch_stream: rows=10000 bytes=251292
psql:/root/theo-db/benchmarks/m168_stream_ab.sql:65: WARNING:  theodb_decode_batch_stream: rows=10000 bytes=185756
psql:/root/theo-db/benchmarks/m168_stream_ab.sql:65: WARNING:  theodb_decode_batch_stream: rows=10000 bytes=136604
psql:/root/theo-db/benchmarks/m168_stream_ab.sql:65: WARNING:  theodb_decode_batch_stream: rows=10000 bytes=251292
psql:/root/theo-db/benchmarks/m168_stream_ab.sql:65: WARNING:  theodb_decode_batch_stream: rows=10000 bytes=382364
psql:/root/theo-db/benchmarks/m168_stream_ab.sql:65: WARNING:  theodb_decode_batch_stream: rows=10000 bytes=152988
psql:/root/theo-db/benchmarks/m168_stream_ab.sql:65: WARNING:  theodb_decode_batch_stream: rows=10000 bytes=185756
psql:/root/theo-db/benchmarks/m168_stream_ab.sql:65: WARNING:  theodb_decode_batch_stream: rows=10000 bytes=251292
psql:/root/theo-db/benchmarks/m168_stream_ab.sql:65: WARNING:  theodb_decode_batch_stream: rows=10000 bytes=251292
psql:/root/theo-db/benchmarks/m168_stream_ab.sql:65: WARNING:  theodb_decode_batch_stream: rows=10000 bytes=185756
psql:/root/theo-db/benchmarks/m168_stream_ab.sql:65: WARNING:  theodb_decode_batch_stream: rows=10000 bytes=185756
psql:/root/theo-db/benchmarks/m168_stream_ab.sql:65: WARNING:  theodb_decode_batch_stream: rows=10000 bytes=251292
psql:/root/theo-db/benchmarks/m168_stream_ab.sql:65: WARNING:  theodb_decode_batch_stream: rows=10000 bytes=152988
psql:/root/theo-db/benchmarks/m168_stream_ab.sql:65: WARNING:  theodb_decode_batch_stream: rows=10000 bytes=152988
psql:/root/theo-db/benchmarks/m168_stream_ab.sql:65: WARNING:  theodb_decode_batch_stream: rows=10000 bytes=382364
psql:/root/theo-db/benchmarks/m168_stream_ab.sql:65: WARNING:  theodb_decode_batch_stream: rows=10000 bytes=251292
psql:/root/theo-db/benchmarks/m168_stream_ab.sql:65: WARNING:  theodb_decode_batch_stream: rows=10000 bytes=152988
psql:/root/theo-db/benchmarks/m168_stream_ab.sql:65: WARNING:  theodb_decode_batch_stream: rows=10000 bytes=185756
psql:/root/theo-db/benchmarks/m168_stream_ab.sql:65: WARNING:  theodb_decode_batch_stream: rows=10000 bytes=185756
psql:/root/theo-db/benchmarks/m168_stream_ab.sql:65: WARNING:  theodb_decode_batch_stream: rows=10000 bytes=251292
psql:/root/theo-db/benchmarks/m168_stream_ab.sql:65: WARNING:  theodb_decode_batch_stream: rows=10000 bytes=185756
psql:/root/theo-db/benchmarks/m168_stream_ab.sql:65: WARNING:  theodb_decode_batch_stream: rows=10000 bytes=251292
psql:/root/theo-db/benchmarks/m168_stream_ab.sql:65: WARNING:  theodb_decode_batch_stream: rows=10000 bytes=185756
psql:/root/theo-db/benchmarks/m168_stream_ab.sql:65: WARNING:  theodb_decode_batch_stream: rows=10000 bytes=251292
psql:/root/theo-db/benchmarks/m168_stream_ab.sql:65: WARNING:  theodb_decode_batch_stream: rows=10000 bytes=251292
psql:/root/theo-db/benchmarks/m168_stream_ab.sql:65: WARNING:  theodb_decode_batch_stream: rows=10000 bytes=185756
psql:/root/theo-db/benchmarks/m168_stream_ab.sql:65: WARNING:  theodb_topk_pool: peak_reserved=1372880 reserved_at_end=0 pool_limit=201326592
psql:/root/theo-db/benchmarks/m168_stream_ab.sql:65: NOTICE:  ARM=stream pair=2 q=q23
psql:/root/theo-db/benchmarks/m168_stream_ab.sql:65: WARNING:  theodb_admit_decline: topk_entered_sort
psql:/root/theo-db/benchmarks/m168_stream_ab.sql:65: WARNING:  theodb_admit_decline: swap_topk_admitted
psql:/root/theo-db/benchmarks/m168_stream_ab.sql:65: WARNING:  theodb_admit_decline: topk_entered_sort
psql:/root/theo-db/benchmarks/m168_stream_ab.sql:65: WARNING:  theodb_admit_decline: topk_parent_not_limit
psql:/root/theo-db/benchmarks/m168_stream_ab.sql:65: WARNING:  theodb_decode_batch_stream: rows=10000 bytes=8953072 probe=1
psql:/root/theo-db/benchmarks/m168_stream_ab.sql:65: WARNING:  theodb_decode_batch_stream: rows=10000 bytes=8331504
psql:/root/theo-db/benchmarks/m168_stream_ab.sql:65: WARNING:  theodb_decode_batch_stream: rows=10000 bytes=8606960
psql:/root/theo-db/benchmarks/m168_stream_ab.sql:65: WARNING:  theodb_decode_batch_stream: rows=10000 bytes=9520368
psql:/root/theo-db/benchmarks/m168_stream_ab.sql:65: WARNING:  theodb_decode_batch_stream: rows=10000 bytes=8605936
psql:/root/theo-db/benchmarks/m168_stream_ab.sql:65: WARNING:  theodb_decode_batch_stream: rows=10000 bytes=7796976
psql:/root/theo-db/benchmarks/m168_stream_ab.sql:65: WARNING:  theodb_decode_batch_stream: rows=10000 bytes=7798000
psql:/root/theo-db/benchmarks/m168_stream_ab.sql:65: WARNING:  theodb_decode_batch_stream: rows=10000 bytes=7540976
psql:/root/theo-db/benchmarks/m168_stream_ab.sql:65: WARNING:  theodb_decode_batch_stream: rows=10000 bytes=7803120
psql:/root/theo-db/benchmarks/m168_stream_ab.sql:65: WARNING:  theodb_decode_batch_stream: rows=10000 bytes=7595248
psql:/root/theo-db/benchmarks/m168_stream_ab.sql:65: WARNING:  theodb_decode_batch_stream: rows=10000 bytes=7365872
psql:/root/theo-db/benchmarks/m168_stream_ab.sql:65: WARNING:  theodb_decode_batch_stream: rows=10000 bytes=8596720
psql:/root/theo-db/benchmarks/m168_stream_ab.sql:65: WARNING:  theodb_decode_batch_stream: rows=10000 bytes=8703216
psql:/root/theo-db/benchmarks/m168_stream_ab.sql:65: WARNING:  theodb_decode_batch_stream: rows=10000 bytes=8504560
psql:/root/theo-db/benchmarks/m168_stream_ab.sql:65: WARNING:  theodb_decode_batch_stream: rows=10000 bytes=8534256
psql:/root/theo-db/benchmarks/m168_stream_ab.sql:65: WARNING:  theodb_decode_batch_stream: rows=10000 bytes=7548144
psql:/root/theo-db/benchmarks/m168_stream_ab.sql:65: WARNING:  theodb_decode_batch_stream: rows=10000 bytes=7292144
psql:/root/theo-db/benchmarks/m168_stream_ab.sql:65: WARNING:  theodb_decode_batch_stream: rows=10000 bytes=7386352
psql:/root/theo-db/benchmarks/m168_stream_ab.sql:65: WARNING:  theodb_decode_batch_stream: rows=10000 bytes=8725744
psql:/root/theo-db/benchmarks/m168_stream_ab.sql:65: WARNING:  theodb_decode_batch_stream: rows=10000 bytes=7266544
psql:/root/theo-db/benchmarks/m168_stream_ab.sql:65: WARNING:  theodb_decode_batch_stream: rows=10000 bytes=6332656
psql:/root/theo-db/benchmarks/m168_stream_ab.sql:65: WARNING:  theodb_decode_batch_stream: rows=10000 bytes=6346992
psql:/root/theo-db/benchmarks/m168_stream_ab.sql:65: WARNING:  theodb_decode_batch_stream: rows=10000 bytes=6428912
psql:/root/theo-db/benchmarks/m168_stream_ab.sql:65: WARNING:  theodb_decode_batch_stream: rows=10000 bytes=6150384
psql:/root/theo-db/benchmarks/m168_stream_ab.sql:65: WARNING:  theodb_decode_batch_stream: rows=10000 bytes=6151408
psql:/root/theo-db/benchmarks/m168_stream_ab.sql:65: WARNING:  theodb_decode_batch_stream: rows=10000 bytes=6724848
psql:/root/theo-db/benchmarks/m168_stream_ab.sql:65: WARNING:  theodb_decode_batch_stream: rows=10000 bytes=7812336
psql:/root/theo-db/benchmarks/m168_stream_ab.sql:65: WARNING:  theodb_decode_batch_stream: rows=10000 bytes=11492592
psql:/root/theo-db/benchmarks/m168_stream_ab.sql:65: WARNING:  theodb_decode_batch_stream: rows=10000 bytes=11503920
psql:/root/theo-db/benchmarks/m168_stream_ab.sql:65: WARNING:  theodb_decode_batch_stream: rows=10000 bytes=9479408
psql:/root/theo-db/benchmarks/m168_stream_ab.sql:65: WARNING:  theodb_decode_batch_stream: rows=10000 bytes=8464624
psql:/root/theo-db/benchmarks/m168_stream_ab.sql:65: WARNING:  theodb_decode_batch_stream: rows=10000 bytes=7480560
psql:/root/theo-db/benchmarks/m168_stream_ab.sql:65: WARNING:  theodb_decode_batch_stream: rows=10000 bytes=6268144
psql:/root/theo-db/benchmarks/m168_stream_ab.sql:65: WARNING:  theodb_decode_batch_stream: rows=10000 bytes=7451888
psql:/root/theo-db/benchmarks/m168_stream_ab.sql:65: WARNING:  theodb_decode_batch_stream: rows=10000 bytes=7256304
psql:/root/theo-db/benchmarks/m168_stream_ab.sql:65: WARNING:  theodb_decode_batch_stream: rows=10000 bytes=7546096
psql:/root/theo-db/benchmarks/m168_stream_ab.sql:65: WARNING:  theodb_decode_batch_stream: rows=10000 bytes=8398064
psql:/root/theo-db/benchmarks/m168_stream_ab.sql:65: WARNING:  theodb_decode_batch_stream: rows=10000 bytes=6126832
psql:/root/theo-db/benchmarks/m168_stream_ab.sql:65: WARNING:  theodb_decode_batch_stream: rows=10000 bytes=8534256
psql:/root/theo-db/benchmarks/m168_stream_ab.sql:65: WARNING:  theodb_decode_batch_stream: rows=10000 bytes=7583984
psql:/root/theo-db/benchmarks/m168_stream_ab.sql:65: WARNING:  theodb_decode_batch_stream: rows=10000 bytes=6822128
psql:/root/theo-db/benchmarks/m168_stream_ab.sql:65: WARNING:  theodb_decode_batch_stream: rows=10000 bytes=9510128
psql:/root/theo-db/benchmarks/m168_stream_ab.sql:65: WARNING:  theodb_decode_batch_stream: rows=10000 bytes=10853616
psql:/root/theo-db/benchmarks/m168_stream_ab.sql:65: WARNING:  theodb_decode_batch_stream: rows=10000 bytes=10853616
psql:/root/theo-db/benchmarks/m168_stream_ab.sql:65: WARNING:  theodb_decode_batch_stream: rows=10000 bytes=10820848
psql:/root/theo-db/benchmarks/m168_stream_ab.sql:65: WARNING:  theodb_decode_batch_stream: rows=10000 bytes=9515248
psql:/root/theo-db/benchmarks/m168_stream_ab.sql:65: WARNING:  theodb_decode_batch_stream: rows=10000 bytes=7553264
psql:/root/theo-db/benchmarks/m168_stream_ab.sql:65: WARNING:  theodb_decode_batch_stream: rows=10000 bytes=7315696
psql:/root/theo-db/benchmarks/m168_stream_ab.sql:65: WARNING:  theodb_decode_batch_stream: rows=10000 bytes=6469872
psql:/root/theo-db/benchmarks/m168_stream_ab.sql:65: WARNING:  theodb_decode_batch_stream: rows=10000 bytes=6789360
psql:/root/theo-db/benchmarks/m168_stream_ab.sql:65: WARNING:  theodb_decode_batch_stream: rows=10000 bytes=6169840
psql:/root/theo-db/benchmarks/m168_stream_ab.sql:65: WARNING:  theodb_decode_batch_stream: rows=10000 bytes=18754800
psql:/root/theo-db/benchmarks/m168_stream_ab.sql:65: WARNING:  theodb_decode_batch_stream: rows=10000 bytes=14563568
psql:/root/theo-db/benchmarks/m168_stream_ab.sql:65: WARNING:  theodb_decode_batch_stream: rows=10000 bytes=7447792
psql:/root/theo-db/benchmarks/m168_stream_ab.sql:65: WARNING:  theodb_decode_batch_stream: rows=10000 bytes=7939312
psql:/root/theo-db/benchmarks/m168_stream_ab.sql:65: WARNING:  theodb_decode_batch_stream: rows=10000 bytes=14135536
psql:/root/theo-db/benchmarks/m168_stream_ab.sql:65: WARNING:  theodb_decode_batch_stream: rows=10000 bytes=9512176
psql:/root/theo-db/benchmarks/m168_stream_ab.sql:65: WARNING:  theodb_decode_batch_stream: rows=10000 bytes=10526960
psql:/root/theo-db/benchmarks/m168_stream_ab.sql:65: WARNING:  theodb_decode_batch_stream: rows=10000 bytes=8865008
psql:/root/theo-db/benchmarks/m168_stream_ab.sql:65: WARNING:  theodb_decode_batch_stream: rows=10000 bytes=7552240
psql:/root/theo-db/benchmarks/m168_stream_ab.sql:65: WARNING:  theodb_decode_batch_stream: rows=10000 bytes=8505584
psql:/root/theo-db/benchmarks/m168_stream_ab.sql:65: WARNING:  theodb_decode_batch_stream: rows=10000 bytes=8483056
psql:/root/theo-db/benchmarks/m168_stream_ab.sql:65: WARNING:  theodb_decode_batch_stream: rows=10000 bytes=7257328
psql:/root/theo-db/benchmarks/m168_stream_ab.sql:65: WARNING:  theodb_decode_batch_stream: rows=10000 bytes=8463600
psql:/root/theo-db/benchmarks/m168_stream_ab.sql:65: WARNING:  theodb_decode_batch_stream: rows=10000 bytes=7257328
psql:/root/theo-db/benchmarks/m168_stream_ab.sql:65: WARNING:  theodb_decode_batch_stream: rows=10000 bytes=7316720
psql:/root/theo-db/benchmarks/m168_stream_ab.sql:65: WARNING:  theodb_decode_batch_stream: rows=10000 bytes=9510128
psql:/root/theo-db/benchmarks/m168_stream_ab.sql:65: WARNING:  theodb_decode_batch_stream: rows=10000 bytes=7281904
psql:/root/theo-db/benchmarks/m168_stream_ab.sql:65: WARNING:  theodb_decode_batch_stream: rows=10000 bytes=14163184
psql:/root/theo-db/benchmarks/m168_stream_ab.sql:65: WARNING:  theodb_decode_batch_stream: rows=10000 bytes=9446640
psql:/root/theo-db/benchmarks/m168_stream_ab.sql:65: WARNING:  theodb_decode_batch_stream: rows=10000 bytes=7681264
psql:/root/theo-db/benchmarks/m168_stream_ab.sql:65: WARNING:  theodb_decode_batch_stream: rows=10000 bytes=7421168
psql:/root/theo-db/benchmarks/m168_stream_ab.sql:65: WARNING:  theodb_decode_batch_stream: rows=10000 bytes=8550640
psql:/root/theo-db/benchmarks/m168_stream_ab.sql:65: WARNING:  theodb_decode_batch_stream: rows=10000 bytes=6971632
psql:/root/theo-db/benchmarks/m168_stream_ab.sql:65: WARNING:  theodb_decode_batch_stream: rows=10000 bytes=7816432
psql:/root/theo-db/benchmarks/m168_stream_ab.sql:65: WARNING:  theodb_decode_batch_stream: rows=10000 bytes=9381104
psql:/root/theo-db/benchmarks/m168_stream_ab.sql:65: WARNING:  theodb_decode_batch_stream: rows=10000 bytes=7185648
psql:/root/theo-db/benchmarks/m168_stream_ab.sql:65: WARNING:  theodb_decode_batch_stream: rows=10000 bytes=8367344
psql:/root/theo-db/benchmarks/m168_stream_ab.sql:65: WARNING:  theodb_decode_batch_stream: rows=10000 bytes=9510128
psql:/root/theo-db/benchmarks/m168_stream_ab.sql:65: WARNING:  theodb_decode_batch_stream: rows=10000 bytes=14556400
psql:/root/theo-db/benchmarks/m168_stream_ab.sql:65: WARNING:  theodb_decode_batch_stream: rows=10000 bytes=10497264
psql:/root/theo-db/benchmarks/m168_stream_ab.sql:65: WARNING:  theodb_decode_batch_stream: rows=10000 bytes=7414000
psql:/root/theo-db/benchmarks/m168_stream_ab.sql:65: WARNING:  theodb_decode_batch_stream: rows=10000 bytes=7557360
psql:/root/theo-db/benchmarks/m168_stream_ab.sql:65: WARNING:  theodb_decode_batch_stream: rows=10000 bytes=8589552
psql:/root/theo-db/benchmarks/m168_stream_ab.sql:65: WARNING:  theodb_decode_batch_stream: rows=10000 bytes=7594224
psql:/root/theo-db/benchmarks/m168_stream_ab.sql:65: WARNING:  theodb_decode_batch_stream: rows=10000 bytes=7321840
psql:/root/theo-db/benchmarks/m168_stream_ab.sql:65: WARNING:  theodb_decode_batch_stream: rows=10000 bytes=8268016
psql:/root/theo-db/benchmarks/m168_stream_ab.sql:65: WARNING:  theodb_decode_batch_stream: rows=10000 bytes=7233776
psql:/root/theo-db/benchmarks/m168_stream_ab.sql:65: WARNING:  theodb_decode_batch_stream: rows=10000 bytes=9526512
psql:/root/theo-db/benchmarks/m168_stream_ab.sql:65: WARNING:  theodb_decode_batch_stream: rows=10000 bytes=8331504
psql:/root/theo-db/benchmarks/m168_stream_ab.sql:65: WARNING:  theodb_decode_batch_stream: rows=10000 bytes=15144176
psql:/root/theo-db/benchmarks/m168_stream_ab.sql:65: WARNING:  theodb_decode_batch_stream: rows=10000 bytes=9318640
psql:/root/theo-db/benchmarks/m168_stream_ab.sql:65: WARNING:  theodb_decode_batch_stream: rows=10000 bytes=7492848
psql:/root/theo-db/benchmarks/m168_stream_ab.sql:65: WARNING:  theodb_decode_batch_stream: rows=10000 bytes=10439920
psql:/root/theo-db/benchmarks/m168_stream_ab.sql:65: WARNING:  theodb_decode_batch_stream: rows=10000 bytes=8547568
psql:/root/theo-db/benchmarks/m168_stream_ab.sql:65: WARNING:  theodb_decode_batch_stream: rows=10000 bytes=10438896
psql:/root/theo-db/benchmarks/m168_stream_ab.sql:65: WARNING:  theodb_decode_batch_stream: rows=10000 bytes=8543472
psql:/root/theo-db/benchmarks/m168_stream_ab.sql:65: WARNING:  theodb_decode_batch_stream: rows=10000 bytes=9392368
psql:/root/theo-db/benchmarks/m168_stream_ab.sql:65: WARNING:  theodb_decode_batch_stream: rows=10000 bytes=8859888
psql:/root/theo-db/benchmarks/m168_stream_ab.sql:65: WARNING:  theodb_decode_batch_stream: rows=10000 bytes=7756016
psql:/root/theo-db/benchmarks/m168_stream_ab.sql:65: WARNING:  theodb_topk_pool: peak_reserved=2411803 reserved_at_end=0 pool_limit=201326592
psql:/root/theo-db/benchmarks/m168_stream_ab.sql:65: NOTICE:  ARM=eager pair=2 q=q23
psql:/root/theo-db/benchmarks/m168_stream_ab.sql:65: WARNING:  theodb_admit_decline: topk_entered_sort
psql:/root/theo-db/benchmarks/m168_stream_ab.sql:65: WARNING:  theodb_admit_decline: swap_topk_admitted
psql:/root/theo-db/benchmarks/m168_stream_ab.sql:65: WARNING:  theodb_admit_decline: topk_entered_sort
psql:/root/theo-db/benchmarks/m168_stream_ab.sql:65: WARNING:  theodb_admit_decline: topk_parent_not_limit
psql:/root/theo-db/benchmarks/m168_stream_ab.sql:65: WARNING:  theodb_decode_batch: rows=1000000 bytes=809738352 work_mem_bytes=67108864
psql:/root/theo-db/benchmarks/m168_stream_ab.sql:65: NOTICE:  ARM=stream pair=2 q=q24
psql:/root/theo-db/benchmarks/m168_stream_ab.sql:65: WARNING:  theodb_admit_decline: topk_entered_sort
psql:/root/theo-db/benchmarks/m168_stream_ab.sql:65: WARNING:  theodb_admit_decline: swap_topk_admitted
psql:/root/theo-db/benchmarks/m168_stream_ab.sql:65: WARNING:  theodb_admit_decline: topk_entered_sort
psql:/root/theo-db/benchmarks/m168_stream_ab.sql:65: WARNING:  theodb_admit_decline: topk_parent_not_limit
psql:/root/theo-db/benchmarks/m168_stream_ab.sql:65: WARNING:  theodb_decode_batch_stream: rows=10000 bytes=185756 probe=1
psql:/root/theo-db/benchmarks/m168_stream_ab.sql:65: WARNING:  theodb_decode_batch_stream: rows=10000 bytes=251292
psql:/root/theo-db/benchmarks/m168_stream_ab.sql:65: WARNING:  theodb_decode_batch_stream: rows=10000 bytes=382364
psql:/root/theo-db/benchmarks/m168_stream_ab.sql:65: WARNING:  theodb_decode_batch_stream: rows=10000 bytes=251292
psql:/root/theo-db/benchmarks/m168_stream_ab.sql:65: WARNING:  theodb_decode_batch_stream: rows=10000 bytes=251292
psql:/root/theo-db/benchmarks/m168_stream_ab.sql:65: WARNING:  theodb_decode_batch_stream: rows=10000 bytes=185756
psql:/root/theo-db/benchmarks/m168_stream_ab.sql:65: WARNING:  theodb_decode_batch_stream: rows=10000 bytes=185756
psql:/root/theo-db/benchmarks/m168_stream_ab.sql:65: WARNING:  theodb_decode_batch_stream: rows=10000 bytes=185756
psql:/root/theo-db/benchmarks/m168_stream_ab.sql:65: WARNING:  theodb_decode_batch_stream: rows=10000 bytes=185756
psql:/root/theo-db/benchmarks/m168_stream_ab.sql:65: WARNING:  theodb_decode_batch_stream: rows=10000 bytes=251292
psql:/root/theo-db/benchmarks/m168_stream_ab.sql:65: WARNING:  theodb_decode_batch_stream: rows=10000 bytes=185756
psql:/root/theo-db/benchmarks/m168_stream_ab.sql:65: WARNING:  theodb_decode_batch_stream: rows=10000 bytes=251292
psql:/root/theo-db/benchmarks/m168_stream_ab.sql:65: WARNING:  theodb_decode_batch_stream: rows=10000 bytes=152988
psql:/root/theo-db/benchmarks/m168_stream_ab.sql:65: WARNING:  theodb_decode_batch_stream: rows=10000 bytes=136604
psql:/root/theo-db/benchmarks/m168_stream_ab.sql:65: WARNING:  theodb_decode_batch_stream: rows=10000 bytes=185756
psql:/root/theo-db/benchmarks/m168_stream_ab.sql:65: WARNING:  theodb_decode_batch_stream: rows=10000 bytes=251292
psql:/root/theo-db/benchmarks/m168_stream_ab.sql:65: WARNING:  theodb_decode_batch_stream: rows=10000 bytes=152988
psql:/root/theo-db/benchmarks/m168_stream_ab.sql:65: WARNING:  theodb_decode_batch_stream: rows=10000 bytes=185756
psql:/root/theo-db/benchmarks/m168_stream_ab.sql:65: WARNING:  theodb_decode_batch_stream: rows=10000 bytes=251292
psql:/root/theo-db/benchmarks/m168_stream_ab.sql:65: WARNING:  theodb_decode_batch_stream: rows=10000 bytes=185756
psql:/root/theo-db/benchmarks/m168_stream_ab.sql:65: WARNING:  theodb_decode_batch_stream: rows=10000 bytes=185756
psql:/root/theo-db/benchmarks/m168_stream_ab.sql:65: WARNING:  theodb_decode_batch_stream: rows=10000 bytes=185756
psql:/root/theo-db/benchmarks/m168_stream_ab.sql:65: WARNING:  theodb_decode_batch_stream: rows=10000 bytes=152988
psql:/root/theo-db/benchmarks/m168_stream_ab.sql:65: WARNING:  theodb_decode_batch_stream: rows=10000 bytes=136604
psql:/root/theo-db/benchmarks/m168_stream_ab.sql:65: WARNING:  theodb_decode_batch_stream: rows=10000 bytes=136604
psql:/root/theo-db/benchmarks/m168_stream_ab.sql:65: WARNING:  theodb_decode_batch_stream: rows=10000 bytes=185756
psql:/root/theo-db/benchmarks/m168_stream_ab.sql:65: WARNING:  theodb_decode_batch_stream: rows=10000 bytes=382364
psql:/root/theo-db/benchmarks/m168_stream_ab.sql:65: WARNING:  theodb_decode_batch_stream: rows=10000 bytes=136604
psql:/root/theo-db/benchmarks/m168_stream_ab.sql:65: WARNING:  theodb_decode_batch_stream: rows=10000 bytes=136604
psql:/root/theo-db/benchmarks/m168_stream_ab.sql:65: WARNING:  theodb_decode_batch_stream: rows=10000 bytes=152988
psql:/root/theo-db/benchmarks/m168_stream_ab.sql:65: WARNING:  theodb_decode_batch_stream: rows=10000 bytes=185756
psql:/root/theo-db/benchmarks/m168_stream_ab.sql:65: WARNING:  theodb_decode_batch_stream: rows=10000 bytes=185756
psql:/root/theo-db/benchmarks/m168_stream_ab.sql:65: WARNING:  theodb_decode_batch_stream: rows=10000 bytes=152988
psql:/root/theo-db/benchmarks/m168_stream_ab.sql:65: WARNING:  theodb_decode_batch_stream: rows=10000 bytes=185756
psql:/root/theo-db/benchmarks/m168_stream_ab.sql:65: WARNING:  theodb_decode_batch_stream: rows=10000 bytes=185756
psql:/root/theo-db/benchmarks/m168_stream_ab.sql:65: WARNING:  theodb_decode_batch_stream: rows=10000 bytes=251292
psql:/root/theo-db/benchmarks/m168_stream_ab.sql:65: WARNING:  theodb_decode_batch_stream: rows=10000 bytes=251292
psql:/root/theo-db/benchmarks/m168_stream_ab.sql:65: WARNING:  theodb_decode_batch_stream: rows=10000 bytes=136604
psql:/root/theo-db/benchmarks/m168_stream_ab.sql:65: WARNING:  theodb_decode_batch_stream: rows=10000 bytes=251292
psql:/root/theo-db/benchmarks/m168_stream_ab.sql:65: WARNING:  theodb_decode_batch_stream: rows=10000 bytes=152988
psql:/root/theo-db/benchmarks/m168_stream_ab.sql:65: WARNING:  theodb_decode_batch_stream: rows=10000 bytes=152988
psql:/root/theo-db/benchmarks/m168_stream_ab.sql:65: WARNING:  theodb_decode_batch_stream: rows=10000 bytes=382364
psql:/root/theo-db/benchmarks/m168_stream_ab.sql:65: WARNING:  theodb_decode_batch_stream: rows=10000 bytes=644508
psql:/root/theo-db/benchmarks/m168_stream_ab.sql:65: WARNING:  theodb_decode_batch_stream: rows=10000 bytes=644508
psql:/root/theo-db/benchmarks/m168_stream_ab.sql:65: WARNING:  theodb_decode_batch_stream: rows=10000 bytes=644508
psql:/root/theo-db/benchmarks/m168_stream_ab.sql:65: WARNING:  theodb_decode_batch_stream: rows=10000 bytes=382364
psql:/root/theo-db/benchmarks/m168_stream_ab.sql:65: WARNING:  theodb_decode_batch_stream: rows=10000 bytes=251292
psql:/root/theo-db/benchmarks/m168_stream_ab.sql:65: WARNING:  theodb_decode_batch_stream: rows=10000 bytes=185756
psql:/root/theo-db/benchmarks/m168_stream_ab.sql:65: WARNING:  theodb_decode_batch_stream: rows=10000 bytes=128412
psql:/root/theo-db/benchmarks/m168_stream_ab.sql:65: WARNING:  theodb_decode_batch_stream: rows=10000 bytes=185756
psql:/root/theo-db/benchmarks/m168_stream_ab.sql:65: WARNING:  theodb_decode_batch_stream: rows=10000 bytes=152988
psql:/root/theo-db/benchmarks/m168_stream_ab.sql:65: WARNING:  theodb_decode_batch_stream: rows=10000 bytes=185756
psql:/root/theo-db/benchmarks/m168_stream_ab.sql:65: WARNING:  theodb_decode_batch_stream: rows=10000 bytes=185756
psql:/root/theo-db/benchmarks/m168_stream_ab.sql:65: WARNING:  theodb_decode_batch_stream: rows=10000 bytes=251292
psql:/root/theo-db/benchmarks/m168_stream_ab.sql:65: WARNING:  theodb_decode_batch_stream: rows=10000 bytes=251292
psql:/root/theo-db/benchmarks/m168_stream_ab.sql:65: WARNING:  theodb_decode_batch_stream: rows=10000 bytes=152988
psql:/root/theo-db/benchmarks/m168_stream_ab.sql:65: WARNING:  theodb_decode_batch_stream: rows=10000 bytes=251292
psql:/root/theo-db/benchmarks/m168_stream_ab.sql:65: WARNING:  theodb_decode_batch_stream: rows=10000 bytes=185756
psql:/root/theo-db/benchmarks/m168_stream_ab.sql:65: WARNING:  theodb_decode_batch_stream: rows=10000 bytes=382364
psql:/root/theo-db/benchmarks/m168_stream_ab.sql:65: WARNING:  theodb_decode_batch_stream: rows=10000 bytes=251292
psql:/root/theo-db/benchmarks/m168_stream_ab.sql:65: WARNING:  theodb_decode_batch_stream: rows=10000 bytes=185756
psql:/root/theo-db/benchmarks/m168_stream_ab.sql:65: WARNING:  theodb_decode_batch_stream: rows=10000 bytes=251292
psql:/root/theo-db/benchmarks/m168_stream_ab.sql:65: WARNING:  theodb_decode_batch_stream: rows=10000 bytes=185756
psql:/root/theo-db/benchmarks/m168_stream_ab.sql:65: WARNING:  theodb_decode_batch_stream: rows=10000 bytes=251292
psql:/root/theo-db/benchmarks/m168_stream_ab.sql:65: WARNING:  theodb_decode_batch_stream: rows=10000 bytes=152988
psql:/root/theo-db/benchmarks/m168_stream_ab.sql:65: WARNING:  theodb_decode_batch_stream: rows=10000 bytes=152988
psql:/root/theo-db/benchmarks/m168_stream_ab.sql:65: WARNING:  theodb_decode_batch_stream: rows=10000 bytes=382364
psql:/root/theo-db/benchmarks/m168_stream_ab.sql:65: WARNING:  theodb_decode_batch_stream: rows=10000 bytes=185756
psql:/root/theo-db/benchmarks/m168_stream_ab.sql:65: WARNING:  theodb_decode_batch_stream: rows=10000 bytes=185756
psql:/root/theo-db/benchmarks/m168_stream_ab.sql:65: WARNING:  theodb_decode_batch_stream: rows=10000 bytes=185756
psql:/root/theo-db/benchmarks/m168_stream_ab.sql:65: WARNING:  theodb_decode_batch_stream: rows=10000 bytes=382364
psql:/root/theo-db/benchmarks/m168_stream_ab.sql:65: WARNING:  theodb_decode_batch_stream: rows=10000 bytes=251292
psql:/root/theo-db/benchmarks/m168_stream_ab.sql:65: WARNING:  theodb_decode_batch_stream: rows=10000 bytes=185756
psql:/root/theo-db/benchmarks/m168_stream_ab.sql:65: WARNING:  theodb_decode_batch_stream: rows=10000 bytes=185756
psql:/root/theo-db/benchmarks/m168_stream_ab.sql:65: WARNING:  theodb_decode_batch_stream: rows=10000 bytes=251292
psql:/root/theo-db/benchmarks/m168_stream_ab.sql:65: WARNING:  theodb_decode_batch_stream: rows=10000 bytes=185756
psql:/root/theo-db/benchmarks/m168_stream_ab.sql:65: WARNING:  theodb_decode_batch_stream: rows=10000 bytes=136604
psql:/root/theo-db/benchmarks/m168_stream_ab.sql:65: WARNING:  theodb_decode_batch_stream: rows=10000 bytes=251292
psql:/root/theo-db/benchmarks/m168_stream_ab.sql:65: WARNING:  theodb_decode_batch_stream: rows=10000 bytes=382364
psql:/root/theo-db/benchmarks/m168_stream_ab.sql:65: WARNING:  theodb_decode_batch_stream: rows=10000 bytes=152988
psql:/root/theo-db/benchmarks/m168_stream_ab.sql:65: WARNING:  theodb_decode_batch_stream: rows=10000 bytes=185756
psql:/root/theo-db/benchmarks/m168_stream_ab.sql:65: WARNING:  theodb_decode_batch_stream: rows=10000 bytes=251292
psql:/root/theo-db/benchmarks/m168_stream_ab.sql:65: WARNING:  theodb_decode_batch_stream: rows=10000 bytes=251292
psql:/root/theo-db/benchmarks/m168_stream_ab.sql:65: WARNING:  theodb_decode_batch_stream: rows=10000 bytes=185756
psql:/root/theo-db/benchmarks/m168_stream_ab.sql:65: WARNING:  theodb_decode_batch_stream: rows=10000 bytes=185756
psql:/root/theo-db/benchmarks/m168_stream_ab.sql:65: WARNING:  theodb_decode_batch_stream: rows=10000 bytes=251292
psql:/root/theo-db/benchmarks/m168_stream_ab.sql:65: WARNING:  theodb_decode_batch_stream: rows=10000 bytes=152988
psql:/root/theo-db/benchmarks/m168_stream_ab.sql:65: WARNING:  theodb_decode_batch_stream: rows=10000 bytes=152988
psql:/root/theo-db/benchmarks/m168_stream_ab.sql:65: WARNING:  theodb_decode_batch_stream: rows=10000 bytes=382364
psql:/root/theo-db/benchmarks/m168_stream_ab.sql:65: WARNING:  theodb_decode_batch_stream: rows=10000 bytes=251292
psql:/root/theo-db/benchmarks/m168_stream_ab.sql:65: WARNING:  theodb_decode_batch_stream: rows=10000 bytes=152988
psql:/root/theo-db/benchmarks/m168_stream_ab.sql:65: WARNING:  theodb_decode_batch_stream: rows=10000 bytes=185756
psql:/root/theo-db/benchmarks/m168_stream_ab.sql:65: WARNING:  theodb_decode_batch_stream: rows=10000 bytes=185756
psql:/root/theo-db/benchmarks/m168_stream_ab.sql:65: WARNING:  theodb_decode_batch_stream: rows=10000 bytes=251292
psql:/root/theo-db/benchmarks/m168_stream_ab.sql:65: WARNING:  theodb_decode_batch_stream: rows=10000 bytes=185756
psql:/root/theo-db/benchmarks/m168_stream_ab.sql:65: WARNING:  theodb_decode_batch_stream: rows=10000 bytes=251292
psql:/root/theo-db/benchmarks/m168_stream_ab.sql:65: WARNING:  theodb_decode_batch_stream: rows=10000 bytes=185756
psql:/root/theo-db/benchmarks/m168_stream_ab.sql:65: WARNING:  theodb_decode_batch_stream: rows=10000 bytes=251292
psql:/root/theo-db/benchmarks/m168_stream_ab.sql:65: WARNING:  theodb_decode_batch_stream: rows=10000 bytes=251292
psql:/root/theo-db/benchmarks/m168_stream_ab.sql:65: WARNING:  theodb_decode_batch_stream: rows=10000 bytes=185756
psql:/root/theo-db/benchmarks/m168_stream_ab.sql:65: WARNING:  theodb_topk_pool: peak_reserved=825920 reserved_at_end=0 pool_limit=201326592
psql:/root/theo-db/benchmarks/m168_stream_ab.sql:65: NOTICE:  ARM=eager pair=2 q=q24
psql:/root/theo-db/benchmarks/m168_stream_ab.sql:65: WARNING:  theodb_admit_decline: topk_entered_sort
psql:/root/theo-db/benchmarks/m168_stream_ab.sql:65: WARNING:  theodb_admit_decline: swap_topk_admitted
psql:/root/theo-db/benchmarks/m168_stream_ab.sql:65: WARNING:  theodb_admit_decline: topk_entered_sort
psql:/root/theo-db/benchmarks/m168_stream_ab.sql:65: WARNING:  theodb_admit_decline: topk_parent_not_limit
psql:/root/theo-db/benchmarks/m168_stream_ab.sql:65: WARNING:  theodb_decode_batch: rows=1000000 bytes=20388828 work_mem_bytes=67108864
psql:/root/theo-db/benchmarks/m168_stream_ab.sql:65: NOTICE:  ARM=stream pair=2 q=q25
psql:/root/theo-db/benchmarks/m168_stream_ab.sql:65: WARNING:  theodb_admit_decline: topk_entered_sort
psql:/root/theo-db/benchmarks/m168_stream_ab.sql:65: WARNING:  theodb_admit_decline: swap_topk_admitted
psql:/root/theo-db/benchmarks/m168_stream_ab.sql:65: WARNING:  theodb_admit_decline: topk_entered_sort
psql:/root/theo-db/benchmarks/m168_stream_ab.sql:65: WARNING:  theodb_admit_decline: topk_parent_not_limit
psql:/root/theo-db/benchmarks/m168_stream_ab.sql:65: WARNING:  theodb_decode_batch_stream: rows=10000 bytes=105660 probe=1
psql:/root/theo-db/benchmarks/m168_stream_ab.sql:65: WARNING:  theodb_decode_batch_stream: rows=10000 bytes=171196
psql:/root/theo-db/benchmarks/m168_stream_ab.sql:65: WARNING:  theodb_decode_batch_stream: rows=10000 bytes=302268
psql:/root/theo-db/benchmarks/m168_stream_ab.sql:65: WARNING:  theodb_decode_batch_stream: rows=10000 bytes=171196
psql:/root/theo-db/benchmarks/m168_stream_ab.sql:65: WARNING:  theodb_decode_batch_stream: rows=10000 bytes=171196
psql:/root/theo-db/benchmarks/m168_stream_ab.sql:65: WARNING:  theodb_decode_batch_stream: rows=10000 bytes=105660
psql:/root/theo-db/benchmarks/m168_stream_ab.sql:65: WARNING:  theodb_decode_batch_stream: rows=10000 bytes=105660
psql:/root/theo-db/benchmarks/m168_stream_ab.sql:65: WARNING:  theodb_decode_batch_stream: rows=10000 bytes=105660
psql:/root/theo-db/benchmarks/m168_stream_ab.sql:65: WARNING:  theodb_decode_batch_stream: rows=10000 bytes=105660
psql:/root/theo-db/benchmarks/m168_stream_ab.sql:65: WARNING:  theodb_decode_batch_stream: rows=10000 bytes=171196
psql:/root/theo-db/benchmarks/m168_stream_ab.sql:65: WARNING:  theodb_decode_batch_stream: rows=10000 bytes=105660
psql:/root/theo-db/benchmarks/m168_stream_ab.sql:65: WARNING:  theodb_decode_batch_stream: rows=10000 bytes=171196
psql:/root/theo-db/benchmarks/m168_stream_ab.sql:65: WARNING:  theodb_decode_batch_stream: rows=10000 bytes=72892
psql:/root/theo-db/benchmarks/m168_stream_ab.sql:65: WARNING:  theodb_decode_batch_stream: rows=10000 bytes=56508
psql:/root/theo-db/benchmarks/m168_stream_ab.sql:65: WARNING:  theodb_decode_batch_stream: rows=10000 bytes=105660
psql:/root/theo-db/benchmarks/m168_stream_ab.sql:65: WARNING:  theodb_decode_batch_stream: rows=10000 bytes=171196
psql:/root/theo-db/benchmarks/m168_stream_ab.sql:65: WARNING:  theodb_decode_batch_stream: rows=10000 bytes=72892
psql:/root/theo-db/benchmarks/m168_stream_ab.sql:65: WARNING:  theodb_decode_batch_stream: rows=10000 bytes=105660
psql:/root/theo-db/benchmarks/m168_stream_ab.sql:65: WARNING:  theodb_decode_batch_stream: rows=10000 bytes=171196
psql:/root/theo-db/benchmarks/m168_stream_ab.sql:65: WARNING:  theodb_decode_batch_stream: rows=10000 bytes=105660
psql:/root/theo-db/benchmarks/m168_stream_ab.sql:65: WARNING:  theodb_decode_batch_stream: rows=10000 bytes=105660
psql:/root/theo-db/benchmarks/m168_stream_ab.sql:65: WARNING:  theodb_decode_batch_stream: rows=10000 bytes=105660
psql:/root/theo-db/benchmarks/m168_stream_ab.sql:65: WARNING:  theodb_decode_batch_stream: rows=10000 bytes=72892
psql:/root/theo-db/benchmarks/m168_stream_ab.sql:65: WARNING:  theodb_decode_batch_stream: rows=10000 bytes=56508
psql:/root/theo-db/benchmarks/m168_stream_ab.sql:65: WARNING:  theodb_decode_batch_stream: rows=10000 bytes=56508
psql:/root/theo-db/benchmarks/m168_stream_ab.sql:65: WARNING:  theodb_decode_batch_stream: rows=10000 bytes=105660
psql:/root/theo-db/benchmarks/m168_stream_ab.sql:65: WARNING:  theodb_decode_batch_stream: rows=10000 bytes=302268
psql:/root/theo-db/benchmarks/m168_stream_ab.sql:65: WARNING:  theodb_decode_batch_stream: rows=10000 bytes=56508
psql:/root/theo-db/benchmarks/m168_stream_ab.sql:65: WARNING:  theodb_decode_batch_stream: rows=10000 bytes=56508
psql:/root/theo-db/benchmarks/m168_stream_ab.sql:65: WARNING:  theodb_decode_batch_stream: rows=10000 bytes=72892
psql:/root/theo-db/benchmarks/m168_stream_ab.sql:65: WARNING:  theodb_decode_batch_stream: rows=10000 bytes=105660
psql:/root/theo-db/benchmarks/m168_stream_ab.sql:65: WARNING:  theodb_decode_batch_stream: rows=10000 bytes=105660
psql:/root/theo-db/benchmarks/m168_stream_ab.sql:65: WARNING:  theodb_decode_batch_stream: rows=10000 bytes=72892
psql:/root/theo-db/benchmarks/m168_stream_ab.sql:65: WARNING:  theodb_decode_batch_stream: rows=10000 bytes=105660
psql:/root/theo-db/benchmarks/m168_stream_ab.sql:65: WARNING:  theodb_decode_batch_stream: rows=10000 bytes=105660
psql:/root/theo-db/benchmarks/m168_stream_ab.sql:65: WARNING:  theodb_decode_batch_stream: rows=10000 bytes=171196
psql:/root/theo-db/benchmarks/m168_stream_ab.sql:65: WARNING:  theodb_decode_batch_stream: rows=10000 bytes=171196
psql:/root/theo-db/benchmarks/m168_stream_ab.sql:65: WARNING:  theodb_decode_batch_stream: rows=10000 bytes=56508
psql:/root/theo-db/benchmarks/m168_stream_ab.sql:65: WARNING:  theodb_decode_batch_stream: rows=10000 bytes=171196
psql:/root/theo-db/benchmarks/m168_stream_ab.sql:65: WARNING:  theodb_decode_batch_stream: rows=10000 bytes=72892
psql:/root/theo-db/benchmarks/m168_stream_ab.sql:65: WARNING:  theodb_decode_batch_stream: rows=10000 bytes=72892
psql:/root/theo-db/benchmarks/m168_stream_ab.sql:65: WARNING:  theodb_decode_batch_stream: rows=10000 bytes=302268
psql:/root/theo-db/benchmarks/m168_stream_ab.sql:65: WARNING:  theodb_decode_batch_stream: rows=10000 bytes=564412
psql:/root/theo-db/benchmarks/m168_stream_ab.sql:65: WARNING:  theodb_decode_batch_stream: rows=10000 bytes=564412
psql:/root/theo-db/benchmarks/m168_stream_ab.sql:65: WARNING:  theodb_decode_batch_stream: rows=10000 bytes=564412
psql:/root/theo-db/benchmarks/m168_stream_ab.sql:65: WARNING:  theodb_decode_batch_stream: rows=10000 bytes=302268
psql:/root/theo-db/benchmarks/m168_stream_ab.sql:65: WARNING:  theodb_decode_batch_stream: rows=10000 bytes=171196
psql:/root/theo-db/benchmarks/m168_stream_ab.sql:65: WARNING:  theodb_decode_batch_stream: rows=10000 bytes=105660
psql:/root/theo-db/benchmarks/m168_stream_ab.sql:65: WARNING:  theodb_decode_batch_stream: rows=10000 bytes=48316
psql:/root/theo-db/benchmarks/m168_stream_ab.sql:65: WARNING:  theodb_decode_batch_stream: rows=10000 bytes=105660
psql:/root/theo-db/benchmarks/m168_stream_ab.sql:65: WARNING:  theodb_decode_batch_stream: rows=10000 bytes=72892
psql:/root/theo-db/benchmarks/m168_stream_ab.sql:65: WARNING:  theodb_decode_batch_stream: rows=10000 bytes=105660
psql:/root/theo-db/benchmarks/m168_stream_ab.sql:65: WARNING:  theodb_decode_batch_stream: rows=10000 bytes=105660
psql:/root/theo-db/benchmarks/m168_stream_ab.sql:65: WARNING:  theodb_decode_batch_stream: rows=10000 bytes=171196
psql:/root/theo-db/benchmarks/m168_stream_ab.sql:65: WARNING:  theodb_decode_batch_stream: rows=10000 bytes=171196
psql:/root/theo-db/benchmarks/m168_stream_ab.sql:65: WARNING:  theodb_decode_batch_stream: rows=10000 bytes=72892
psql:/root/theo-db/benchmarks/m168_stream_ab.sql:65: WARNING:  theodb_decode_batch_stream: rows=10000 bytes=171196
psql:/root/theo-db/benchmarks/m168_stream_ab.sql:65: WARNING:  theodb_decode_batch_stream: rows=10000 bytes=105660
psql:/root/theo-db/benchmarks/m168_stream_ab.sql:65: WARNING:  theodb_decode_batch_stream: rows=10000 bytes=302268
psql:/root/theo-db/benchmarks/m168_stream_ab.sql:65: WARNING:  theodb_decode_batch_stream: rows=10000 bytes=171196
psql:/root/theo-db/benchmarks/m168_stream_ab.sql:65: WARNING:  theodb_decode_batch_stream: rows=10000 bytes=105660
psql:/root/theo-db/benchmarks/m168_stream_ab.sql:65: WARNING:  theodb_decode_batch_stream: rows=10000 bytes=171196
psql:/root/theo-db/benchmarks/m168_stream_ab.sql:65: WARNING:  theodb_decode_batch_stream: rows=10000 bytes=105660
psql:/root/theo-db/benchmarks/m168_stream_ab.sql:65: WARNING:  theodb_decode_batch_stream: rows=10000 bytes=171196
psql:/root/theo-db/benchmarks/m168_stream_ab.sql:65: WARNING:  theodb_decode_batch_stream: rows=10000 bytes=72892
psql:/root/theo-db/benchmarks/m168_stream_ab.sql:65: WARNING:  theodb_decode_batch_stream: rows=10000 bytes=72892
psql:/root/theo-db/benchmarks/m168_stream_ab.sql:65: WARNING:  theodb_decode_batch_stream: rows=10000 bytes=302268
psql:/root/theo-db/benchmarks/m168_stream_ab.sql:65: WARNING:  theodb_decode_batch_stream: rows=10000 bytes=105660
psql:/root/theo-db/benchmarks/m168_stream_ab.sql:65: WARNING:  theodb_decode_batch_stream: rows=10000 bytes=105660
psql:/root/theo-db/benchmarks/m168_stream_ab.sql:65: WARNING:  theodb_decode_batch_stream: rows=10000 bytes=105660
psql:/root/theo-db/benchmarks/m168_stream_ab.sql:65: WARNING:  theodb_decode_batch_stream: rows=10000 bytes=302268
psql:/root/theo-db/benchmarks/m168_stream_ab.sql:65: WARNING:  theodb_decode_batch_stream: rows=10000 bytes=171196
psql:/root/theo-db/benchmarks/m168_stream_ab.sql:65: WARNING:  theodb_decode_batch_stream: rows=10000 bytes=105660
psql:/root/theo-db/benchmarks/m168_stream_ab.sql:65: WARNING:  theodb_decode_batch_stream: rows=10000 bytes=105660
psql:/root/theo-db/benchmarks/m168_stream_ab.sql:65: WARNING:  theodb_decode_batch_stream: rows=10000 bytes=171196
psql:/root/theo-db/benchmarks/m168_stream_ab.sql:65: WARNING:  theodb_decode_batch_stream: rows=10000 bytes=105660
psql:/root/theo-db/benchmarks/m168_stream_ab.sql:65: WARNING:  theodb_decode_batch_stream: rows=10000 bytes=56508
psql:/root/theo-db/benchmarks/m168_stream_ab.sql:65: WARNING:  theodb_decode_batch_stream: rows=10000 bytes=171196
psql:/root/theo-db/benchmarks/m168_stream_ab.sql:65: WARNING:  theodb_decode_batch_stream: rows=10000 bytes=302268
psql:/root/theo-db/benchmarks/m168_stream_ab.sql:65: WARNING:  theodb_decode_batch_stream: rows=10000 bytes=72892
psql:/root/theo-db/benchmarks/m168_stream_ab.sql:65: WARNING:  theodb_decode_batch_stream: rows=10000 bytes=105660
psql:/root/theo-db/benchmarks/m168_stream_ab.sql:65: WARNING:  theodb_decode_batch_stream: rows=10000 bytes=171196
psql:/root/theo-db/benchmarks/m168_stream_ab.sql:65: WARNING:  theodb_decode_batch_stream: rows=10000 bytes=171196
psql:/root/theo-db/benchmarks/m168_stream_ab.sql:65: WARNING:  theodb_decode_batch_stream: rows=10000 bytes=105660
psql:/root/theo-db/benchmarks/m168_stream_ab.sql:65: WARNING:  theodb_decode_batch_stream: rows=10000 bytes=105660
psql:/root/theo-db/benchmarks/m168_stream_ab.sql:65: WARNING:  theodb_decode_batch_stream: rows=10000 bytes=171196
psql:/root/theo-db/benchmarks/m168_stream_ab.sql:65: WARNING:  theodb_decode_batch_stream: rows=10000 bytes=72892
psql:/root/theo-db/benchmarks/m168_stream_ab.sql:65: WARNING:  theodb_decode_batch_stream: rows=10000 bytes=72892
psql:/root/theo-db/benchmarks/m168_stream_ab.sql:65: WARNING:  theodb_decode_batch_stream: rows=10000 bytes=302268
psql:/root/theo-db/benchmarks/m168_stream_ab.sql:65: WARNING:  theodb_decode_batch_stream: rows=10000 bytes=171196
psql:/root/theo-db/benchmarks/m168_stream_ab.sql:65: WARNING:  theodb_decode_batch_stream: rows=10000 bytes=72892
psql:/root/theo-db/benchmarks/m168_stream_ab.sql:65: WARNING:  theodb_decode_batch_stream: rows=10000 bytes=105660
psql:/root/theo-db/benchmarks/m168_stream_ab.sql:65: WARNING:  theodb_decode_batch_stream: rows=10000 bytes=105660
psql:/root/theo-db/benchmarks/m168_stream_ab.sql:65: WARNING:  theodb_decode_batch_stream: rows=10000 bytes=171196
psql:/root/theo-db/benchmarks/m168_stream_ab.sql:65: WARNING:  theodb_decode_batch_stream: rows=10000 bytes=105660
psql:/root/theo-db/benchmarks/m168_stream_ab.sql:65: WARNING:  theodb_decode_batch_stream: rows=10000 bytes=171196
psql:/root/theo-db/benchmarks/m168_stream_ab.sql:65: WARNING:  theodb_decode_batch_stream: rows=10000 bytes=105660
psql:/root/theo-db/benchmarks/m168_stream_ab.sql:65: WARNING:  theodb_decode_batch_stream: rows=10000 bytes=171196
psql:/root/theo-db/benchmarks/m168_stream_ab.sql:65: WARNING:  theodb_decode_batch_stream: rows=10000 bytes=171196
psql:/root/theo-db/benchmarks/m168_stream_ab.sql:65: WARNING:  theodb_decode_batch_stream: rows=10000 bytes=105660
psql:/root/theo-db/benchmarks/m168_stream_ab.sql:65: WARNING:  theodb_topk_pool: peak_reserved=1220138 reserved_at_end=0 pool_limit=201326592
psql:/root/theo-db/benchmarks/m168_stream_ab.sql:65: NOTICE:  ARM=eager pair=2 q=q25
psql:/root/theo-db/benchmarks/m168_stream_ab.sql:65: WARNING:  theodb_admit_decline: topk_entered_sort
psql:/root/theo-db/benchmarks/m168_stream_ab.sql:65: WARNING:  theodb_admit_decline: swap_topk_admitted
psql:/root/theo-db/benchmarks/m168_stream_ab.sql:65: WARNING:  theodb_admit_decline: topk_entered_sort
psql:/root/theo-db/benchmarks/m168_stream_ab.sql:65: WARNING:  theodb_admit_decline: topk_parent_not_limit
psql:/root/theo-db/benchmarks/m168_stream_ab.sql:65: WARNING:  theodb_decode_batch: rows=1000000 bytes=12388732 work_mem_bytes=67108864
psql:/root/theo-db/benchmarks/m168_stream_ab.sql:65: NOTICE:  ARM=stream pair=2 q=q26
psql:/root/theo-db/benchmarks/m168_stream_ab.sql:65: WARNING:  theodb_admit_decline: topk_entered_sort
psql:/root/theo-db/benchmarks/m168_stream_ab.sql:65: WARNING:  theodb_admit_decline: swap_topk_admitted
psql:/root/theo-db/benchmarks/m168_stream_ab.sql:65: WARNING:  theodb_admit_decline: topk_entered_sort
psql:/root/theo-db/benchmarks/m168_stream_ab.sql:65: WARNING:  theodb_admit_decline: topk_parent_not_limit
psql:/root/theo-db/benchmarks/m168_stream_ab.sql:65: WARNING:  theodb_decode_batch_stream: rows=10000 bytes=185756 probe=1
psql:/root/theo-db/benchmarks/m168_stream_ab.sql:65: WARNING:  theodb_decode_batch_stream: rows=10000 bytes=251292
psql:/root/theo-db/benchmarks/m168_stream_ab.sql:65: WARNING:  theodb_decode_batch_stream: rows=10000 bytes=382364
psql:/root/theo-db/benchmarks/m168_stream_ab.sql:65: WARNING:  theodb_decode_batch_stream: rows=10000 bytes=251292
psql:/root/theo-db/benchmarks/m168_stream_ab.sql:65: WARNING:  theodb_decode_batch_stream: rows=10000 bytes=251292
psql:/root/theo-db/benchmarks/m168_stream_ab.sql:65: WARNING:  theodb_decode_batch_stream: rows=10000 bytes=185756
psql:/root/theo-db/benchmarks/m168_stream_ab.sql:65: WARNING:  theodb_decode_batch_stream: rows=10000 bytes=185756
psql:/root/theo-db/benchmarks/m168_stream_ab.sql:65: WARNING:  theodb_decode_batch_stream: rows=10000 bytes=185756
psql:/root/theo-db/benchmarks/m168_stream_ab.sql:65: WARNING:  theodb_decode_batch_stream: rows=10000 bytes=185756
psql:/root/theo-db/benchmarks/m168_stream_ab.sql:65: WARNING:  theodb_decode_batch_stream: rows=10000 bytes=251292
psql:/root/theo-db/benchmarks/m168_stream_ab.sql:65: WARNING:  theodb_decode_batch_stream: rows=10000 bytes=185756
psql:/root/theo-db/benchmarks/m168_stream_ab.sql:65: WARNING:  theodb_decode_batch_stream: rows=10000 bytes=251292
psql:/root/theo-db/benchmarks/m168_stream_ab.sql:65: WARNING:  theodb_decode_batch_stream: rows=10000 bytes=152988
psql:/root/theo-db/benchmarks/m168_stream_ab.sql:65: WARNING:  theodb_decode_batch_stream: rows=10000 bytes=136604
psql:/root/theo-db/benchmarks/m168_stream_ab.sql:65: WARNING:  theodb_decode_batch_stream: rows=10000 bytes=185756
psql:/root/theo-db/benchmarks/m168_stream_ab.sql:65: WARNING:  theodb_decode_batch_stream: rows=10000 bytes=251292
psql:/root/theo-db/benchmarks/m168_stream_ab.sql:65: WARNING:  theodb_decode_batch_stream: rows=10000 bytes=152988
psql:/root/theo-db/benchmarks/m168_stream_ab.sql:65: WARNING:  theodb_decode_batch_stream: rows=10000 bytes=185756
psql:/root/theo-db/benchmarks/m168_stream_ab.sql:65: WARNING:  theodb_decode_batch_stream: rows=10000 bytes=251292
psql:/root/theo-db/benchmarks/m168_stream_ab.sql:65: WARNING:  theodb_decode_batch_stream: rows=10000 bytes=185756
psql:/root/theo-db/benchmarks/m168_stream_ab.sql:65: WARNING:  theodb_decode_batch_stream: rows=10000 bytes=185756
psql:/root/theo-db/benchmarks/m168_stream_ab.sql:65: WARNING:  theodb_decode_batch_stream: rows=10000 bytes=185756
psql:/root/theo-db/benchmarks/m168_stream_ab.sql:65: WARNING:  theodb_decode_batch_stream: rows=10000 bytes=152988
psql:/root/theo-db/benchmarks/m168_stream_ab.sql:65: WARNING:  theodb_decode_batch_stream: rows=10000 bytes=136604
psql:/root/theo-db/benchmarks/m168_stream_ab.sql:65: WARNING:  theodb_decode_batch_stream: rows=10000 bytes=136604
psql:/root/theo-db/benchmarks/m168_stream_ab.sql:65: WARNING:  theodb_decode_batch_stream: rows=10000 bytes=185756
psql:/root/theo-db/benchmarks/m168_stream_ab.sql:65: WARNING:  theodb_decode_batch_stream: rows=10000 bytes=382364
psql:/root/theo-db/benchmarks/m168_stream_ab.sql:65: WARNING:  theodb_decode_batch_stream: rows=10000 bytes=136604
psql:/root/theo-db/benchmarks/m168_stream_ab.sql:65: WARNING:  theodb_decode_batch_stream: rows=10000 bytes=136604
psql:/root/theo-db/benchmarks/m168_stream_ab.sql:65: WARNING:  theodb_decode_batch_stream: rows=10000 bytes=152988
psql:/root/theo-db/benchmarks/m168_stream_ab.sql:65: WARNING:  theodb_decode_batch_stream: rows=10000 bytes=185756
psql:/root/theo-db/benchmarks/m168_stream_ab.sql:65: WARNING:  theodb_decode_batch_stream: rows=10000 bytes=185756
psql:/root/theo-db/benchmarks/m168_stream_ab.sql:65: WARNING:  theodb_decode_batch_stream: rows=10000 bytes=152988
psql:/root/theo-db/benchmarks/m168_stream_ab.sql:65: WARNING:  theodb_decode_batch_stream: rows=10000 bytes=185756
psql:/root/theo-db/benchmarks/m168_stream_ab.sql:65: WARNING:  theodb_decode_batch_stream: rows=10000 bytes=185756
psql:/root/theo-db/benchmarks/m168_stream_ab.sql:65: WARNING:  theodb_decode_batch_stream: rows=10000 bytes=251292
psql:/root/theo-db/benchmarks/m168_stream_ab.sql:65: WARNING:  theodb_decode_batch_stream: rows=10000 bytes=251292
psql:/root/theo-db/benchmarks/m168_stream_ab.sql:65: WARNING:  theodb_decode_batch_stream: rows=10000 bytes=136604
psql:/root/theo-db/benchmarks/m168_stream_ab.sql:65: WARNING:  theodb_decode_batch_stream: rows=10000 bytes=251292
psql:/root/theo-db/benchmarks/m168_stream_ab.sql:65: WARNING:  theodb_decode_batch_stream: rows=10000 bytes=152988
psql:/root/theo-db/benchmarks/m168_stream_ab.sql:65: WARNING:  theodb_decode_batch_stream: rows=10000 bytes=152988
psql:/root/theo-db/benchmarks/m168_stream_ab.sql:65: WARNING:  theodb_decode_batch_stream: rows=10000 bytes=382364
psql:/root/theo-db/benchmarks/m168_stream_ab.sql:65: WARNING:  theodb_decode_batch_stream: rows=10000 bytes=644508
psql:/root/theo-db/benchmarks/m168_stream_ab.sql:65: WARNING:  theodb_decode_batch_stream: rows=10000 bytes=644508
psql:/root/theo-db/benchmarks/m168_stream_ab.sql:65: WARNING:  theodb_decode_batch_stream: rows=10000 bytes=644508
psql:/root/theo-db/benchmarks/m168_stream_ab.sql:65: WARNING:  theodb_decode_batch_stream: rows=10000 bytes=382364
psql:/root/theo-db/benchmarks/m168_stream_ab.sql:65: WARNING:  theodb_decode_batch_stream: rows=10000 bytes=251292
psql:/root/theo-db/benchmarks/m168_stream_ab.sql:65: WARNING:  theodb_decode_batch_stream: rows=10000 bytes=185756
psql:/root/theo-db/benchmarks/m168_stream_ab.sql:65: WARNING:  theodb_decode_batch_stream: rows=10000 bytes=128412
psql:/root/theo-db/benchmarks/m168_stream_ab.sql:65: WARNING:  theodb_decode_batch_stream: rows=10000 bytes=185756
psql:/root/theo-db/benchmarks/m168_stream_ab.sql:65: WARNING:  theodb_decode_batch_stream: rows=10000 bytes=152988
psql:/root/theo-db/benchmarks/m168_stream_ab.sql:65: WARNING:  theodb_decode_batch_stream: rows=10000 bytes=185756
psql:/root/theo-db/benchmarks/m168_stream_ab.sql:65: WARNING:  theodb_decode_batch_stream: rows=10000 bytes=185756
psql:/root/theo-db/benchmarks/m168_stream_ab.sql:65: WARNING:  theodb_decode_batch_stream: rows=10000 bytes=251292
psql:/root/theo-db/benchmarks/m168_stream_ab.sql:65: WARNING:  theodb_decode_batch_stream: rows=10000 bytes=251292
psql:/root/theo-db/benchmarks/m168_stream_ab.sql:65: WARNING:  theodb_decode_batch_stream: rows=10000 bytes=152988
psql:/root/theo-db/benchmarks/m168_stream_ab.sql:65: WARNING:  theodb_decode_batch_stream: rows=10000 bytes=251292
psql:/root/theo-db/benchmarks/m168_stream_ab.sql:65: WARNING:  theodb_decode_batch_stream: rows=10000 bytes=185756
psql:/root/theo-db/benchmarks/m168_stream_ab.sql:65: WARNING:  theodb_decode_batch_stream: rows=10000 bytes=382364
psql:/root/theo-db/benchmarks/m168_stream_ab.sql:65: WARNING:  theodb_decode_batch_stream: rows=10000 bytes=251292
psql:/root/theo-db/benchmarks/m168_stream_ab.sql:65: WARNING:  theodb_decode_batch_stream: rows=10000 bytes=185756
psql:/root/theo-db/benchmarks/m168_stream_ab.sql:65: WARNING:  theodb_decode_batch_stream: rows=10000 bytes=251292
psql:/root/theo-db/benchmarks/m168_stream_ab.sql:65: WARNING:  theodb_decode_batch_stream: rows=10000 bytes=185756
psql:/root/theo-db/benchmarks/m168_stream_ab.sql:65: WARNING:  theodb_decode_batch_stream: rows=10000 bytes=251292
psql:/root/theo-db/benchmarks/m168_stream_ab.sql:65: WARNING:  theodb_decode_batch_stream: rows=10000 bytes=152988
psql:/root/theo-db/benchmarks/m168_stream_ab.sql:65: WARNING:  theodb_decode_batch_stream: rows=10000 bytes=152988
psql:/root/theo-db/benchmarks/m168_stream_ab.sql:65: WARNING:  theodb_decode_batch_stream: rows=10000 bytes=382364
psql:/root/theo-db/benchmarks/m168_stream_ab.sql:65: WARNING:  theodb_decode_batch_stream: rows=10000 bytes=185756
psql:/root/theo-db/benchmarks/m168_stream_ab.sql:65: WARNING:  theodb_decode_batch_stream: rows=10000 bytes=185756
psql:/root/theo-db/benchmarks/m168_stream_ab.sql:65: WARNING:  theodb_decode_batch_stream: rows=10000 bytes=185756
psql:/root/theo-db/benchmarks/m168_stream_ab.sql:65: WARNING:  theodb_decode_batch_stream: rows=10000 bytes=382364
psql:/root/theo-db/benchmarks/m168_stream_ab.sql:65: WARNING:  theodb_decode_batch_stream: rows=10000 bytes=251292
psql:/root/theo-db/benchmarks/m168_stream_ab.sql:65: WARNING:  theodb_decode_batch_stream: rows=10000 bytes=185756
psql:/root/theo-db/benchmarks/m168_stream_ab.sql:65: WARNING:  theodb_decode_batch_stream: rows=10000 bytes=185756
psql:/root/theo-db/benchmarks/m168_stream_ab.sql:65: WARNING:  theodb_decode_batch_stream: rows=10000 bytes=251292
psql:/root/theo-db/benchmarks/m168_stream_ab.sql:65: WARNING:  theodb_decode_batch_stream: rows=10000 bytes=185756
psql:/root/theo-db/benchmarks/m168_stream_ab.sql:65: WARNING:  theodb_decode_batch_stream: rows=10000 bytes=136604
psql:/root/theo-db/benchmarks/m168_stream_ab.sql:65: WARNING:  theodb_decode_batch_stream: rows=10000 bytes=251292
psql:/root/theo-db/benchmarks/m168_stream_ab.sql:65: WARNING:  theodb_decode_batch_stream: rows=10000 bytes=382364
psql:/root/theo-db/benchmarks/m168_stream_ab.sql:65: WARNING:  theodb_decode_batch_stream: rows=10000 bytes=152988
psql:/root/theo-db/benchmarks/m168_stream_ab.sql:65: WARNING:  theodb_decode_batch_stream: rows=10000 bytes=185756
psql:/root/theo-db/benchmarks/m168_stream_ab.sql:65: WARNING:  theodb_decode_batch_stream: rows=10000 bytes=251292
psql:/root/theo-db/benchmarks/m168_stream_ab.sql:65: WARNING:  theodb_decode_batch_stream: rows=10000 bytes=251292
psql:/root/theo-db/benchmarks/m168_stream_ab.sql:65: WARNING:  theodb_decode_batch_stream: rows=10000 bytes=185756
psql:/root/theo-db/benchmarks/m168_stream_ab.sql:65: WARNING:  theodb_decode_batch_stream: rows=10000 bytes=185756
psql:/root/theo-db/benchmarks/m168_stream_ab.sql:65: WARNING:  theodb_decode_batch_stream: rows=10000 bytes=251292
psql:/root/theo-db/benchmarks/m168_stream_ab.sql:65: WARNING:  theodb_decode_batch_stream: rows=10000 bytes=152988
psql:/root/theo-db/benchmarks/m168_stream_ab.sql:65: WARNING:  theodb_decode_batch_stream: rows=10000 bytes=152988
psql:/root/theo-db/benchmarks/m168_stream_ab.sql:65: WARNING:  theodb_decode_batch_stream: rows=10000 bytes=382364
psql:/root/theo-db/benchmarks/m168_stream_ab.sql:65: WARNING:  theodb_decode_batch_stream: rows=10000 bytes=251292
psql:/root/theo-db/benchmarks/m168_stream_ab.sql:65: WARNING:  theodb_decode_batch_stream: rows=10000 bytes=152988
psql:/root/theo-db/benchmarks/m168_stream_ab.sql:65: WARNING:  theodb_decode_batch_stream: rows=10000 bytes=185756
psql:/root/theo-db/benchmarks/m168_stream_ab.sql:65: WARNING:  theodb_decode_batch_stream: rows=10000 bytes=185756
psql:/root/theo-db/benchmarks/m168_stream_ab.sql:65: WARNING:  theodb_decode_batch_stream: rows=10000 bytes=251292
psql:/root/theo-db/benchmarks/m168_stream_ab.sql:65: WARNING:  theodb_decode_batch_stream: rows=10000 bytes=185756
psql:/root/theo-db/benchmarks/m168_stream_ab.sql:65: WARNING:  theodb_decode_batch_stream: rows=10000 bytes=251292
psql:/root/theo-db/benchmarks/m168_stream_ab.sql:65: WARNING:  theodb_decode_batch_stream: rows=10000 bytes=185756
psql:/root/theo-db/benchmarks/m168_stream_ab.sql:65: WARNING:  theodb_decode_batch_stream: rows=10000 bytes=251292
psql:/root/theo-db/benchmarks/m168_stream_ab.sql:65: WARNING:  theodb_decode_batch_stream: rows=10000 bytes=251292
psql:/root/theo-db/benchmarks/m168_stream_ab.sql:65: WARNING:  theodb_decode_batch_stream: rows=10000 bytes=185756
psql:/root/theo-db/benchmarks/m168_stream_ab.sql:65: WARNING:  theodb_topk_pool: peak_reserved=1372880 reserved_at_end=0 pool_limit=201326592
psql:/root/theo-db/benchmarks/m168_stream_ab.sql:65: NOTICE:  ARM=eager pair=2 q=q26
psql:/root/theo-db/benchmarks/m168_stream_ab.sql:65: WARNING:  theodb_admit_decline: topk_entered_sort
psql:/root/theo-db/benchmarks/m168_stream_ab.sql:65: WARNING:  theodb_admit_decline: swap_topk_admitted
psql:/root/theo-db/benchmarks/m168_stream_ab.sql:65: WARNING:  theodb_admit_decline: topk_entered_sort
psql:/root/theo-db/benchmarks/m168_stream_ab.sql:65: WARNING:  theodb_admit_decline: topk_parent_not_limit
psql:/root/theo-db/benchmarks/m168_stream_ab.sql:65: WARNING:  theodb_decode_batch: rows=1000000 bytes=20388828 work_mem_bytes=67108864
psql:/root/theo-db/benchmarks/m168_stream_ab.sql:65: NOTICE:  ARM=eager pair=3 q=q23
psql:/root/theo-db/benchmarks/m168_stream_ab.sql:65: WARNING:  theodb_admit_decline: topk_entered_sort
psql:/root/theo-db/benchmarks/m168_stream_ab.sql:65: WARNING:  theodb_admit_decline: swap_topk_admitted
psql:/root/theo-db/benchmarks/m168_stream_ab.sql:65: WARNING:  theodb_admit_decline: topk_entered_sort
psql:/root/theo-db/benchmarks/m168_stream_ab.sql:65: WARNING:  theodb_admit_decline: topk_parent_not_limit
psql:/root/theo-db/benchmarks/m168_stream_ab.sql:65: WARNING:  theodb_decode_batch: rows=1000000 bytes=809738352 work_mem_bytes=67108864
psql:/root/theo-db/benchmarks/m168_stream_ab.sql:65: NOTICE:  ARM=stream pair=3 q=q23
psql:/root/theo-db/benchmarks/m168_stream_ab.sql:65: WARNING:  theodb_admit_decline: topk_entered_sort
psql:/root/theo-db/benchmarks/m168_stream_ab.sql:65: WARNING:  theodb_admit_decline: swap_topk_admitted
psql:/root/theo-db/benchmarks/m168_stream_ab.sql:65: WARNING:  theodb_admit_decline: topk_entered_sort
psql:/root/theo-db/benchmarks/m168_stream_ab.sql:65: WARNING:  theodb_admit_decline: topk_parent_not_limit
psql:/root/theo-db/benchmarks/m168_stream_ab.sql:65: WARNING:  theodb_decode_batch_stream: rows=10000 bytes=8953072 probe=1
psql:/root/theo-db/benchmarks/m168_stream_ab.sql:65: WARNING:  theodb_decode_batch_stream: rows=10000 bytes=8331504
psql:/root/theo-db/benchmarks/m168_stream_ab.sql:65: WARNING:  theodb_decode_batch_stream: rows=10000 bytes=8606960
psql:/root/theo-db/benchmarks/m168_stream_ab.sql:65: WARNING:  theodb_decode_batch_stream: rows=10000 bytes=9520368
psql:/root/theo-db/benchmarks/m168_stream_ab.sql:65: WARNING:  theodb_decode_batch_stream: rows=10000 bytes=8605936
psql:/root/theo-db/benchmarks/m168_stream_ab.sql:65: WARNING:  theodb_decode_batch_stream: rows=10000 bytes=7796976
psql:/root/theo-db/benchmarks/m168_stream_ab.sql:65: WARNING:  theodb_decode_batch_stream: rows=10000 bytes=7798000
psql:/root/theo-db/benchmarks/m168_stream_ab.sql:65: WARNING:  theodb_decode_batch_stream: rows=10000 bytes=7540976
psql:/root/theo-db/benchmarks/m168_stream_ab.sql:65: WARNING:  theodb_decode_batch_stream: rows=10000 bytes=7803120
psql:/root/theo-db/benchmarks/m168_stream_ab.sql:65: WARNING:  theodb_decode_batch_stream: rows=10000 bytes=7595248
psql:/root/theo-db/benchmarks/m168_stream_ab.sql:65: WARNING:  theodb_decode_batch_stream: rows=10000 bytes=7365872
psql:/root/theo-db/benchmarks/m168_stream_ab.sql:65: WARNING:  theodb_decode_batch_stream: rows=10000 bytes=8596720
psql:/root/theo-db/benchmarks/m168_stream_ab.sql:65: WARNING:  theodb_decode_batch_stream: rows=10000 bytes=8703216
psql:/root/theo-db/benchmarks/m168_stream_ab.sql:65: WARNING:  theodb_decode_batch_stream: rows=10000 bytes=8504560
psql:/root/theo-db/benchmarks/m168_stream_ab.sql:65: WARNING:  theodb_decode_batch_stream: rows=10000 bytes=8534256
psql:/root/theo-db/benchmarks/m168_stream_ab.sql:65: WARNING:  theodb_decode_batch_stream: rows=10000 bytes=7548144
psql:/root/theo-db/benchmarks/m168_stream_ab.sql:65: WARNING:  theodb_decode_batch_stream: rows=10000 bytes=7292144
psql:/root/theo-db/benchmarks/m168_stream_ab.sql:65: WARNING:  theodb_decode_batch_stream: rows=10000 bytes=7386352
psql:/root/theo-db/benchmarks/m168_stream_ab.sql:65: WARNING:  theodb_decode_batch_stream: rows=10000 bytes=8725744
psql:/root/theo-db/benchmarks/m168_stream_ab.sql:65: WARNING:  theodb_decode_batch_stream: rows=10000 bytes=7266544
psql:/root/theo-db/benchmarks/m168_stream_ab.sql:65: WARNING:  theodb_decode_batch_stream: rows=10000 bytes=6332656
psql:/root/theo-db/benchmarks/m168_stream_ab.sql:65: WARNING:  theodb_decode_batch_stream: rows=10000 bytes=6346992
psql:/root/theo-db/benchmarks/m168_stream_ab.sql:65: WARNING:  theodb_decode_batch_stream: rows=10000 bytes=6428912
psql:/root/theo-db/benchmarks/m168_stream_ab.sql:65: WARNING:  theodb_decode_batch_stream: rows=10000 bytes=6150384
psql:/root/theo-db/benchmarks/m168_stream_ab.sql:65: WARNING:  theodb_decode_batch_stream: rows=10000 bytes=6151408
psql:/root/theo-db/benchmarks/m168_stream_ab.sql:65: WARNING:  theodb_decode_batch_stream: rows=10000 bytes=6724848
psql:/root/theo-db/benchmarks/m168_stream_ab.sql:65: WARNING:  theodb_decode_batch_stream: rows=10000 bytes=7812336
psql:/root/theo-db/benchmarks/m168_stream_ab.sql:65: WARNING:  theodb_decode_batch_stream: rows=10000 bytes=11492592
psql:/root/theo-db/benchmarks/m168_stream_ab.sql:65: WARNING:  theodb_decode_batch_stream: rows=10000 bytes=11503920
psql:/root/theo-db/benchmarks/m168_stream_ab.sql:65: WARNING:  theodb_decode_batch_stream: rows=10000 bytes=9479408
psql:/root/theo-db/benchmarks/m168_stream_ab.sql:65: WARNING:  theodb_decode_batch_stream: rows=10000 bytes=8464624
psql:/root/theo-db/benchmarks/m168_stream_ab.sql:65: WARNING:  theodb_decode_batch_stream: rows=10000 bytes=7480560
psql:/root/theo-db/benchmarks/m168_stream_ab.sql:65: WARNING:  theodb_decode_batch_stream: rows=10000 bytes=6268144
psql:/root/theo-db/benchmarks/m168_stream_ab.sql:65: WARNING:  theodb_decode_batch_stream: rows=10000 bytes=7451888
psql:/root/theo-db/benchmarks/m168_stream_ab.sql:65: WARNING:  theodb_decode_batch_stream: rows=10000 bytes=7256304
psql:/root/theo-db/benchmarks/m168_stream_ab.sql:65: WARNING:  theodb_decode_batch_stream: rows=10000 bytes=7546096
psql:/root/theo-db/benchmarks/m168_stream_ab.sql:65: WARNING:  theodb_decode_batch_stream: rows=10000 bytes=8398064
psql:/root/theo-db/benchmarks/m168_stream_ab.sql:65: WARNING:  theodb_decode_batch_stream: rows=10000 bytes=6126832
psql:/root/theo-db/benchmarks/m168_stream_ab.sql:65: WARNING:  theodb_decode_batch_stream: rows=10000 bytes=8534256
psql:/root/theo-db/benchmarks/m168_stream_ab.sql:65: WARNING:  theodb_decode_batch_stream: rows=10000 bytes=7583984
psql:/root/theo-db/benchmarks/m168_stream_ab.sql:65: WARNING:  theodb_decode_batch_stream: rows=10000 bytes=6822128
psql:/root/theo-db/benchmarks/m168_stream_ab.sql:65: WARNING:  theodb_decode_batch_stream: rows=10000 bytes=9510128
psql:/root/theo-db/benchmarks/m168_stream_ab.sql:65: WARNING:  theodb_decode_batch_stream: rows=10000 bytes=10853616
psql:/root/theo-db/benchmarks/m168_stream_ab.sql:65: WARNING:  theodb_decode_batch_stream: rows=10000 bytes=10853616
psql:/root/theo-db/benchmarks/m168_stream_ab.sql:65: WARNING:  theodb_decode_batch_stream: rows=10000 bytes=10820848
psql:/root/theo-db/benchmarks/m168_stream_ab.sql:65: WARNING:  theodb_decode_batch_stream: rows=10000 bytes=9515248
psql:/root/theo-db/benchmarks/m168_stream_ab.sql:65: WARNING:  theodb_decode_batch_stream: rows=10000 bytes=7553264
psql:/root/theo-db/benchmarks/m168_stream_ab.sql:65: WARNING:  theodb_decode_batch_stream: rows=10000 bytes=7315696
psql:/root/theo-db/benchmarks/m168_stream_ab.sql:65: WARNING:  theodb_decode_batch_stream: rows=10000 bytes=6469872
psql:/root/theo-db/benchmarks/m168_stream_ab.sql:65: WARNING:  theodb_decode_batch_stream: rows=10000 bytes=6789360
psql:/root/theo-db/benchmarks/m168_stream_ab.sql:65: WARNING:  theodb_decode_batch_stream: rows=10000 bytes=6169840
psql:/root/theo-db/benchmarks/m168_stream_ab.sql:65: WARNING:  theodb_decode_batch_stream: rows=10000 bytes=18754800
psql:/root/theo-db/benchmarks/m168_stream_ab.sql:65: WARNING:  theodb_decode_batch_stream: rows=10000 bytes=14563568
psql:/root/theo-db/benchmarks/m168_stream_ab.sql:65: WARNING:  theodb_decode_batch_stream: rows=10000 bytes=7447792
psql:/root/theo-db/benchmarks/m168_stream_ab.sql:65: WARNING:  theodb_decode_batch_stream: rows=10000 bytes=7939312
psql:/root/theo-db/benchmarks/m168_stream_ab.sql:65: WARNING:  theodb_decode_batch_stream: rows=10000 bytes=14135536
psql:/root/theo-db/benchmarks/m168_stream_ab.sql:65: WARNING:  theodb_decode_batch_stream: rows=10000 bytes=9512176
psql:/root/theo-db/benchmarks/m168_stream_ab.sql:65: WARNING:  theodb_decode_batch_stream: rows=10000 bytes=10526960
psql:/root/theo-db/benchmarks/m168_stream_ab.sql:65: WARNING:  theodb_decode_batch_stream: rows=10000 bytes=8865008
psql:/root/theo-db/benchmarks/m168_stream_ab.sql:65: WARNING:  theodb_decode_batch_stream: rows=10000 bytes=7552240
psql:/root/theo-db/benchmarks/m168_stream_ab.sql:65: WARNING:  theodb_decode_batch_stream: rows=10000 bytes=8505584
psql:/root/theo-db/benchmarks/m168_stream_ab.sql:65: WARNING:  theodb_decode_batch_stream: rows=10000 bytes=8483056
psql:/root/theo-db/benchmarks/m168_stream_ab.sql:65: WARNING:  theodb_decode_batch_stream: rows=10000 bytes=7257328
psql:/root/theo-db/benchmarks/m168_stream_ab.sql:65: WARNING:  theodb_decode_batch_stream: rows=10000 bytes=8463600
psql:/root/theo-db/benchmarks/m168_stream_ab.sql:65: WARNING:  theodb_decode_batch_stream: rows=10000 bytes=7257328
psql:/root/theo-db/benchmarks/m168_stream_ab.sql:65: WARNING:  theodb_decode_batch_stream: rows=10000 bytes=7316720
psql:/root/theo-db/benchmarks/m168_stream_ab.sql:65: WARNING:  theodb_decode_batch_stream: rows=10000 bytes=9510128
psql:/root/theo-db/benchmarks/m168_stream_ab.sql:65: WARNING:  theodb_decode_batch_stream: rows=10000 bytes=7281904
psql:/root/theo-db/benchmarks/m168_stream_ab.sql:65: WARNING:  theodb_decode_batch_stream: rows=10000 bytes=14163184
psql:/root/theo-db/benchmarks/m168_stream_ab.sql:65: WARNING:  theodb_decode_batch_stream: rows=10000 bytes=9446640
psql:/root/theo-db/benchmarks/m168_stream_ab.sql:65: WARNING:  theodb_decode_batch_stream: rows=10000 bytes=7681264
psql:/root/theo-db/benchmarks/m168_stream_ab.sql:65: WARNING:  theodb_decode_batch_stream: rows=10000 bytes=7421168
psql:/root/theo-db/benchmarks/m168_stream_ab.sql:65: WARNING:  theodb_decode_batch_stream: rows=10000 bytes=8550640
psql:/root/theo-db/benchmarks/m168_stream_ab.sql:65: WARNING:  theodb_decode_batch_stream: rows=10000 bytes=6971632
psql:/root/theo-db/benchmarks/m168_stream_ab.sql:65: WARNING:  theodb_decode_batch_stream: rows=10000 bytes=7816432
psql:/root/theo-db/benchmarks/m168_stream_ab.sql:65: WARNING:  theodb_decode_batch_stream: rows=10000 bytes=9381104
psql:/root/theo-db/benchmarks/m168_stream_ab.sql:65: WARNING:  theodb_decode_batch_stream: rows=10000 bytes=7185648
psql:/root/theo-db/benchmarks/m168_stream_ab.sql:65: WARNING:  theodb_decode_batch_stream: rows=10000 bytes=8367344
psql:/root/theo-db/benchmarks/m168_stream_ab.sql:65: WARNING:  theodb_decode_batch_stream: rows=10000 bytes=9510128
psql:/root/theo-db/benchmarks/m168_stream_ab.sql:65: WARNING:  theodb_decode_batch_stream: rows=10000 bytes=14556400
psql:/root/theo-db/benchmarks/m168_stream_ab.sql:65: WARNING:  theodb_decode_batch_stream: rows=10000 bytes=10497264
psql:/root/theo-db/benchmarks/m168_stream_ab.sql:65: WARNING:  theodb_decode_batch_stream: rows=10000 bytes=7414000
psql:/root/theo-db/benchmarks/m168_stream_ab.sql:65: WARNING:  theodb_decode_batch_stream: rows=10000 bytes=7557360
psql:/root/theo-db/benchmarks/m168_stream_ab.sql:65: WARNING:  theodb_decode_batch_stream: rows=10000 bytes=8589552
psql:/root/theo-db/benchmarks/m168_stream_ab.sql:65: WARNING:  theodb_decode_batch_stream: rows=10000 bytes=7594224
psql:/root/theo-db/benchmarks/m168_stream_ab.sql:65: WARNING:  theodb_decode_batch_stream: rows=10000 bytes=7321840
psql:/root/theo-db/benchmarks/m168_stream_ab.sql:65: WARNING:  theodb_decode_batch_stream: rows=10000 bytes=8268016
psql:/root/theo-db/benchmarks/m168_stream_ab.sql:65: WARNING:  theodb_decode_batch_stream: rows=10000 bytes=7233776
psql:/root/theo-db/benchmarks/m168_stream_ab.sql:65: WARNING:  theodb_decode_batch_stream: rows=10000 bytes=9526512
psql:/root/theo-db/benchmarks/m168_stream_ab.sql:65: WARNING:  theodb_decode_batch_stream: rows=10000 bytes=8331504
psql:/root/theo-db/benchmarks/m168_stream_ab.sql:65: WARNING:  theodb_decode_batch_stream: rows=10000 bytes=15144176
psql:/root/theo-db/benchmarks/m168_stream_ab.sql:65: WARNING:  theodb_decode_batch_stream: rows=10000 bytes=9318640
psql:/root/theo-db/benchmarks/m168_stream_ab.sql:65: WARNING:  theodb_decode_batch_stream: rows=10000 bytes=7492848
psql:/root/theo-db/benchmarks/m168_stream_ab.sql:65: WARNING:  theodb_decode_batch_stream: rows=10000 bytes=10439920
psql:/root/theo-db/benchmarks/m168_stream_ab.sql:65: WARNING:  theodb_decode_batch_stream: rows=10000 bytes=8547568
psql:/root/theo-db/benchmarks/m168_stream_ab.sql:65: WARNING:  theodb_decode_batch_stream: rows=10000 bytes=10438896
psql:/root/theo-db/benchmarks/m168_stream_ab.sql:65: WARNING:  theodb_decode_batch_stream: rows=10000 bytes=8543472
psql:/root/theo-db/benchmarks/m168_stream_ab.sql:65: WARNING:  theodb_decode_batch_stream: rows=10000 bytes=9392368
psql:/root/theo-db/benchmarks/m168_stream_ab.sql:65: WARNING:  theodb_decode_batch_stream: rows=10000 bytes=8859888
psql:/root/theo-db/benchmarks/m168_stream_ab.sql:65: WARNING:  theodb_decode_batch_stream: rows=10000 bytes=7756016
psql:/root/theo-db/benchmarks/m168_stream_ab.sql:65: WARNING:  theodb_topk_pool: peak_reserved=2411803 reserved_at_end=0 pool_limit=201326592
psql:/root/theo-db/benchmarks/m168_stream_ab.sql:65: NOTICE:  ARM=eager pair=3 q=q24
psql:/root/theo-db/benchmarks/m168_stream_ab.sql:65: WARNING:  theodb_admit_decline: topk_entered_sort
psql:/root/theo-db/benchmarks/m168_stream_ab.sql:65: WARNING:  theodb_admit_decline: swap_topk_admitted
psql:/root/theo-db/benchmarks/m168_stream_ab.sql:65: WARNING:  theodb_admit_decline: topk_entered_sort
psql:/root/theo-db/benchmarks/m168_stream_ab.sql:65: WARNING:  theodb_admit_decline: topk_parent_not_limit
psql:/root/theo-db/benchmarks/m168_stream_ab.sql:65: WARNING:  theodb_decode_batch: rows=1000000 bytes=20388828 work_mem_bytes=67108864
psql:/root/theo-db/benchmarks/m168_stream_ab.sql:65: NOTICE:  ARM=stream pair=3 q=q24
psql:/root/theo-db/benchmarks/m168_stream_ab.sql:65: WARNING:  theodb_admit_decline: topk_entered_sort
psql:/root/theo-db/benchmarks/m168_stream_ab.sql:65: WARNING:  theodb_admit_decline: swap_topk_admitted
psql:/root/theo-db/benchmarks/m168_stream_ab.sql:65: WARNING:  theodb_admit_decline: topk_entered_sort
psql:/root/theo-db/benchmarks/m168_stream_ab.sql:65: WARNING:  theodb_admit_decline: topk_parent_not_limit
psql:/root/theo-db/benchmarks/m168_stream_ab.sql:65: WARNING:  theodb_decode_batch_stream: rows=10000 bytes=185756 probe=1
psql:/root/theo-db/benchmarks/m168_stream_ab.sql:65: WARNING:  theodb_decode_batch_stream: rows=10000 bytes=251292
psql:/root/theo-db/benchmarks/m168_stream_ab.sql:65: WARNING:  theodb_decode_batch_stream: rows=10000 bytes=382364
psql:/root/theo-db/benchmarks/m168_stream_ab.sql:65: WARNING:  theodb_decode_batch_stream: rows=10000 bytes=251292
psql:/root/theo-db/benchmarks/m168_stream_ab.sql:65: WARNING:  theodb_decode_batch_stream: rows=10000 bytes=251292
psql:/root/theo-db/benchmarks/m168_stream_ab.sql:65: WARNING:  theodb_decode_batch_stream: rows=10000 bytes=185756
psql:/root/theo-db/benchmarks/m168_stream_ab.sql:65: WARNING:  theodb_decode_batch_stream: rows=10000 bytes=185756
psql:/root/theo-db/benchmarks/m168_stream_ab.sql:65: WARNING:  theodb_decode_batch_stream: rows=10000 bytes=185756
psql:/root/theo-db/benchmarks/m168_stream_ab.sql:65: WARNING:  theodb_decode_batch_stream: rows=10000 bytes=185756
psql:/root/theo-db/benchmarks/m168_stream_ab.sql:65: WARNING:  theodb_decode_batch_stream: rows=10000 bytes=251292
psql:/root/theo-db/benchmarks/m168_stream_ab.sql:65: WARNING:  theodb_decode_batch_stream: rows=10000 bytes=185756
psql:/root/theo-db/benchmarks/m168_stream_ab.sql:65: WARNING:  theodb_decode_batch_stream: rows=10000 bytes=251292
psql:/root/theo-db/benchmarks/m168_stream_ab.sql:65: WARNING:  theodb_decode_batch_stream: rows=10000 bytes=152988
psql:/root/theo-db/benchmarks/m168_stream_ab.sql:65: WARNING:  theodb_decode_batch_stream: rows=10000 bytes=136604
psql:/root/theo-db/benchmarks/m168_stream_ab.sql:65: WARNING:  theodb_decode_batch_stream: rows=10000 bytes=185756
psql:/root/theo-db/benchmarks/m168_stream_ab.sql:65: WARNING:  theodb_decode_batch_stream: rows=10000 bytes=251292
psql:/root/theo-db/benchmarks/m168_stream_ab.sql:65: WARNING:  theodb_decode_batch_stream: rows=10000 bytes=152988
psql:/root/theo-db/benchmarks/m168_stream_ab.sql:65: WARNING:  theodb_decode_batch_stream: rows=10000 bytes=185756
psql:/root/theo-db/benchmarks/m168_stream_ab.sql:65: WARNING:  theodb_decode_batch_stream: rows=10000 bytes=251292
psql:/root/theo-db/benchmarks/m168_stream_ab.sql:65: WARNING:  theodb_decode_batch_stream: rows=10000 bytes=185756
psql:/root/theo-db/benchmarks/m168_stream_ab.sql:65: WARNING:  theodb_decode_batch_stream: rows=10000 bytes=185756
psql:/root/theo-db/benchmarks/m168_stream_ab.sql:65: WARNING:  theodb_decode_batch_stream: rows=10000 bytes=185756
psql:/root/theo-db/benchmarks/m168_stream_ab.sql:65: WARNING:  theodb_decode_batch_stream: rows=10000 bytes=152988
psql:/root/theo-db/benchmarks/m168_stream_ab.sql:65: WARNING:  theodb_decode_batch_stream: rows=10000 bytes=136604
psql:/root/theo-db/benchmarks/m168_stream_ab.sql:65: WARNING:  theodb_decode_batch_stream: rows=10000 bytes=136604
psql:/root/theo-db/benchmarks/m168_stream_ab.sql:65: WARNING:  theodb_decode_batch_stream: rows=10000 bytes=185756
psql:/root/theo-db/benchmarks/m168_stream_ab.sql:65: WARNING:  theodb_decode_batch_stream: rows=10000 bytes=382364
psql:/root/theo-db/benchmarks/m168_stream_ab.sql:65: WARNING:  theodb_decode_batch_stream: rows=10000 bytes=136604
psql:/root/theo-db/benchmarks/m168_stream_ab.sql:65: WARNING:  theodb_decode_batch_stream: rows=10000 bytes=136604
psql:/root/theo-db/benchmarks/m168_stream_ab.sql:65: WARNING:  theodb_decode_batch_stream: rows=10000 bytes=152988
psql:/root/theo-db/benchmarks/m168_stream_ab.sql:65: WARNING:  theodb_decode_batch_stream: rows=10000 bytes=185756
psql:/root/theo-db/benchmarks/m168_stream_ab.sql:65: WARNING:  theodb_decode_batch_stream: rows=10000 bytes=185756
psql:/root/theo-db/benchmarks/m168_stream_ab.sql:65: WARNING:  theodb_decode_batch_stream: rows=10000 bytes=152988
psql:/root/theo-db/benchmarks/m168_stream_ab.sql:65: WARNING:  theodb_decode_batch_stream: rows=10000 bytes=185756
psql:/root/theo-db/benchmarks/m168_stream_ab.sql:65: WARNING:  theodb_decode_batch_stream: rows=10000 bytes=185756
psql:/root/theo-db/benchmarks/m168_stream_ab.sql:65: WARNING:  theodb_decode_batch_stream: rows=10000 bytes=251292
psql:/root/theo-db/benchmarks/m168_stream_ab.sql:65: WARNING:  theodb_decode_batch_stream: rows=10000 bytes=251292
psql:/root/theo-db/benchmarks/m168_stream_ab.sql:65: WARNING:  theodb_decode_batch_stream: rows=10000 bytes=136604
psql:/root/theo-db/benchmarks/m168_stream_ab.sql:65: WARNING:  theodb_decode_batch_stream: rows=10000 bytes=251292
psql:/root/theo-db/benchmarks/m168_stream_ab.sql:65: WARNING:  theodb_decode_batch_stream: rows=10000 bytes=152988
psql:/root/theo-db/benchmarks/m168_stream_ab.sql:65: WARNING:  theodb_decode_batch_stream: rows=10000 bytes=152988
psql:/root/theo-db/benchmarks/m168_stream_ab.sql:65: WARNING:  theodb_decode_batch_stream: rows=10000 bytes=382364
psql:/root/theo-db/benchmarks/m168_stream_ab.sql:65: WARNING:  theodb_decode_batch_stream: rows=10000 bytes=644508
psql:/root/theo-db/benchmarks/m168_stream_ab.sql:65: WARNING:  theodb_decode_batch_stream: rows=10000 bytes=644508
psql:/root/theo-db/benchmarks/m168_stream_ab.sql:65: WARNING:  theodb_decode_batch_stream: rows=10000 bytes=644508
psql:/root/theo-db/benchmarks/m168_stream_ab.sql:65: WARNING:  theodb_decode_batch_stream: rows=10000 bytes=382364
psql:/root/theo-db/benchmarks/m168_stream_ab.sql:65: WARNING:  theodb_decode_batch_stream: rows=10000 bytes=251292
psql:/root/theo-db/benchmarks/m168_stream_ab.sql:65: WARNING:  theodb_decode_batch_stream: rows=10000 bytes=185756
psql:/root/theo-db/benchmarks/m168_stream_ab.sql:65: WARNING:  theodb_decode_batch_stream: rows=10000 bytes=128412
psql:/root/theo-db/benchmarks/m168_stream_ab.sql:65: WARNING:  theodb_decode_batch_stream: rows=10000 bytes=185756
psql:/root/theo-db/benchmarks/m168_stream_ab.sql:65: WARNING:  theodb_decode_batch_stream: rows=10000 bytes=152988
psql:/root/theo-db/benchmarks/m168_stream_ab.sql:65: WARNING:  theodb_decode_batch_stream: rows=10000 bytes=185756
psql:/root/theo-db/benchmarks/m168_stream_ab.sql:65: WARNING:  theodb_decode_batch_stream: rows=10000 bytes=185756
psql:/root/theo-db/benchmarks/m168_stream_ab.sql:65: WARNING:  theodb_decode_batch_stream: rows=10000 bytes=251292
psql:/root/theo-db/benchmarks/m168_stream_ab.sql:65: WARNING:  theodb_decode_batch_stream: rows=10000 bytes=251292
psql:/root/theo-db/benchmarks/m168_stream_ab.sql:65: WARNING:  theodb_decode_batch_stream: rows=10000 bytes=152988
psql:/root/theo-db/benchmarks/m168_stream_ab.sql:65: WARNING:  theodb_decode_batch_stream: rows=10000 bytes=251292
psql:/root/theo-db/benchmarks/m168_stream_ab.sql:65: WARNING:  theodb_decode_batch_stream: rows=10000 bytes=185756
psql:/root/theo-db/benchmarks/m168_stream_ab.sql:65: WARNING:  theodb_decode_batch_stream: rows=10000 bytes=382364
psql:/root/theo-db/benchmarks/m168_stream_ab.sql:65: WARNING:  theodb_decode_batch_stream: rows=10000 bytes=251292
psql:/root/theo-db/benchmarks/m168_stream_ab.sql:65: WARNING:  theodb_decode_batch_stream: rows=10000 bytes=185756
psql:/root/theo-db/benchmarks/m168_stream_ab.sql:65: WARNING:  theodb_decode_batch_stream: rows=10000 bytes=251292
psql:/root/theo-db/benchmarks/m168_stream_ab.sql:65: WARNING:  theodb_decode_batch_stream: rows=10000 bytes=185756
psql:/root/theo-db/benchmarks/m168_stream_ab.sql:65: WARNING:  theodb_decode_batch_stream: rows=10000 bytes=251292
psql:/root/theo-db/benchmarks/m168_stream_ab.sql:65: WARNING:  theodb_decode_batch_stream: rows=10000 bytes=152988
psql:/root/theo-db/benchmarks/m168_stream_ab.sql:65: WARNING:  theodb_decode_batch_stream: rows=10000 bytes=152988
psql:/root/theo-db/benchmarks/m168_stream_ab.sql:65: WARNING:  theodb_decode_batch_stream: rows=10000 bytes=382364
psql:/root/theo-db/benchmarks/m168_stream_ab.sql:65: WARNING:  theodb_decode_batch_stream: rows=10000 bytes=185756
psql:/root/theo-db/benchmarks/m168_stream_ab.sql:65: WARNING:  theodb_decode_batch_stream: rows=10000 bytes=185756
psql:/root/theo-db/benchmarks/m168_stream_ab.sql:65: WARNING:  theodb_decode_batch_stream: rows=10000 bytes=185756
psql:/root/theo-db/benchmarks/m168_stream_ab.sql:65: WARNING:  theodb_decode_batch_stream: rows=10000 bytes=382364
psql:/root/theo-db/benchmarks/m168_stream_ab.sql:65: WARNING:  theodb_decode_batch_stream: rows=10000 bytes=251292
psql:/root/theo-db/benchmarks/m168_stream_ab.sql:65: WARNING:  theodb_decode_batch_stream: rows=10000 bytes=185756
psql:/root/theo-db/benchmarks/m168_stream_ab.sql:65: WARNING:  theodb_decode_batch_stream: rows=10000 bytes=185756
psql:/root/theo-db/benchmarks/m168_stream_ab.sql:65: WARNING:  theodb_decode_batch_stream: rows=10000 bytes=251292
psql:/root/theo-db/benchmarks/m168_stream_ab.sql:65: WARNING:  theodb_decode_batch_stream: rows=10000 bytes=185756
psql:/root/theo-db/benchmarks/m168_stream_ab.sql:65: WARNING:  theodb_decode_batch_stream: rows=10000 bytes=136604
psql:/root/theo-db/benchmarks/m168_stream_ab.sql:65: WARNING:  theodb_decode_batch_stream: rows=10000 bytes=251292
psql:/root/theo-db/benchmarks/m168_stream_ab.sql:65: WARNING:  theodb_decode_batch_stream: rows=10000 bytes=382364
psql:/root/theo-db/benchmarks/m168_stream_ab.sql:65: WARNING:  theodb_decode_batch_stream: rows=10000 bytes=152988
psql:/root/theo-db/benchmarks/m168_stream_ab.sql:65: WARNING:  theodb_decode_batch_stream: rows=10000 bytes=185756
psql:/root/theo-db/benchmarks/m168_stream_ab.sql:65: WARNING:  theodb_decode_batch_stream: rows=10000 bytes=251292
psql:/root/theo-db/benchmarks/m168_stream_ab.sql:65: WARNING:  theodb_decode_batch_stream: rows=10000 bytes=251292
psql:/root/theo-db/benchmarks/m168_stream_ab.sql:65: WARNING:  theodb_decode_batch_stream: rows=10000 bytes=185756
psql:/root/theo-db/benchmarks/m168_stream_ab.sql:65: WARNING:  theodb_decode_batch_stream: rows=10000 bytes=185756
psql:/root/theo-db/benchmarks/m168_stream_ab.sql:65: WARNING:  theodb_decode_batch_stream: rows=10000 bytes=251292
psql:/root/theo-db/benchmarks/m168_stream_ab.sql:65: WARNING:  theodb_decode_batch_stream: rows=10000 bytes=152988
psql:/root/theo-db/benchmarks/m168_stream_ab.sql:65: WARNING:  theodb_decode_batch_stream: rows=10000 bytes=152988
psql:/root/theo-db/benchmarks/m168_stream_ab.sql:65: WARNING:  theodb_decode_batch_stream: rows=10000 bytes=382364
psql:/root/theo-db/benchmarks/m168_stream_ab.sql:65: WARNING:  theodb_decode_batch_stream: rows=10000 bytes=251292
psql:/root/theo-db/benchmarks/m168_stream_ab.sql:65: WARNING:  theodb_decode_batch_stream: rows=10000 bytes=152988
psql:/root/theo-db/benchmarks/m168_stream_ab.sql:65: WARNING:  theodb_decode_batch_stream: rows=10000 bytes=185756
psql:/root/theo-db/benchmarks/m168_stream_ab.sql:65: WARNING:  theodb_decode_batch_stream: rows=10000 bytes=185756
psql:/root/theo-db/benchmarks/m168_stream_ab.sql:65: WARNING:  theodb_decode_batch_stream: rows=10000 bytes=251292
psql:/root/theo-db/benchmarks/m168_stream_ab.sql:65: WARNING:  theodb_decode_batch_stream: rows=10000 bytes=185756
psql:/root/theo-db/benchmarks/m168_stream_ab.sql:65: WARNING:  theodb_decode_batch_stream: rows=10000 bytes=251292
psql:/root/theo-db/benchmarks/m168_stream_ab.sql:65: WARNING:  theodb_decode_batch_stream: rows=10000 bytes=185756
psql:/root/theo-db/benchmarks/m168_stream_ab.sql:65: WARNING:  theodb_decode_batch_stream: rows=10000 bytes=251292
psql:/root/theo-db/benchmarks/m168_stream_ab.sql:65: WARNING:  theodb_decode_batch_stream: rows=10000 bytes=251292
psql:/root/theo-db/benchmarks/m168_stream_ab.sql:65: WARNING:  theodb_decode_batch_stream: rows=10000 bytes=185756
psql:/root/theo-db/benchmarks/m168_stream_ab.sql:65: WARNING:  theodb_topk_pool: peak_reserved=825920 reserved_at_end=0 pool_limit=201326592
psql:/root/theo-db/benchmarks/m168_stream_ab.sql:65: NOTICE:  ARM=eager pair=3 q=q25
psql:/root/theo-db/benchmarks/m168_stream_ab.sql:65: WARNING:  theodb_admit_decline: topk_entered_sort
psql:/root/theo-db/benchmarks/m168_stream_ab.sql:65: WARNING:  theodb_admit_decline: swap_topk_admitted
psql:/root/theo-db/benchmarks/m168_stream_ab.sql:65: WARNING:  theodb_admit_decline: topk_entered_sort
psql:/root/theo-db/benchmarks/m168_stream_ab.sql:65: WARNING:  theodb_admit_decline: topk_parent_not_limit
psql:/root/theo-db/benchmarks/m168_stream_ab.sql:65: WARNING:  theodb_decode_batch: rows=1000000 bytes=12388732 work_mem_bytes=67108864
psql:/root/theo-db/benchmarks/m168_stream_ab.sql:65: NOTICE:  ARM=stream pair=3 q=q25
psql:/root/theo-db/benchmarks/m168_stream_ab.sql:65: WARNING:  theodb_admit_decline: topk_entered_sort
psql:/root/theo-db/benchmarks/m168_stream_ab.sql:65: WARNING:  theodb_admit_decline: swap_topk_admitted
psql:/root/theo-db/benchmarks/m168_stream_ab.sql:65: WARNING:  theodb_admit_decline: topk_entered_sort
psql:/root/theo-db/benchmarks/m168_stream_ab.sql:65: WARNING:  theodb_admit_decline: topk_parent_not_limit
psql:/root/theo-db/benchmarks/m168_stream_ab.sql:65: WARNING:  theodb_decode_batch_stream: rows=10000 bytes=105660 probe=1
psql:/root/theo-db/benchmarks/m168_stream_ab.sql:65: WARNING:  theodb_decode_batch_stream: rows=10000 bytes=171196
psql:/root/theo-db/benchmarks/m168_stream_ab.sql:65: WARNING:  theodb_decode_batch_stream: rows=10000 bytes=302268
psql:/root/theo-db/benchmarks/m168_stream_ab.sql:65: WARNING:  theodb_decode_batch_stream: rows=10000 bytes=171196
psql:/root/theo-db/benchmarks/m168_stream_ab.sql:65: WARNING:  theodb_decode_batch_stream: rows=10000 bytes=171196
psql:/root/theo-db/benchmarks/m168_stream_ab.sql:65: WARNING:  theodb_decode_batch_stream: rows=10000 bytes=105660
psql:/root/theo-db/benchmarks/m168_stream_ab.sql:65: WARNING:  theodb_decode_batch_stream: rows=10000 bytes=105660
psql:/root/theo-db/benchmarks/m168_stream_ab.sql:65: WARNING:  theodb_decode_batch_stream: rows=10000 bytes=105660
psql:/root/theo-db/benchmarks/m168_stream_ab.sql:65: WARNING:  theodb_decode_batch_stream: rows=10000 bytes=105660
psql:/root/theo-db/benchmarks/m168_stream_ab.sql:65: WARNING:  theodb_decode_batch_stream: rows=10000 bytes=171196
psql:/root/theo-db/benchmarks/m168_stream_ab.sql:65: WARNING:  theodb_decode_batch_stream: rows=10000 bytes=105660
psql:/root/theo-db/benchmarks/m168_stream_ab.sql:65: WARNING:  theodb_decode_batch_stream: rows=10000 bytes=171196
psql:/root/theo-db/benchmarks/m168_stream_ab.sql:65: WARNING:  theodb_decode_batch_stream: rows=10000 bytes=72892
psql:/root/theo-db/benchmarks/m168_stream_ab.sql:65: WARNING:  theodb_decode_batch_stream: rows=10000 bytes=56508
psql:/root/theo-db/benchmarks/m168_stream_ab.sql:65: WARNING:  theodb_decode_batch_stream: rows=10000 bytes=105660
psql:/root/theo-db/benchmarks/m168_stream_ab.sql:65: WARNING:  theodb_decode_batch_stream: rows=10000 bytes=171196
psql:/root/theo-db/benchmarks/m168_stream_ab.sql:65: WARNING:  theodb_decode_batch_stream: rows=10000 bytes=72892
psql:/root/theo-db/benchmarks/m168_stream_ab.sql:65: WARNING:  theodb_decode_batch_stream: rows=10000 bytes=105660
psql:/root/theo-db/benchmarks/m168_stream_ab.sql:65: WARNING:  theodb_decode_batch_stream: rows=10000 bytes=171196
psql:/root/theo-db/benchmarks/m168_stream_ab.sql:65: WARNING:  theodb_decode_batch_stream: rows=10000 bytes=105660
psql:/root/theo-db/benchmarks/m168_stream_ab.sql:65: WARNING:  theodb_decode_batch_stream: rows=10000 bytes=105660
psql:/root/theo-db/benchmarks/m168_stream_ab.sql:65: WARNING:  theodb_decode_batch_stream: rows=10000 bytes=105660
psql:/root/theo-db/benchmarks/m168_stream_ab.sql:65: WARNING:  theodb_decode_batch_stream: rows=10000 bytes=72892
psql:/root/theo-db/benchmarks/m168_stream_ab.sql:65: WARNING:  theodb_decode_batch_stream: rows=10000 bytes=56508
psql:/root/theo-db/benchmarks/m168_stream_ab.sql:65: WARNING:  theodb_decode_batch_stream: rows=10000 bytes=56508
psql:/root/theo-db/benchmarks/m168_stream_ab.sql:65: WARNING:  theodb_decode_batch_stream: rows=10000 bytes=105660
psql:/root/theo-db/benchmarks/m168_stream_ab.sql:65: WARNING:  theodb_decode_batch_stream: rows=10000 bytes=302268
psql:/root/theo-db/benchmarks/m168_stream_ab.sql:65: WARNING:  theodb_decode_batch_stream: rows=10000 bytes=56508
psql:/root/theo-db/benchmarks/m168_stream_ab.sql:65: WARNING:  theodb_decode_batch_stream: rows=10000 bytes=56508
psql:/root/theo-db/benchmarks/m168_stream_ab.sql:65: WARNING:  theodb_decode_batch_stream: rows=10000 bytes=72892
psql:/root/theo-db/benchmarks/m168_stream_ab.sql:65: WARNING:  theodb_decode_batch_stream: rows=10000 bytes=105660
psql:/root/theo-db/benchmarks/m168_stream_ab.sql:65: WARNING:  theodb_decode_batch_stream: rows=10000 bytes=105660
psql:/root/theo-db/benchmarks/m168_stream_ab.sql:65: WARNING:  theodb_decode_batch_stream: rows=10000 bytes=72892
psql:/root/theo-db/benchmarks/m168_stream_ab.sql:65: WARNING:  theodb_decode_batch_stream: rows=10000 bytes=105660
psql:/root/theo-db/benchmarks/m168_stream_ab.sql:65: WARNING:  theodb_decode_batch_stream: rows=10000 bytes=105660
psql:/root/theo-db/benchmarks/m168_stream_ab.sql:65: WARNING:  theodb_decode_batch_stream: rows=10000 bytes=171196
psql:/root/theo-db/benchmarks/m168_stream_ab.sql:65: WARNING:  theodb_decode_batch_stream: rows=10000 bytes=171196
psql:/root/theo-db/benchmarks/m168_stream_ab.sql:65: WARNING:  theodb_decode_batch_stream: rows=10000 bytes=56508
psql:/root/theo-db/benchmarks/m168_stream_ab.sql:65: WARNING:  theodb_decode_batch_stream: rows=10000 bytes=171196
psql:/root/theo-db/benchmarks/m168_stream_ab.sql:65: WARNING:  theodb_decode_batch_stream: rows=10000 bytes=72892
psql:/root/theo-db/benchmarks/m168_stream_ab.sql:65: WARNING:  theodb_decode_batch_stream: rows=10000 bytes=72892
psql:/root/theo-db/benchmarks/m168_stream_ab.sql:65: WARNING:  theodb_decode_batch_stream: rows=10000 bytes=302268
psql:/root/theo-db/benchmarks/m168_stream_ab.sql:65: WARNING:  theodb_decode_batch_stream: rows=10000 bytes=564412
psql:/root/theo-db/benchmarks/m168_stream_ab.sql:65: WARNING:  theodb_decode_batch_stream: rows=10000 bytes=564412
psql:/root/theo-db/benchmarks/m168_stream_ab.sql:65: WARNING:  theodb_decode_batch_stream: rows=10000 bytes=564412
psql:/root/theo-db/benchmarks/m168_stream_ab.sql:65: WARNING:  theodb_decode_batch_stream: rows=10000 bytes=302268
psql:/root/theo-db/benchmarks/m168_stream_ab.sql:65: WARNING:  theodb_decode_batch_stream: rows=10000 bytes=171196
psql:/root/theo-db/benchmarks/m168_stream_ab.sql:65: WARNING:  theodb_decode_batch_stream: rows=10000 bytes=105660
psql:/root/theo-db/benchmarks/m168_stream_ab.sql:65: WARNING:  theodb_decode_batch_stream: rows=10000 bytes=48316
psql:/root/theo-db/benchmarks/m168_stream_ab.sql:65: WARNING:  theodb_decode_batch_stream: rows=10000 bytes=105660
psql:/root/theo-db/benchmarks/m168_stream_ab.sql:65: WARNING:  theodb_decode_batch_stream: rows=10000 bytes=72892
psql:/root/theo-db/benchmarks/m168_stream_ab.sql:65: WARNING:  theodb_decode_batch_stream: rows=10000 bytes=105660
psql:/root/theo-db/benchmarks/m168_stream_ab.sql:65: WARNING:  theodb_decode_batch_stream: rows=10000 bytes=105660
psql:/root/theo-db/benchmarks/m168_stream_ab.sql:65: WARNING:  theodb_decode_batch_stream: rows=10000 bytes=171196
psql:/root/theo-db/benchmarks/m168_stream_ab.sql:65: WARNING:  theodb_decode_batch_stream: rows=10000 bytes=171196
psql:/root/theo-db/benchmarks/m168_stream_ab.sql:65: WARNING:  theodb_decode_batch_stream: rows=10000 bytes=72892
psql:/root/theo-db/benchmarks/m168_stream_ab.sql:65: WARNING:  theodb_decode_batch_stream: rows=10000 bytes=171196
psql:/root/theo-db/benchmarks/m168_stream_ab.sql:65: WARNING:  theodb_decode_batch_stream: rows=10000 bytes=105660
psql:/root/theo-db/benchmarks/m168_stream_ab.sql:65: WARNING:  theodb_decode_batch_stream: rows=10000 bytes=302268
psql:/root/theo-db/benchmarks/m168_stream_ab.sql:65: WARNING:  theodb_decode_batch_stream: rows=10000 bytes=171196
psql:/root/theo-db/benchmarks/m168_stream_ab.sql:65: WARNING:  theodb_decode_batch_stream: rows=10000 bytes=105660
psql:/root/theo-db/benchmarks/m168_stream_ab.sql:65: WARNING:  theodb_decode_batch_stream: rows=10000 bytes=171196
psql:/root/theo-db/benchmarks/m168_stream_ab.sql:65: WARNING:  theodb_decode_batch_stream: rows=10000 bytes=105660
psql:/root/theo-db/benchmarks/m168_stream_ab.sql:65: WARNING:  theodb_decode_batch_stream: rows=10000 bytes=171196
psql:/root/theo-db/benchmarks/m168_stream_ab.sql:65: WARNING:  theodb_decode_batch_stream: rows=10000 bytes=72892
psql:/root/theo-db/benchmarks/m168_stream_ab.sql:65: WARNING:  theodb_decode_batch_stream: rows=10000 bytes=72892
psql:/root/theo-db/benchmarks/m168_stream_ab.sql:65: WARNING:  theodb_decode_batch_stream: rows=10000 bytes=302268
psql:/root/theo-db/benchmarks/m168_stream_ab.sql:65: WARNING:  theodb_decode_batch_stream: rows=10000 bytes=105660
psql:/root/theo-db/benchmarks/m168_stream_ab.sql:65: WARNING:  theodb_decode_batch_stream: rows=10000 bytes=105660
psql:/root/theo-db/benchmarks/m168_stream_ab.sql:65: WARNING:  theodb_decode_batch_stream: rows=10000 bytes=105660
psql:/root/theo-db/benchmarks/m168_stream_ab.sql:65: WARNING:  theodb_decode_batch_stream: rows=10000 bytes=302268
psql:/root/theo-db/benchmarks/m168_stream_ab.sql:65: WARNING:  theodb_decode_batch_stream: rows=10000 bytes=171196
psql:/root/theo-db/benchmarks/m168_stream_ab.sql:65: WARNING:  theodb_decode_batch_stream: rows=10000 bytes=105660
psql:/root/theo-db/benchmarks/m168_stream_ab.sql:65: WARNING:  theodb_decode_batch_stream: rows=10000 bytes=105660
psql:/root/theo-db/benchmarks/m168_stream_ab.sql:65: WARNING:  theodb_decode_batch_stream: rows=10000 bytes=171196
psql:/root/theo-db/benchmarks/m168_stream_ab.sql:65: WARNING:  theodb_decode_batch_stream: rows=10000 bytes=105660
psql:/root/theo-db/benchmarks/m168_stream_ab.sql:65: WARNING:  theodb_decode_batch_stream: rows=10000 bytes=56508
psql:/root/theo-db/benchmarks/m168_stream_ab.sql:65: WARNING:  theodb_decode_batch_stream: rows=10000 bytes=171196
psql:/root/theo-db/benchmarks/m168_stream_ab.sql:65: WARNING:  theodb_decode_batch_stream: rows=10000 bytes=302268
psql:/root/theo-db/benchmarks/m168_stream_ab.sql:65: WARNING:  theodb_decode_batch_stream: rows=10000 bytes=72892
psql:/root/theo-db/benchmarks/m168_stream_ab.sql:65: WARNING:  theodb_decode_batch_stream: rows=10000 bytes=105660
psql:/root/theo-db/benchmarks/m168_stream_ab.sql:65: WARNING:  theodb_decode_batch_stream: rows=10000 bytes=171196
psql:/root/theo-db/benchmarks/m168_stream_ab.sql:65: WARNING:  theodb_decode_batch_stream: rows=10000 bytes=171196
psql:/root/theo-db/benchmarks/m168_stream_ab.sql:65: WARNING:  theodb_decode_batch_stream: rows=10000 bytes=105660
psql:/root/theo-db/benchmarks/m168_stream_ab.sql:65: WARNING:  theodb_decode_batch_stream: rows=10000 bytes=105660
psql:/root/theo-db/benchmarks/m168_stream_ab.sql:65: WARNING:  theodb_decode_batch_stream: rows=10000 bytes=171196
psql:/root/theo-db/benchmarks/m168_stream_ab.sql:65: WARNING:  theodb_decode_batch_stream: rows=10000 bytes=72892
psql:/root/theo-db/benchmarks/m168_stream_ab.sql:65: WARNING:  theodb_decode_batch_stream: rows=10000 bytes=72892
psql:/root/theo-db/benchmarks/m168_stream_ab.sql:65: WARNING:  theodb_decode_batch_stream: rows=10000 bytes=302268
psql:/root/theo-db/benchmarks/m168_stream_ab.sql:65: WARNING:  theodb_decode_batch_stream: rows=10000 bytes=171196
psql:/root/theo-db/benchmarks/m168_stream_ab.sql:65: WARNING:  theodb_decode_batch_stream: rows=10000 bytes=72892
psql:/root/theo-db/benchmarks/m168_stream_ab.sql:65: WARNING:  theodb_decode_batch_stream: rows=10000 bytes=105660
psql:/root/theo-db/benchmarks/m168_stream_ab.sql:65: WARNING:  theodb_decode_batch_stream: rows=10000 bytes=105660
psql:/root/theo-db/benchmarks/m168_stream_ab.sql:65: WARNING:  theodb_decode_batch_stream: rows=10000 bytes=171196
psql:/root/theo-db/benchmarks/m168_stream_ab.sql:65: WARNING:  theodb_decode_batch_stream: rows=10000 bytes=105660
psql:/root/theo-db/benchmarks/m168_stream_ab.sql:65: WARNING:  theodb_decode_batch_stream: rows=10000 bytes=171196
psql:/root/theo-db/benchmarks/m168_stream_ab.sql:65: WARNING:  theodb_decode_batch_stream: rows=10000 bytes=105660
psql:/root/theo-db/benchmarks/m168_stream_ab.sql:65: WARNING:  theodb_decode_batch_stream: rows=10000 bytes=171196
psql:/root/theo-db/benchmarks/m168_stream_ab.sql:65: WARNING:  theodb_decode_batch_stream: rows=10000 bytes=171196
psql:/root/theo-db/benchmarks/m168_stream_ab.sql:65: WARNING:  theodb_decode_batch_stream: rows=10000 bytes=105660
psql:/root/theo-db/benchmarks/m168_stream_ab.sql:65: WARNING:  theodb_topk_pool: peak_reserved=1220138 reserved_at_end=0 pool_limit=201326592
psql:/root/theo-db/benchmarks/m168_stream_ab.sql:65: NOTICE:  ARM=eager pair=3 q=q26
psql:/root/theo-db/benchmarks/m168_stream_ab.sql:65: WARNING:  theodb_admit_decline: topk_entered_sort
psql:/root/theo-db/benchmarks/m168_stream_ab.sql:65: WARNING:  theodb_admit_decline: swap_topk_admitted
psql:/root/theo-db/benchmarks/m168_stream_ab.sql:65: WARNING:  theodb_admit_decline: topk_entered_sort
psql:/root/theo-db/benchmarks/m168_stream_ab.sql:65: WARNING:  theodb_admit_decline: topk_parent_not_limit
psql:/root/theo-db/benchmarks/m168_stream_ab.sql:65: WARNING:  theodb_decode_batch: rows=1000000 bytes=20388828 work_mem_bytes=67108864
psql:/root/theo-db/benchmarks/m168_stream_ab.sql:65: NOTICE:  ARM=stream pair=3 q=q26
psql:/root/theo-db/benchmarks/m168_stream_ab.sql:65: WARNING:  theodb_admit_decline: topk_entered_sort
psql:/root/theo-db/benchmarks/m168_stream_ab.sql:65: WARNING:  theodb_admit_decline: swap_topk_admitted
psql:/root/theo-db/benchmarks/m168_stream_ab.sql:65: WARNING:  theodb_admit_decline: topk_entered_sort
psql:/root/theo-db/benchmarks/m168_stream_ab.sql:65: WARNING:  theodb_admit_decline: topk_parent_not_limit
psql:/root/theo-db/benchmarks/m168_stream_ab.sql:65: WARNING:  theodb_decode_batch_stream: rows=10000 bytes=185756 probe=1
psql:/root/theo-db/benchmarks/m168_stream_ab.sql:65: WARNING:  theodb_decode_batch_stream: rows=10000 bytes=251292
psql:/root/theo-db/benchmarks/m168_stream_ab.sql:65: WARNING:  theodb_decode_batch_stream: rows=10000 bytes=382364
psql:/root/theo-db/benchmarks/m168_stream_ab.sql:65: WARNING:  theodb_decode_batch_stream: rows=10000 bytes=251292
psql:/root/theo-db/benchmarks/m168_stream_ab.sql:65: WARNING:  theodb_decode_batch_stream: rows=10000 bytes=251292
psql:/root/theo-db/benchmarks/m168_stream_ab.sql:65: WARNING:  theodb_decode_batch_stream: rows=10000 bytes=185756
psql:/root/theo-db/benchmarks/m168_stream_ab.sql:65: WARNING:  theodb_decode_batch_stream: rows=10000 bytes=185756
psql:/root/theo-db/benchmarks/m168_stream_ab.sql:65: WARNING:  theodb_decode_batch_stream: rows=10000 bytes=185756
psql:/root/theo-db/benchmarks/m168_stream_ab.sql:65: WARNING:  theodb_decode_batch_stream: rows=10000 bytes=185756
psql:/root/theo-db/benchmarks/m168_stream_ab.sql:65: WARNING:  theodb_decode_batch_stream: rows=10000 bytes=251292
psql:/root/theo-db/benchmarks/m168_stream_ab.sql:65: WARNING:  theodb_decode_batch_stream: rows=10000 bytes=185756
psql:/root/theo-db/benchmarks/m168_stream_ab.sql:65: WARNING:  theodb_decode_batch_stream: rows=10000 bytes=251292
psql:/root/theo-db/benchmarks/m168_stream_ab.sql:65: WARNING:  theodb_decode_batch_stream: rows=10000 bytes=152988
psql:/root/theo-db/benchmarks/m168_stream_ab.sql:65: WARNING:  theodb_decode_batch_stream: rows=10000 bytes=136604
psql:/root/theo-db/benchmarks/m168_stream_ab.sql:65: WARNING:  theodb_decode_batch_stream: rows=10000 bytes=185756
psql:/root/theo-db/benchmarks/m168_stream_ab.sql:65: WARNING:  theodb_decode_batch_stream: rows=10000 bytes=251292
psql:/root/theo-db/benchmarks/m168_stream_ab.sql:65: WARNING:  theodb_decode_batch_stream: rows=10000 bytes=152988
psql:/root/theo-db/benchmarks/m168_stream_ab.sql:65: WARNING:  theodb_decode_batch_stream: rows=10000 bytes=185756
psql:/root/theo-db/benchmarks/m168_stream_ab.sql:65: WARNING:  theodb_decode_batch_stream: rows=10000 bytes=251292
psql:/root/theo-db/benchmarks/m168_stream_ab.sql:65: WARNING:  theodb_decode_batch_stream: rows=10000 bytes=185756
psql:/root/theo-db/benchmarks/m168_stream_ab.sql:65: WARNING:  theodb_decode_batch_stream: rows=10000 bytes=185756
psql:/root/theo-db/benchmarks/m168_stream_ab.sql:65: WARNING:  theodb_decode_batch_stream: rows=10000 bytes=185756
psql:/root/theo-db/benchmarks/m168_stream_ab.sql:65: WARNING:  theodb_decode_batch_stream: rows=10000 bytes=152988
psql:/root/theo-db/benchmarks/m168_stream_ab.sql:65: WARNING:  theodb_decode_batch_stream: rows=10000 bytes=136604
psql:/root/theo-db/benchmarks/m168_stream_ab.sql:65: WARNING:  theodb_decode_batch_stream: rows=10000 bytes=136604
psql:/root/theo-db/benchmarks/m168_stream_ab.sql:65: WARNING:  theodb_decode_batch_stream: rows=10000 bytes=185756
psql:/root/theo-db/benchmarks/m168_stream_ab.sql:65: WARNING:  theodb_decode_batch_stream: rows=10000 bytes=382364
psql:/root/theo-db/benchmarks/m168_stream_ab.sql:65: WARNING:  theodb_decode_batch_stream: rows=10000 bytes=136604
psql:/root/theo-db/benchmarks/m168_stream_ab.sql:65: WARNING:  theodb_decode_batch_stream: rows=10000 bytes=136604
psql:/root/theo-db/benchmarks/m168_stream_ab.sql:65: WARNING:  theodb_decode_batch_stream: rows=10000 bytes=152988
psql:/root/theo-db/benchmarks/m168_stream_ab.sql:65: WARNING:  theodb_decode_batch_stream: rows=10000 bytes=185756
psql:/root/theo-db/benchmarks/m168_stream_ab.sql:65: WARNING:  theodb_decode_batch_stream: rows=10000 bytes=185756
psql:/root/theo-db/benchmarks/m168_stream_ab.sql:65: WARNING:  theodb_decode_batch_stream: rows=10000 bytes=152988
psql:/root/theo-db/benchmarks/m168_stream_ab.sql:65: WARNING:  theodb_decode_batch_stream: rows=10000 bytes=185756
psql:/root/theo-db/benchmarks/m168_stream_ab.sql:65: WARNING:  theodb_decode_batch_stream: rows=10000 bytes=185756
psql:/root/theo-db/benchmarks/m168_stream_ab.sql:65: WARNING:  theodb_decode_batch_stream: rows=10000 bytes=251292
psql:/root/theo-db/benchmarks/m168_stream_ab.sql:65: WARNING:  theodb_decode_batch_stream: rows=10000 bytes=251292
psql:/root/theo-db/benchmarks/m168_stream_ab.sql:65: WARNING:  theodb_decode_batch_stream: rows=10000 bytes=136604
psql:/root/theo-db/benchmarks/m168_stream_ab.sql:65: WARNING:  theodb_decode_batch_stream: rows=10000 bytes=251292
psql:/root/theo-db/benchmarks/m168_stream_ab.sql:65: WARNING:  theodb_decode_batch_stream: rows=10000 bytes=152988
psql:/root/theo-db/benchmarks/m168_stream_ab.sql:65: WARNING:  theodb_decode_batch_stream: rows=10000 bytes=152988
psql:/root/theo-db/benchmarks/m168_stream_ab.sql:65: WARNING:  theodb_decode_batch_stream: rows=10000 bytes=382364
psql:/root/theo-db/benchmarks/m168_stream_ab.sql:65: WARNING:  theodb_decode_batch_stream: rows=10000 bytes=644508
psql:/root/theo-db/benchmarks/m168_stream_ab.sql:65: WARNING:  theodb_decode_batch_stream: rows=10000 bytes=644508
psql:/root/theo-db/benchmarks/m168_stream_ab.sql:65: WARNING:  theodb_decode_batch_stream: rows=10000 bytes=644508
psql:/root/theo-db/benchmarks/m168_stream_ab.sql:65: WARNING:  theodb_decode_batch_stream: rows=10000 bytes=382364
psql:/root/theo-db/benchmarks/m168_stream_ab.sql:65: WARNING:  theodb_decode_batch_stream: rows=10000 bytes=251292
psql:/root/theo-db/benchmarks/m168_stream_ab.sql:65: WARNING:  theodb_decode_batch_stream: rows=10000 bytes=185756
psql:/root/theo-db/benchmarks/m168_stream_ab.sql:65: WARNING:  theodb_decode_batch_stream: rows=10000 bytes=128412
psql:/root/theo-db/benchmarks/m168_stream_ab.sql:65: WARNING:  theodb_decode_batch_stream: rows=10000 bytes=185756
psql:/root/theo-db/benchmarks/m168_stream_ab.sql:65: WARNING:  theodb_decode_batch_stream: rows=10000 bytes=152988
psql:/root/theo-db/benchmarks/m168_stream_ab.sql:65: WARNING:  theodb_decode_batch_stream: rows=10000 bytes=185756
psql:/root/theo-db/benchmarks/m168_stream_ab.sql:65: WARNING:  theodb_decode_batch_stream: rows=10000 bytes=185756
psql:/root/theo-db/benchmarks/m168_stream_ab.sql:65: WARNING:  theodb_decode_batch_stream: rows=10000 bytes=251292
psql:/root/theo-db/benchmarks/m168_stream_ab.sql:65: WARNING:  theodb_decode_batch_stream: rows=10000 bytes=251292
psql:/root/theo-db/benchmarks/m168_stream_ab.sql:65: WARNING:  theodb_decode_batch_stream: rows=10000 bytes=152988
psql:/root/theo-db/benchmarks/m168_stream_ab.sql:65: WARNING:  theodb_decode_batch_stream: rows=10000 bytes=251292
psql:/root/theo-db/benchmarks/m168_stream_ab.sql:65: WARNING:  theodb_decode_batch_stream: rows=10000 bytes=185756
psql:/root/theo-db/benchmarks/m168_stream_ab.sql:65: WARNING:  theodb_decode_batch_stream: rows=10000 bytes=382364
psql:/root/theo-db/benchmarks/m168_stream_ab.sql:65: WARNING:  theodb_decode_batch_stream: rows=10000 bytes=251292
psql:/root/theo-db/benchmarks/m168_stream_ab.sql:65: WARNING:  theodb_decode_batch_stream: rows=10000 bytes=185756
psql:/root/theo-db/benchmarks/m168_stream_ab.sql:65: WARNING:  theodb_decode_batch_stream: rows=10000 bytes=251292
psql:/root/theo-db/benchmarks/m168_stream_ab.sql:65: WARNING:  theodb_decode_batch_stream: rows=10000 bytes=185756
psql:/root/theo-db/benchmarks/m168_stream_ab.sql:65: WARNING:  theodb_decode_batch_stream: rows=10000 bytes=251292
psql:/root/theo-db/benchmarks/m168_stream_ab.sql:65: WARNING:  theodb_decode_batch_stream: rows=10000 bytes=152988
psql:/root/theo-db/benchmarks/m168_stream_ab.sql:65: WARNING:  theodb_decode_batch_stream: rows=10000 bytes=152988
psql:/root/theo-db/benchmarks/m168_stream_ab.sql:65: WARNING:  theodb_decode_batch_stream: rows=10000 bytes=382364
psql:/root/theo-db/benchmarks/m168_stream_ab.sql:65: WARNING:  theodb_decode_batch_stream: rows=10000 bytes=185756
psql:/root/theo-db/benchmarks/m168_stream_ab.sql:65: WARNING:  theodb_decode_batch_stream: rows=10000 bytes=185756
psql:/root/theo-db/benchmarks/m168_stream_ab.sql:65: WARNING:  theodb_decode_batch_stream: rows=10000 bytes=185756
psql:/root/theo-db/benchmarks/m168_stream_ab.sql:65: WARNING:  theodb_decode_batch_stream: rows=10000 bytes=382364
psql:/root/theo-db/benchmarks/m168_stream_ab.sql:65: WARNING:  theodb_decode_batch_stream: rows=10000 bytes=251292
psql:/root/theo-db/benchmarks/m168_stream_ab.sql:65: WARNING:  theodb_decode_batch_stream: rows=10000 bytes=185756
psql:/root/theo-db/benchmarks/m168_stream_ab.sql:65: WARNING:  theodb_decode_batch_stream: rows=10000 bytes=185756
psql:/root/theo-db/benchmarks/m168_stream_ab.sql:65: WARNING:  theodb_decode_batch_stream: rows=10000 bytes=251292
psql:/root/theo-db/benchmarks/m168_stream_ab.sql:65: WARNING:  theodb_decode_batch_stream: rows=10000 bytes=185756
psql:/root/theo-db/benchmarks/m168_stream_ab.sql:65: WARNING:  theodb_decode_batch_stream: rows=10000 bytes=136604
psql:/root/theo-db/benchmarks/m168_stream_ab.sql:65: WARNING:  theodb_decode_batch_stream: rows=10000 bytes=251292
psql:/root/theo-db/benchmarks/m168_stream_ab.sql:65: WARNING:  theodb_decode_batch_stream: rows=10000 bytes=382364
psql:/root/theo-db/benchmarks/m168_stream_ab.sql:65: WARNING:  theodb_decode_batch_stream: rows=10000 bytes=152988
psql:/root/theo-db/benchmarks/m168_stream_ab.sql:65: WARNING:  theodb_decode_batch_stream: rows=10000 bytes=185756
psql:/root/theo-db/benchmarks/m168_stream_ab.sql:65: WARNING:  theodb_decode_batch_stream: rows=10000 bytes=251292
psql:/root/theo-db/benchmarks/m168_stream_ab.sql:65: WARNING:  theodb_decode_batch_stream: rows=10000 bytes=251292
psql:/root/theo-db/benchmarks/m168_stream_ab.sql:65: WARNING:  theodb_decode_batch_stream: rows=10000 bytes=185756
psql:/root/theo-db/benchmarks/m168_stream_ab.sql:65: WARNING:  theodb_decode_batch_stream: rows=10000 bytes=185756
psql:/root/theo-db/benchmarks/m168_stream_ab.sql:65: WARNING:  theodb_decode_batch_stream: rows=10000 bytes=251292
psql:/root/theo-db/benchmarks/m168_stream_ab.sql:65: WARNING:  theodb_decode_batch_stream: rows=10000 bytes=152988
psql:/root/theo-db/benchmarks/m168_stream_ab.sql:65: WARNING:  theodb_decode_batch_stream: rows=10000 bytes=152988
psql:/root/theo-db/benchmarks/m168_stream_ab.sql:65: WARNING:  theodb_decode_batch_stream: rows=10000 bytes=382364
psql:/root/theo-db/benchmarks/m168_stream_ab.sql:65: WARNING:  theodb_decode_batch_stream: rows=10000 bytes=251292
psql:/root/theo-db/benchmarks/m168_stream_ab.sql:65: WARNING:  theodb_decode_batch_stream: rows=10000 bytes=152988
psql:/root/theo-db/benchmarks/m168_stream_ab.sql:65: WARNING:  theodb_decode_batch_stream: rows=10000 bytes=185756
psql:/root/theo-db/benchmarks/m168_stream_ab.sql:65: WARNING:  theodb_decode_batch_stream: rows=10000 bytes=185756
psql:/root/theo-db/benchmarks/m168_stream_ab.sql:65: WARNING:  theodb_decode_batch_stream: rows=10000 bytes=251292
psql:/root/theo-db/benchmarks/m168_stream_ab.sql:65: WARNING:  theodb_decode_batch_stream: rows=10000 bytes=185756
psql:/root/theo-db/benchmarks/m168_stream_ab.sql:65: WARNING:  theodb_decode_batch_stream: rows=10000 bytes=251292
psql:/root/theo-db/benchmarks/m168_stream_ab.sql:65: WARNING:  theodb_decode_batch_stream: rows=10000 bytes=185756
psql:/root/theo-db/benchmarks/m168_stream_ab.sql:65: WARNING:  theodb_decode_batch_stream: rows=10000 bytes=251292
psql:/root/theo-db/benchmarks/m168_stream_ab.sql:65: WARNING:  theodb_decode_batch_stream: rows=10000 bytes=251292
psql:/root/theo-db/benchmarks/m168_stream_ab.sql:65: WARNING:  theodb_decode_batch_stream: rows=10000 bytes=185756
psql:/root/theo-db/benchmarks/m168_stream_ab.sql:65: WARNING:  theodb_topk_pool: peak_reserved=1372880 reserved_at_end=0 pool_limit=201326592
psql:/root/theo-db/benchmarks/m168_stream_ab.sql:65: NOTICE:  ARM=stream pair=4 q=q23
psql:/root/theo-db/benchmarks/m168_stream_ab.sql:65: WARNING:  theodb_admit_decline: topk_entered_sort
psql:/root/theo-db/benchmarks/m168_stream_ab.sql:65: WARNING:  theodb_admit_decline: swap_topk_admitted
psql:/root/theo-db/benchmarks/m168_stream_ab.sql:65: WARNING:  theodb_admit_decline: topk_entered_sort
psql:/root/theo-db/benchmarks/m168_stream_ab.sql:65: WARNING:  theodb_admit_decline: topk_parent_not_limit
psql:/root/theo-db/benchmarks/m168_stream_ab.sql:65: WARNING:  theodb_decode_batch_stream: rows=10000 bytes=8953072 probe=1
psql:/root/theo-db/benchmarks/m168_stream_ab.sql:65: WARNING:  theodb_decode_batch_stream: rows=10000 bytes=8331504
psql:/root/theo-db/benchmarks/m168_stream_ab.sql:65: WARNING:  theodb_decode_batch_stream: rows=10000 bytes=8606960
psql:/root/theo-db/benchmarks/m168_stream_ab.sql:65: WARNING:  theodb_decode_batch_stream: rows=10000 bytes=9520368
psql:/root/theo-db/benchmarks/m168_stream_ab.sql:65: WARNING:  theodb_decode_batch_stream: rows=10000 bytes=8605936
psql:/root/theo-db/benchmarks/m168_stream_ab.sql:65: WARNING:  theodb_decode_batch_stream: rows=10000 bytes=7796976
psql:/root/theo-db/benchmarks/m168_stream_ab.sql:65: WARNING:  theodb_decode_batch_stream: rows=10000 bytes=7798000
psql:/root/theo-db/benchmarks/m168_stream_ab.sql:65: WARNING:  theodb_decode_batch_stream: rows=10000 bytes=7540976
psql:/root/theo-db/benchmarks/m168_stream_ab.sql:65: WARNING:  theodb_decode_batch_stream: rows=10000 bytes=7803120
psql:/root/theo-db/benchmarks/m168_stream_ab.sql:65: WARNING:  theodb_decode_batch_stream: rows=10000 bytes=7595248
psql:/root/theo-db/benchmarks/m168_stream_ab.sql:65: WARNING:  theodb_decode_batch_stream: rows=10000 bytes=7365872
psql:/root/theo-db/benchmarks/m168_stream_ab.sql:65: WARNING:  theodb_decode_batch_stream: rows=10000 bytes=8596720
psql:/root/theo-db/benchmarks/m168_stream_ab.sql:65: WARNING:  theodb_decode_batch_stream: rows=10000 bytes=8703216
psql:/root/theo-db/benchmarks/m168_stream_ab.sql:65: WARNING:  theodb_decode_batch_stream: rows=10000 bytes=8504560
psql:/root/theo-db/benchmarks/m168_stream_ab.sql:65: WARNING:  theodb_decode_batch_stream: rows=10000 bytes=8534256
psql:/root/theo-db/benchmarks/m168_stream_ab.sql:65: WARNING:  theodb_decode_batch_stream: rows=10000 bytes=7548144
psql:/root/theo-db/benchmarks/m168_stream_ab.sql:65: WARNING:  theodb_decode_batch_stream: rows=10000 bytes=7292144
psql:/root/theo-db/benchmarks/m168_stream_ab.sql:65: WARNING:  theodb_decode_batch_stream: rows=10000 bytes=7386352
psql:/root/theo-db/benchmarks/m168_stream_ab.sql:65: WARNING:  theodb_decode_batch_stream: rows=10000 bytes=8725744
psql:/root/theo-db/benchmarks/m168_stream_ab.sql:65: WARNING:  theodb_decode_batch_stream: rows=10000 bytes=7266544
psql:/root/theo-db/benchmarks/m168_stream_ab.sql:65: WARNING:  theodb_decode_batch_stream: rows=10000 bytes=6332656
psql:/root/theo-db/benchmarks/m168_stream_ab.sql:65: WARNING:  theodb_decode_batch_stream: rows=10000 bytes=6346992
psql:/root/theo-db/benchmarks/m168_stream_ab.sql:65: WARNING:  theodb_decode_batch_stream: rows=10000 bytes=6428912
psql:/root/theo-db/benchmarks/m168_stream_ab.sql:65: WARNING:  theodb_decode_batch_stream: rows=10000 bytes=6150384
psql:/root/theo-db/benchmarks/m168_stream_ab.sql:65: WARNING:  theodb_decode_batch_stream: rows=10000 bytes=6151408
psql:/root/theo-db/benchmarks/m168_stream_ab.sql:65: WARNING:  theodb_decode_batch_stream: rows=10000 bytes=6724848
psql:/root/theo-db/benchmarks/m168_stream_ab.sql:65: WARNING:  theodb_decode_batch_stream: rows=10000 bytes=7812336
psql:/root/theo-db/benchmarks/m168_stream_ab.sql:65: WARNING:  theodb_decode_batch_stream: rows=10000 bytes=11492592
psql:/root/theo-db/benchmarks/m168_stream_ab.sql:65: WARNING:  theodb_decode_batch_stream: rows=10000 bytes=11503920
psql:/root/theo-db/benchmarks/m168_stream_ab.sql:65: WARNING:  theodb_decode_batch_stream: rows=10000 bytes=9479408
psql:/root/theo-db/benchmarks/m168_stream_ab.sql:65: WARNING:  theodb_decode_batch_stream: rows=10000 bytes=8464624
psql:/root/theo-db/benchmarks/m168_stream_ab.sql:65: WARNING:  theodb_decode_batch_stream: rows=10000 bytes=7480560
psql:/root/theo-db/benchmarks/m168_stream_ab.sql:65: WARNING:  theodb_decode_batch_stream: rows=10000 bytes=6268144
psql:/root/theo-db/benchmarks/m168_stream_ab.sql:65: WARNING:  theodb_decode_batch_stream: rows=10000 bytes=7451888
psql:/root/theo-db/benchmarks/m168_stream_ab.sql:65: WARNING:  theodb_decode_batch_stream: rows=10000 bytes=7256304
psql:/root/theo-db/benchmarks/m168_stream_ab.sql:65: WARNING:  theodb_decode_batch_stream: rows=10000 bytes=7546096
psql:/root/theo-db/benchmarks/m168_stream_ab.sql:65: WARNING:  theodb_decode_batch_stream: rows=10000 bytes=8398064
psql:/root/theo-db/benchmarks/m168_stream_ab.sql:65: WARNING:  theodb_decode_batch_stream: rows=10000 bytes=6126832
psql:/root/theo-db/benchmarks/m168_stream_ab.sql:65: WARNING:  theodb_decode_batch_stream: rows=10000 bytes=8534256
psql:/root/theo-db/benchmarks/m168_stream_ab.sql:65: WARNING:  theodb_decode_batch_stream: rows=10000 bytes=7583984
psql:/root/theo-db/benchmarks/m168_stream_ab.sql:65: WARNING:  theodb_decode_batch_stream: rows=10000 bytes=6822128
psql:/root/theo-db/benchmarks/m168_stream_ab.sql:65: WARNING:  theodb_decode_batch_stream: rows=10000 bytes=9510128
psql:/root/theo-db/benchmarks/m168_stream_ab.sql:65: WARNING:  theodb_decode_batch_stream: rows=10000 bytes=10853616
psql:/root/theo-db/benchmarks/m168_stream_ab.sql:65: WARNING:  theodb_decode_batch_stream: rows=10000 bytes=10853616
psql:/root/theo-db/benchmarks/m168_stream_ab.sql:65: WARNING:  theodb_decode_batch_stream: rows=10000 bytes=10820848
psql:/root/theo-db/benchmarks/m168_stream_ab.sql:65: WARNING:  theodb_decode_batch_stream: rows=10000 bytes=9515248
psql:/root/theo-db/benchmarks/m168_stream_ab.sql:65: WARNING:  theodb_decode_batch_stream: rows=10000 bytes=7553264
psql:/root/theo-db/benchmarks/m168_stream_ab.sql:65: WARNING:  theodb_decode_batch_stream: rows=10000 bytes=7315696
psql:/root/theo-db/benchmarks/m168_stream_ab.sql:65: WARNING:  theodb_decode_batch_stream: rows=10000 bytes=6469872
psql:/root/theo-db/benchmarks/m168_stream_ab.sql:65: WARNING:  theodb_decode_batch_stream: rows=10000 bytes=6789360
psql:/root/theo-db/benchmarks/m168_stream_ab.sql:65: WARNING:  theodb_decode_batch_stream: rows=10000 bytes=6169840
psql:/root/theo-db/benchmarks/m168_stream_ab.sql:65: WARNING:  theodb_decode_batch_stream: rows=10000 bytes=18754800
psql:/root/theo-db/benchmarks/m168_stream_ab.sql:65: WARNING:  theodb_decode_batch_stream: rows=10000 bytes=14563568
psql:/root/theo-db/benchmarks/m168_stream_ab.sql:65: WARNING:  theodb_decode_batch_stream: rows=10000 bytes=7447792
psql:/root/theo-db/benchmarks/m168_stream_ab.sql:65: WARNING:  theodb_decode_batch_stream: rows=10000 bytes=7939312
psql:/root/theo-db/benchmarks/m168_stream_ab.sql:65: WARNING:  theodb_decode_batch_stream: rows=10000 bytes=14135536
psql:/root/theo-db/benchmarks/m168_stream_ab.sql:65: WARNING:  theodb_decode_batch_stream: rows=10000 bytes=9512176
psql:/root/theo-db/benchmarks/m168_stream_ab.sql:65: WARNING:  theodb_decode_batch_stream: rows=10000 bytes=10526960
psql:/root/theo-db/benchmarks/m168_stream_ab.sql:65: WARNING:  theodb_decode_batch_stream: rows=10000 bytes=8865008
psql:/root/theo-db/benchmarks/m168_stream_ab.sql:65: WARNING:  theodb_decode_batch_stream: rows=10000 bytes=7552240
psql:/root/theo-db/benchmarks/m168_stream_ab.sql:65: WARNING:  theodb_decode_batch_stream: rows=10000 bytes=8505584
psql:/root/theo-db/benchmarks/m168_stream_ab.sql:65: WARNING:  theodb_decode_batch_stream: rows=10000 bytes=8483056
psql:/root/theo-db/benchmarks/m168_stream_ab.sql:65: WARNING:  theodb_decode_batch_stream: rows=10000 bytes=7257328
psql:/root/theo-db/benchmarks/m168_stream_ab.sql:65: WARNING:  theodb_decode_batch_stream: rows=10000 bytes=8463600
psql:/root/theo-db/benchmarks/m168_stream_ab.sql:65: WARNING:  theodb_decode_batch_stream: rows=10000 bytes=7257328
psql:/root/theo-db/benchmarks/m168_stream_ab.sql:65: WARNING:  theodb_decode_batch_stream: rows=10000 bytes=7316720
psql:/root/theo-db/benchmarks/m168_stream_ab.sql:65: WARNING:  theodb_decode_batch_stream: rows=10000 bytes=9510128
psql:/root/theo-db/benchmarks/m168_stream_ab.sql:65: WARNING:  theodb_decode_batch_stream: rows=10000 bytes=7281904
psql:/root/theo-db/benchmarks/m168_stream_ab.sql:65: WARNING:  theodb_decode_batch_stream: rows=10000 bytes=14163184
psql:/root/theo-db/benchmarks/m168_stream_ab.sql:65: WARNING:  theodb_decode_batch_stream: rows=10000 bytes=9446640
psql:/root/theo-db/benchmarks/m168_stream_ab.sql:65: WARNING:  theodb_decode_batch_stream: rows=10000 bytes=7681264
psql:/root/theo-db/benchmarks/m168_stream_ab.sql:65: WARNING:  theodb_decode_batch_stream: rows=10000 bytes=7421168
psql:/root/theo-db/benchmarks/m168_stream_ab.sql:65: WARNING:  theodb_decode_batch_stream: rows=10000 bytes=8550640
psql:/root/theo-db/benchmarks/m168_stream_ab.sql:65: WARNING:  theodb_decode_batch_stream: rows=10000 bytes=6971632
psql:/root/theo-db/benchmarks/m168_stream_ab.sql:65: WARNING:  theodb_decode_batch_stream: rows=10000 bytes=7816432
psql:/root/theo-db/benchmarks/m168_stream_ab.sql:65: WARNING:  theodb_decode_batch_stream: rows=10000 bytes=9381104
psql:/root/theo-db/benchmarks/m168_stream_ab.sql:65: WARNING:  theodb_decode_batch_stream: rows=10000 bytes=7185648
psql:/root/theo-db/benchmarks/m168_stream_ab.sql:65: WARNING:  theodb_decode_batch_stream: rows=10000 bytes=8367344
psql:/root/theo-db/benchmarks/m168_stream_ab.sql:65: WARNING:  theodb_decode_batch_stream: rows=10000 bytes=9510128
psql:/root/theo-db/benchmarks/m168_stream_ab.sql:65: WARNING:  theodb_decode_batch_stream: rows=10000 bytes=14556400
psql:/root/theo-db/benchmarks/m168_stream_ab.sql:65: WARNING:  theodb_decode_batch_stream: rows=10000 bytes=10497264
psql:/root/theo-db/benchmarks/m168_stream_ab.sql:65: WARNING:  theodb_decode_batch_stream: rows=10000 bytes=7414000
psql:/root/theo-db/benchmarks/m168_stream_ab.sql:65: WARNING:  theodb_decode_batch_stream: rows=10000 bytes=7557360
psql:/root/theo-db/benchmarks/m168_stream_ab.sql:65: WARNING:  theodb_decode_batch_stream: rows=10000 bytes=8589552
psql:/root/theo-db/benchmarks/m168_stream_ab.sql:65: WARNING:  theodb_decode_batch_stream: rows=10000 bytes=7594224
psql:/root/theo-db/benchmarks/m168_stream_ab.sql:65: WARNING:  theodb_decode_batch_stream: rows=10000 bytes=7321840
psql:/root/theo-db/benchmarks/m168_stream_ab.sql:65: WARNING:  theodb_decode_batch_stream: rows=10000 bytes=8268016
psql:/root/theo-db/benchmarks/m168_stream_ab.sql:65: WARNING:  theodb_decode_batch_stream: rows=10000 bytes=7233776
psql:/root/theo-db/benchmarks/m168_stream_ab.sql:65: WARNING:  theodb_decode_batch_stream: rows=10000 bytes=9526512
psql:/root/theo-db/benchmarks/m168_stream_ab.sql:65: WARNING:  theodb_decode_batch_stream: rows=10000 bytes=8331504
psql:/root/theo-db/benchmarks/m168_stream_ab.sql:65: WARNING:  theodb_decode_batch_stream: rows=10000 bytes=15144176
psql:/root/theo-db/benchmarks/m168_stream_ab.sql:65: WARNING:  theodb_decode_batch_stream: rows=10000 bytes=9318640
psql:/root/theo-db/benchmarks/m168_stream_ab.sql:65: WARNING:  theodb_decode_batch_stream: rows=10000 bytes=7492848
psql:/root/theo-db/benchmarks/m168_stream_ab.sql:65: WARNING:  theodb_decode_batch_stream: rows=10000 bytes=10439920
psql:/root/theo-db/benchmarks/m168_stream_ab.sql:65: WARNING:  theodb_decode_batch_stream: rows=10000 bytes=8547568
psql:/root/theo-db/benchmarks/m168_stream_ab.sql:65: WARNING:  theodb_decode_batch_stream: rows=10000 bytes=10438896
psql:/root/theo-db/benchmarks/m168_stream_ab.sql:65: WARNING:  theodb_decode_batch_stream: rows=10000 bytes=8543472
psql:/root/theo-db/benchmarks/m168_stream_ab.sql:65: WARNING:  theodb_decode_batch_stream: rows=10000 bytes=9392368
psql:/root/theo-db/benchmarks/m168_stream_ab.sql:65: WARNING:  theodb_decode_batch_stream: rows=10000 bytes=8859888
psql:/root/theo-db/benchmarks/m168_stream_ab.sql:65: WARNING:  theodb_decode_batch_stream: rows=10000 bytes=7756016
psql:/root/theo-db/benchmarks/m168_stream_ab.sql:65: WARNING:  theodb_topk_pool: peak_reserved=2411803 reserved_at_end=0 pool_limit=201326592
psql:/root/theo-db/benchmarks/m168_stream_ab.sql:65: NOTICE:  ARM=eager pair=4 q=q23
psql:/root/theo-db/benchmarks/m168_stream_ab.sql:65: WARNING:  theodb_admit_decline: topk_entered_sort
psql:/root/theo-db/benchmarks/m168_stream_ab.sql:65: WARNING:  theodb_admit_decline: swap_topk_admitted
psql:/root/theo-db/benchmarks/m168_stream_ab.sql:65: WARNING:  theodb_admit_decline: topk_entered_sort
psql:/root/theo-db/benchmarks/m168_stream_ab.sql:65: WARNING:  theodb_admit_decline: topk_parent_not_limit
psql:/root/theo-db/benchmarks/m168_stream_ab.sql:65: WARNING:  theodb_decode_batch: rows=1000000 bytes=809738352 work_mem_bytes=67108864
psql:/root/theo-db/benchmarks/m168_stream_ab.sql:65: NOTICE:  ARM=stream pair=4 q=q24
psql:/root/theo-db/benchmarks/m168_stream_ab.sql:65: WARNING:  theodb_admit_decline: topk_entered_sort
psql:/root/theo-db/benchmarks/m168_stream_ab.sql:65: WARNING:  theodb_admit_decline: swap_topk_admitted
psql:/root/theo-db/benchmarks/m168_stream_ab.sql:65: WARNING:  theodb_admit_decline: topk_entered_sort
psql:/root/theo-db/benchmarks/m168_stream_ab.sql:65: WARNING:  theodb_admit_decline: topk_parent_not_limit
psql:/root/theo-db/benchmarks/m168_stream_ab.sql:65: WARNING:  theodb_decode_batch_stream: rows=10000 bytes=185756 probe=1
psql:/root/theo-db/benchmarks/m168_stream_ab.sql:65: WARNING:  theodb_decode_batch_stream: rows=10000 bytes=251292
psql:/root/theo-db/benchmarks/m168_stream_ab.sql:65: WARNING:  theodb_decode_batch_stream: rows=10000 bytes=382364
psql:/root/theo-db/benchmarks/m168_stream_ab.sql:65: WARNING:  theodb_decode_batch_stream: rows=10000 bytes=251292
psql:/root/theo-db/benchmarks/m168_stream_ab.sql:65: WARNING:  theodb_decode_batch_stream: rows=10000 bytes=251292
psql:/root/theo-db/benchmarks/m168_stream_ab.sql:65: WARNING:  theodb_decode_batch_stream: rows=10000 bytes=185756
psql:/root/theo-db/benchmarks/m168_stream_ab.sql:65: WARNING:  theodb_decode_batch_stream: rows=10000 bytes=185756
psql:/root/theo-db/benchmarks/m168_stream_ab.sql:65: WARNING:  theodb_decode_batch_stream: rows=10000 bytes=185756
psql:/root/theo-db/benchmarks/m168_stream_ab.sql:65: WARNING:  theodb_decode_batch_stream: rows=10000 bytes=185756
psql:/root/theo-db/benchmarks/m168_stream_ab.sql:65: WARNING:  theodb_decode_batch_stream: rows=10000 bytes=251292
psql:/root/theo-db/benchmarks/m168_stream_ab.sql:65: WARNING:  theodb_decode_batch_stream: rows=10000 bytes=185756
psql:/root/theo-db/benchmarks/m168_stream_ab.sql:65: WARNING:  theodb_decode_batch_stream: rows=10000 bytes=251292
psql:/root/theo-db/benchmarks/m168_stream_ab.sql:65: WARNING:  theodb_decode_batch_stream: rows=10000 bytes=152988
psql:/root/theo-db/benchmarks/m168_stream_ab.sql:65: WARNING:  theodb_decode_batch_stream: rows=10000 bytes=136604
psql:/root/theo-db/benchmarks/m168_stream_ab.sql:65: WARNING:  theodb_decode_batch_stream: rows=10000 bytes=185756
psql:/root/theo-db/benchmarks/m168_stream_ab.sql:65: WARNING:  theodb_decode_batch_stream: rows=10000 bytes=251292
psql:/root/theo-db/benchmarks/m168_stream_ab.sql:65: WARNING:  theodb_decode_batch_stream: rows=10000 bytes=152988
psql:/root/theo-db/benchmarks/m168_stream_ab.sql:65: WARNING:  theodb_decode_batch_stream: rows=10000 bytes=185756
psql:/root/theo-db/benchmarks/m168_stream_ab.sql:65: WARNING:  theodb_decode_batch_stream: rows=10000 bytes=251292
psql:/root/theo-db/benchmarks/m168_stream_ab.sql:65: WARNING:  theodb_decode_batch_stream: rows=10000 bytes=185756
psql:/root/theo-db/benchmarks/m168_stream_ab.sql:65: WARNING:  theodb_decode_batch_stream: rows=10000 bytes=185756
psql:/root/theo-db/benchmarks/m168_stream_ab.sql:65: WARNING:  theodb_decode_batch_stream: rows=10000 bytes=185756
psql:/root/theo-db/benchmarks/m168_stream_ab.sql:65: WARNING:  theodb_decode_batch_stream: rows=10000 bytes=152988
psql:/root/theo-db/benchmarks/m168_stream_ab.sql:65: WARNING:  theodb_decode_batch_stream: rows=10000 bytes=136604
psql:/root/theo-db/benchmarks/m168_stream_ab.sql:65: WARNING:  theodb_decode_batch_stream: rows=10000 bytes=136604
psql:/root/theo-db/benchmarks/m168_stream_ab.sql:65: WARNING:  theodb_decode_batch_stream: rows=10000 bytes=185756
psql:/root/theo-db/benchmarks/m168_stream_ab.sql:65: WARNING:  theodb_decode_batch_stream: rows=10000 bytes=382364
psql:/root/theo-db/benchmarks/m168_stream_ab.sql:65: WARNING:  theodb_decode_batch_stream: rows=10000 bytes=136604
psql:/root/theo-db/benchmarks/m168_stream_ab.sql:65: WARNING:  theodb_decode_batch_stream: rows=10000 bytes=136604
psql:/root/theo-db/benchmarks/m168_stream_ab.sql:65: WARNING:  theodb_decode_batch_stream: rows=10000 bytes=152988
psql:/root/theo-db/benchmarks/m168_stream_ab.sql:65: WARNING:  theodb_decode_batch_stream: rows=10000 bytes=185756
psql:/root/theo-db/benchmarks/m168_stream_ab.sql:65: WARNING:  theodb_decode_batch_stream: rows=10000 bytes=185756
psql:/root/theo-db/benchmarks/m168_stream_ab.sql:65: WARNING:  theodb_decode_batch_stream: rows=10000 bytes=152988
psql:/root/theo-db/benchmarks/m168_stream_ab.sql:65: WARNING:  theodb_decode_batch_stream: rows=10000 bytes=185756
psql:/root/theo-db/benchmarks/m168_stream_ab.sql:65: WARNING:  theodb_decode_batch_stream: rows=10000 bytes=185756
psql:/root/theo-db/benchmarks/m168_stream_ab.sql:65: WARNING:  theodb_decode_batch_stream: rows=10000 bytes=251292
psql:/root/theo-db/benchmarks/m168_stream_ab.sql:65: WARNING:  theodb_decode_batch_stream: rows=10000 bytes=251292
psql:/root/theo-db/benchmarks/m168_stream_ab.sql:65: WARNING:  theodb_decode_batch_stream: rows=10000 bytes=136604
psql:/root/theo-db/benchmarks/m168_stream_ab.sql:65: WARNING:  theodb_decode_batch_stream: rows=10000 bytes=251292
psql:/root/theo-db/benchmarks/m168_stream_ab.sql:65: WARNING:  theodb_decode_batch_stream: rows=10000 bytes=152988
psql:/root/theo-db/benchmarks/m168_stream_ab.sql:65: WARNING:  theodb_decode_batch_stream: rows=10000 bytes=152988
psql:/root/theo-db/benchmarks/m168_stream_ab.sql:65: WARNING:  theodb_decode_batch_stream: rows=10000 bytes=382364
psql:/root/theo-db/benchmarks/m168_stream_ab.sql:65: WARNING:  theodb_decode_batch_stream: rows=10000 bytes=644508
psql:/root/theo-db/benchmarks/m168_stream_ab.sql:65: WARNING:  theodb_decode_batch_stream: rows=10000 bytes=644508
psql:/root/theo-db/benchmarks/m168_stream_ab.sql:65: WARNING:  theodb_decode_batch_stream: rows=10000 bytes=644508
psql:/root/theo-db/benchmarks/m168_stream_ab.sql:65: WARNING:  theodb_decode_batch_stream: rows=10000 bytes=382364
psql:/root/theo-db/benchmarks/m168_stream_ab.sql:65: WARNING:  theodb_decode_batch_stream: rows=10000 bytes=251292
psql:/root/theo-db/benchmarks/m168_stream_ab.sql:65: WARNING:  theodb_decode_batch_stream: rows=10000 bytes=185756
psql:/root/theo-db/benchmarks/m168_stream_ab.sql:65: WARNING:  theodb_decode_batch_stream: rows=10000 bytes=128412
psql:/root/theo-db/benchmarks/m168_stream_ab.sql:65: WARNING:  theodb_decode_batch_stream: rows=10000 bytes=185756
psql:/root/theo-db/benchmarks/m168_stream_ab.sql:65: WARNING:  theodb_decode_batch_stream: rows=10000 bytes=152988
psql:/root/theo-db/benchmarks/m168_stream_ab.sql:65: WARNING:  theodb_decode_batch_stream: rows=10000 bytes=185756
psql:/root/theo-db/benchmarks/m168_stream_ab.sql:65: WARNING:  theodb_decode_batch_stream: rows=10000 bytes=185756
psql:/root/theo-db/benchmarks/m168_stream_ab.sql:65: WARNING:  theodb_decode_batch_stream: rows=10000 bytes=251292
psql:/root/theo-db/benchmarks/m168_stream_ab.sql:65: WARNING:  theodb_decode_batch_stream: rows=10000 bytes=251292
psql:/root/theo-db/benchmarks/m168_stream_ab.sql:65: WARNING:  theodb_decode_batch_stream: rows=10000 bytes=152988
psql:/root/theo-db/benchmarks/m168_stream_ab.sql:65: WARNING:  theodb_decode_batch_stream: rows=10000 bytes=251292
psql:/root/theo-db/benchmarks/m168_stream_ab.sql:65: WARNING:  theodb_decode_batch_stream: rows=10000 bytes=185756
psql:/root/theo-db/benchmarks/m168_stream_ab.sql:65: WARNING:  theodb_decode_batch_stream: rows=10000 bytes=382364
psql:/root/theo-db/benchmarks/m168_stream_ab.sql:65: WARNING:  theodb_decode_batch_stream: rows=10000 bytes=251292
psql:/root/theo-db/benchmarks/m168_stream_ab.sql:65: WARNING:  theodb_decode_batch_stream: rows=10000 bytes=185756
psql:/root/theo-db/benchmarks/m168_stream_ab.sql:65: WARNING:  theodb_decode_batch_stream: rows=10000 bytes=251292
psql:/root/theo-db/benchmarks/m168_stream_ab.sql:65: WARNING:  theodb_decode_batch_stream: rows=10000 bytes=185756
psql:/root/theo-db/benchmarks/m168_stream_ab.sql:65: WARNING:  theodb_decode_batch_stream: rows=10000 bytes=251292
psql:/root/theo-db/benchmarks/m168_stream_ab.sql:65: WARNING:  theodb_decode_batch_stream: rows=10000 bytes=152988
psql:/root/theo-db/benchmarks/m168_stream_ab.sql:65: WARNING:  theodb_decode_batch_stream: rows=10000 bytes=152988
psql:/root/theo-db/benchmarks/m168_stream_ab.sql:65: WARNING:  theodb_decode_batch_stream: rows=10000 bytes=382364
psql:/root/theo-db/benchmarks/m168_stream_ab.sql:65: WARNING:  theodb_decode_batch_stream: rows=10000 bytes=185756
psql:/root/theo-db/benchmarks/m168_stream_ab.sql:65: WARNING:  theodb_decode_batch_stream: rows=10000 bytes=185756
psql:/root/theo-db/benchmarks/m168_stream_ab.sql:65: WARNING:  theodb_decode_batch_stream: rows=10000 bytes=185756
psql:/root/theo-db/benchmarks/m168_stream_ab.sql:65: WARNING:  theodb_decode_batch_stream: rows=10000 bytes=382364
psql:/root/theo-db/benchmarks/m168_stream_ab.sql:65: WARNING:  theodb_decode_batch_stream: rows=10000 bytes=251292
psql:/root/theo-db/benchmarks/m168_stream_ab.sql:65: WARNING:  theodb_decode_batch_stream: rows=10000 bytes=185756
psql:/root/theo-db/benchmarks/m168_stream_ab.sql:65: WARNING:  theodb_decode_batch_stream: rows=10000 bytes=185756
psql:/root/theo-db/benchmarks/m168_stream_ab.sql:65: WARNING:  theodb_decode_batch_stream: rows=10000 bytes=251292
psql:/root/theo-db/benchmarks/m168_stream_ab.sql:65: WARNING:  theodb_decode_batch_stream: rows=10000 bytes=185756
psql:/root/theo-db/benchmarks/m168_stream_ab.sql:65: WARNING:  theodb_decode_batch_stream: rows=10000 bytes=136604
psql:/root/theo-db/benchmarks/m168_stream_ab.sql:65: WARNING:  theodb_decode_batch_stream: rows=10000 bytes=251292
psql:/root/theo-db/benchmarks/m168_stream_ab.sql:65: WARNING:  theodb_decode_batch_stream: rows=10000 bytes=382364
psql:/root/theo-db/benchmarks/m168_stream_ab.sql:65: WARNING:  theodb_decode_batch_stream: rows=10000 bytes=152988
psql:/root/theo-db/benchmarks/m168_stream_ab.sql:65: WARNING:  theodb_decode_batch_stream: rows=10000 bytes=185756
psql:/root/theo-db/benchmarks/m168_stream_ab.sql:65: WARNING:  theodb_decode_batch_stream: rows=10000 bytes=251292
psql:/root/theo-db/benchmarks/m168_stream_ab.sql:65: WARNING:  theodb_decode_batch_stream: rows=10000 bytes=251292
psql:/root/theo-db/benchmarks/m168_stream_ab.sql:65: WARNING:  theodb_decode_batch_stream: rows=10000 bytes=185756
psql:/root/theo-db/benchmarks/m168_stream_ab.sql:65: WARNING:  theodb_decode_batch_stream: rows=10000 bytes=185756
psql:/root/theo-db/benchmarks/m168_stream_ab.sql:65: WARNING:  theodb_decode_batch_stream: rows=10000 bytes=251292
psql:/root/theo-db/benchmarks/m168_stream_ab.sql:65: WARNING:  theodb_decode_batch_stream: rows=10000 bytes=152988
psql:/root/theo-db/benchmarks/m168_stream_ab.sql:65: WARNING:  theodb_decode_batch_stream: rows=10000 bytes=152988
psql:/root/theo-db/benchmarks/m168_stream_ab.sql:65: WARNING:  theodb_decode_batch_stream: rows=10000 bytes=382364
psql:/root/theo-db/benchmarks/m168_stream_ab.sql:65: WARNING:  theodb_decode_batch_stream: rows=10000 bytes=251292
psql:/root/theo-db/benchmarks/m168_stream_ab.sql:65: WARNING:  theodb_decode_batch_stream: rows=10000 bytes=152988
psql:/root/theo-db/benchmarks/m168_stream_ab.sql:65: WARNING:  theodb_decode_batch_stream: rows=10000 bytes=185756
psql:/root/theo-db/benchmarks/m168_stream_ab.sql:65: WARNING:  theodb_decode_batch_stream: rows=10000 bytes=185756
psql:/root/theo-db/benchmarks/m168_stream_ab.sql:65: WARNING:  theodb_decode_batch_stream: rows=10000 bytes=251292
psql:/root/theo-db/benchmarks/m168_stream_ab.sql:65: WARNING:  theodb_decode_batch_stream: rows=10000 bytes=185756
psql:/root/theo-db/benchmarks/m168_stream_ab.sql:65: WARNING:  theodb_decode_batch_stream: rows=10000 bytes=251292
psql:/root/theo-db/benchmarks/m168_stream_ab.sql:65: WARNING:  theodb_decode_batch_stream: rows=10000 bytes=185756
psql:/root/theo-db/benchmarks/m168_stream_ab.sql:65: WARNING:  theodb_decode_batch_stream: rows=10000 bytes=251292
psql:/root/theo-db/benchmarks/m168_stream_ab.sql:65: WARNING:  theodb_decode_batch_stream: rows=10000 bytes=251292
psql:/root/theo-db/benchmarks/m168_stream_ab.sql:65: WARNING:  theodb_decode_batch_stream: rows=10000 bytes=185756
psql:/root/theo-db/benchmarks/m168_stream_ab.sql:65: WARNING:  theodb_topk_pool: peak_reserved=825920 reserved_at_end=0 pool_limit=201326592
psql:/root/theo-db/benchmarks/m168_stream_ab.sql:65: NOTICE:  ARM=eager pair=4 q=q24
psql:/root/theo-db/benchmarks/m168_stream_ab.sql:65: WARNING:  theodb_admit_decline: topk_entered_sort
psql:/root/theo-db/benchmarks/m168_stream_ab.sql:65: WARNING:  theodb_admit_decline: swap_topk_admitted
psql:/root/theo-db/benchmarks/m168_stream_ab.sql:65: WARNING:  theodb_admit_decline: topk_entered_sort
psql:/root/theo-db/benchmarks/m168_stream_ab.sql:65: WARNING:  theodb_admit_decline: topk_parent_not_limit
psql:/root/theo-db/benchmarks/m168_stream_ab.sql:65: WARNING:  theodb_decode_batch: rows=1000000 bytes=20388828 work_mem_bytes=67108864
psql:/root/theo-db/benchmarks/m168_stream_ab.sql:65: NOTICE:  ARM=stream pair=4 q=q25
psql:/root/theo-db/benchmarks/m168_stream_ab.sql:65: WARNING:  theodb_admit_decline: topk_entered_sort
psql:/root/theo-db/benchmarks/m168_stream_ab.sql:65: WARNING:  theodb_admit_decline: swap_topk_admitted
psql:/root/theo-db/benchmarks/m168_stream_ab.sql:65: WARNING:  theodb_admit_decline: topk_entered_sort
psql:/root/theo-db/benchmarks/m168_stream_ab.sql:65: WARNING:  theodb_admit_decline: topk_parent_not_limit
psql:/root/theo-db/benchmarks/m168_stream_ab.sql:65: WARNING:  theodb_decode_batch_stream: rows=10000 bytes=105660 probe=1
psql:/root/theo-db/benchmarks/m168_stream_ab.sql:65: WARNING:  theodb_decode_batch_stream: rows=10000 bytes=171196
psql:/root/theo-db/benchmarks/m168_stream_ab.sql:65: WARNING:  theodb_decode_batch_stream: rows=10000 bytes=302268
psql:/root/theo-db/benchmarks/m168_stream_ab.sql:65: WARNING:  theodb_decode_batch_stream: rows=10000 bytes=171196
psql:/root/theo-db/benchmarks/m168_stream_ab.sql:65: WARNING:  theodb_decode_batch_stream: rows=10000 bytes=171196
psql:/root/theo-db/benchmarks/m168_stream_ab.sql:65: WARNING:  theodb_decode_batch_stream: rows=10000 bytes=105660
psql:/root/theo-db/benchmarks/m168_stream_ab.sql:65: WARNING:  theodb_decode_batch_stream: rows=10000 bytes=105660
psql:/root/theo-db/benchmarks/m168_stream_ab.sql:65: WARNING:  theodb_decode_batch_stream: rows=10000 bytes=105660
psql:/root/theo-db/benchmarks/m168_stream_ab.sql:65: WARNING:  theodb_decode_batch_stream: rows=10000 bytes=105660
psql:/root/theo-db/benchmarks/m168_stream_ab.sql:65: WARNING:  theodb_decode_batch_stream: rows=10000 bytes=171196
psql:/root/theo-db/benchmarks/m168_stream_ab.sql:65: WARNING:  theodb_decode_batch_stream: rows=10000 bytes=105660
psql:/root/theo-db/benchmarks/m168_stream_ab.sql:65: WARNING:  theodb_decode_batch_stream: rows=10000 bytes=171196
psql:/root/theo-db/benchmarks/m168_stream_ab.sql:65: WARNING:  theodb_decode_batch_stream: rows=10000 bytes=72892
psql:/root/theo-db/benchmarks/m168_stream_ab.sql:65: WARNING:  theodb_decode_batch_stream: rows=10000 bytes=56508
psql:/root/theo-db/benchmarks/m168_stream_ab.sql:65: WARNING:  theodb_decode_batch_stream: rows=10000 bytes=105660
psql:/root/theo-db/benchmarks/m168_stream_ab.sql:65: WARNING:  theodb_decode_batch_stream: rows=10000 bytes=171196
psql:/root/theo-db/benchmarks/m168_stream_ab.sql:65: WARNING:  theodb_decode_batch_stream: rows=10000 bytes=72892
psql:/root/theo-db/benchmarks/m168_stream_ab.sql:65: WARNING:  theodb_decode_batch_stream: rows=10000 bytes=105660
psql:/root/theo-db/benchmarks/m168_stream_ab.sql:65: WARNING:  theodb_decode_batch_stream: rows=10000 bytes=171196
psql:/root/theo-db/benchmarks/m168_stream_ab.sql:65: WARNING:  theodb_decode_batch_stream: rows=10000 bytes=105660
psql:/root/theo-db/benchmarks/m168_stream_ab.sql:65: WARNING:  theodb_decode_batch_stream: rows=10000 bytes=105660
psql:/root/theo-db/benchmarks/m168_stream_ab.sql:65: WARNING:  theodb_decode_batch_stream: rows=10000 bytes=105660
psql:/root/theo-db/benchmarks/m168_stream_ab.sql:65: WARNING:  theodb_decode_batch_stream: rows=10000 bytes=72892
psql:/root/theo-db/benchmarks/m168_stream_ab.sql:65: WARNING:  theodb_decode_batch_stream: rows=10000 bytes=56508
psql:/root/theo-db/benchmarks/m168_stream_ab.sql:65: WARNING:  theodb_decode_batch_stream: rows=10000 bytes=56508
psql:/root/theo-db/benchmarks/m168_stream_ab.sql:65: WARNING:  theodb_decode_batch_stream: rows=10000 bytes=105660
psql:/root/theo-db/benchmarks/m168_stream_ab.sql:65: WARNING:  theodb_decode_batch_stream: rows=10000 bytes=302268
psql:/root/theo-db/benchmarks/m168_stream_ab.sql:65: WARNING:  theodb_decode_batch_stream: rows=10000 bytes=56508
psql:/root/theo-db/benchmarks/m168_stream_ab.sql:65: WARNING:  theodb_decode_batch_stream: rows=10000 bytes=56508
psql:/root/theo-db/benchmarks/m168_stream_ab.sql:65: WARNING:  theodb_decode_batch_stream: rows=10000 bytes=72892
psql:/root/theo-db/benchmarks/m168_stream_ab.sql:65: WARNING:  theodb_decode_batch_stream: rows=10000 bytes=105660
psql:/root/theo-db/benchmarks/m168_stream_ab.sql:65: WARNING:  theodb_decode_batch_stream: rows=10000 bytes=105660
psql:/root/theo-db/benchmarks/m168_stream_ab.sql:65: WARNING:  theodb_decode_batch_stream: rows=10000 bytes=72892
psql:/root/theo-db/benchmarks/m168_stream_ab.sql:65: WARNING:  theodb_decode_batch_stream: rows=10000 bytes=105660
psql:/root/theo-db/benchmarks/m168_stream_ab.sql:65: WARNING:  theodb_decode_batch_stream: rows=10000 bytes=105660
psql:/root/theo-db/benchmarks/m168_stream_ab.sql:65: WARNING:  theodb_decode_batch_stream: rows=10000 bytes=171196
psql:/root/theo-db/benchmarks/m168_stream_ab.sql:65: WARNING:  theodb_decode_batch_stream: rows=10000 bytes=171196
psql:/root/theo-db/benchmarks/m168_stream_ab.sql:65: WARNING:  theodb_decode_batch_stream: rows=10000 bytes=56508
psql:/root/theo-db/benchmarks/m168_stream_ab.sql:65: WARNING:  theodb_decode_batch_stream: rows=10000 bytes=171196
psql:/root/theo-db/benchmarks/m168_stream_ab.sql:65: WARNING:  theodb_decode_batch_stream: rows=10000 bytes=72892
psql:/root/theo-db/benchmarks/m168_stream_ab.sql:65: WARNING:  theodb_decode_batch_stream: rows=10000 bytes=72892
psql:/root/theo-db/benchmarks/m168_stream_ab.sql:65: WARNING:  theodb_decode_batch_stream: rows=10000 bytes=302268
psql:/root/theo-db/benchmarks/m168_stream_ab.sql:65: WARNING:  theodb_decode_batch_stream: rows=10000 bytes=564412
psql:/root/theo-db/benchmarks/m168_stream_ab.sql:65: WARNING:  theodb_decode_batch_stream: rows=10000 bytes=564412
psql:/root/theo-db/benchmarks/m168_stream_ab.sql:65: WARNING:  theodb_decode_batch_stream: rows=10000 bytes=564412
psql:/root/theo-db/benchmarks/m168_stream_ab.sql:65: WARNING:  theodb_decode_batch_stream: rows=10000 bytes=302268
psql:/root/theo-db/benchmarks/m168_stream_ab.sql:65: WARNING:  theodb_decode_batch_stream: rows=10000 bytes=171196
psql:/root/theo-db/benchmarks/m168_stream_ab.sql:65: WARNING:  theodb_decode_batch_stream: rows=10000 bytes=105660
psql:/root/theo-db/benchmarks/m168_stream_ab.sql:65: WARNING:  theodb_decode_batch_stream: rows=10000 bytes=48316
psql:/root/theo-db/benchmarks/m168_stream_ab.sql:65: WARNING:  theodb_decode_batch_stream: rows=10000 bytes=105660
psql:/root/theo-db/benchmarks/m168_stream_ab.sql:65: WARNING:  theodb_decode_batch_stream: rows=10000 bytes=72892
psql:/root/theo-db/benchmarks/m168_stream_ab.sql:65: WARNING:  theodb_decode_batch_stream: rows=10000 bytes=105660
psql:/root/theo-db/benchmarks/m168_stream_ab.sql:65: WARNING:  theodb_decode_batch_stream: rows=10000 bytes=105660
psql:/root/theo-db/benchmarks/m168_stream_ab.sql:65: WARNING:  theodb_decode_batch_stream: rows=10000 bytes=171196
psql:/root/theo-db/benchmarks/m168_stream_ab.sql:65: WARNING:  theodb_decode_batch_stream: rows=10000 bytes=171196
psql:/root/theo-db/benchmarks/m168_stream_ab.sql:65: WARNING:  theodb_decode_batch_stream: rows=10000 bytes=72892
psql:/root/theo-db/benchmarks/m168_stream_ab.sql:65: WARNING:  theodb_decode_batch_stream: rows=10000 bytes=171196
psql:/root/theo-db/benchmarks/m168_stream_ab.sql:65: WARNING:  theodb_decode_batch_stream: rows=10000 bytes=105660
psql:/root/theo-db/benchmarks/m168_stream_ab.sql:65: WARNING:  theodb_decode_batch_stream: rows=10000 bytes=302268
psql:/root/theo-db/benchmarks/m168_stream_ab.sql:65: WARNING:  theodb_decode_batch_stream: rows=10000 bytes=171196
psql:/root/theo-db/benchmarks/m168_stream_ab.sql:65: WARNING:  theodb_decode_batch_stream: rows=10000 bytes=105660
psql:/root/theo-db/benchmarks/m168_stream_ab.sql:65: WARNING:  theodb_decode_batch_stream: rows=10000 bytes=171196
psql:/root/theo-db/benchmarks/m168_stream_ab.sql:65: WARNING:  theodb_decode_batch_stream: rows=10000 bytes=105660
psql:/root/theo-db/benchmarks/m168_stream_ab.sql:65: WARNING:  theodb_decode_batch_stream: rows=10000 bytes=171196
psql:/root/theo-db/benchmarks/m168_stream_ab.sql:65: WARNING:  theodb_decode_batch_stream: rows=10000 bytes=72892
psql:/root/theo-db/benchmarks/m168_stream_ab.sql:65: WARNING:  theodb_decode_batch_stream: rows=10000 bytes=72892
psql:/root/theo-db/benchmarks/m168_stream_ab.sql:65: WARNING:  theodb_decode_batch_stream: rows=10000 bytes=302268
psql:/root/theo-db/benchmarks/m168_stream_ab.sql:65: WARNING:  theodb_decode_batch_stream: rows=10000 bytes=105660
psql:/root/theo-db/benchmarks/m168_stream_ab.sql:65: WARNING:  theodb_decode_batch_stream: rows=10000 bytes=105660
psql:/root/theo-db/benchmarks/m168_stream_ab.sql:65: WARNING:  theodb_decode_batch_stream: rows=10000 bytes=105660
psql:/root/theo-db/benchmarks/m168_stream_ab.sql:65: WARNING:  theodb_decode_batch_stream: rows=10000 bytes=302268
psql:/root/theo-db/benchmarks/m168_stream_ab.sql:65: WARNING:  theodb_decode_batch_stream: rows=10000 bytes=171196
psql:/root/theo-db/benchmarks/m168_stream_ab.sql:65: WARNING:  theodb_decode_batch_stream: rows=10000 bytes=105660
psql:/root/theo-db/benchmarks/m168_stream_ab.sql:65: WARNING:  theodb_decode_batch_stream: rows=10000 bytes=105660
psql:/root/theo-db/benchmarks/m168_stream_ab.sql:65: WARNING:  theodb_decode_batch_stream: rows=10000 bytes=171196
psql:/root/theo-db/benchmarks/m168_stream_ab.sql:65: WARNING:  theodb_decode_batch_stream: rows=10000 bytes=105660
psql:/root/theo-db/benchmarks/m168_stream_ab.sql:65: WARNING:  theodb_decode_batch_stream: rows=10000 bytes=56508
psql:/root/theo-db/benchmarks/m168_stream_ab.sql:65: WARNING:  theodb_decode_batch_stream: rows=10000 bytes=171196
psql:/root/theo-db/benchmarks/m168_stream_ab.sql:65: WARNING:  theodb_decode_batch_stream: rows=10000 bytes=302268
psql:/root/theo-db/benchmarks/m168_stream_ab.sql:65: WARNING:  theodb_decode_batch_stream: rows=10000 bytes=72892
psql:/root/theo-db/benchmarks/m168_stream_ab.sql:65: WARNING:  theodb_decode_batch_stream: rows=10000 bytes=105660
psql:/root/theo-db/benchmarks/m168_stream_ab.sql:65: WARNING:  theodb_decode_batch_stream: rows=10000 bytes=171196
psql:/root/theo-db/benchmarks/m168_stream_ab.sql:65: WARNING:  theodb_decode_batch_stream: rows=10000 bytes=171196
psql:/root/theo-db/benchmarks/m168_stream_ab.sql:65: WARNING:  theodb_decode_batch_stream: rows=10000 bytes=105660
psql:/root/theo-db/benchmarks/m168_stream_ab.sql:65: WARNING:  theodb_decode_batch_stream: rows=10000 bytes=105660
psql:/root/theo-db/benchmarks/m168_stream_ab.sql:65: WARNING:  theodb_decode_batch_stream: rows=10000 bytes=171196
psql:/root/theo-db/benchmarks/m168_stream_ab.sql:65: WARNING:  theodb_decode_batch_stream: rows=10000 bytes=72892
psql:/root/theo-db/benchmarks/m168_stream_ab.sql:65: WARNING:  theodb_decode_batch_stream: rows=10000 bytes=72892
psql:/root/theo-db/benchmarks/m168_stream_ab.sql:65: WARNING:  theodb_decode_batch_stream: rows=10000 bytes=302268
psql:/root/theo-db/benchmarks/m168_stream_ab.sql:65: WARNING:  theodb_decode_batch_stream: rows=10000 bytes=171196
psql:/root/theo-db/benchmarks/m168_stream_ab.sql:65: WARNING:  theodb_decode_batch_stream: rows=10000 bytes=72892
psql:/root/theo-db/benchmarks/m168_stream_ab.sql:65: WARNING:  theodb_decode_batch_stream: rows=10000 bytes=105660
psql:/root/theo-db/benchmarks/m168_stream_ab.sql:65: WARNING:  theodb_decode_batch_stream: rows=10000 bytes=105660
psql:/root/theo-db/benchmarks/m168_stream_ab.sql:65: WARNING:  theodb_decode_batch_stream: rows=10000 bytes=171196
psql:/root/theo-db/benchmarks/m168_stream_ab.sql:65: WARNING:  theodb_decode_batch_stream: rows=10000 bytes=105660
psql:/root/theo-db/benchmarks/m168_stream_ab.sql:65: WARNING:  theodb_decode_batch_stream: rows=10000 bytes=171196
psql:/root/theo-db/benchmarks/m168_stream_ab.sql:65: WARNING:  theodb_decode_batch_stream: rows=10000 bytes=105660
psql:/root/theo-db/benchmarks/m168_stream_ab.sql:65: WARNING:  theodb_decode_batch_stream: rows=10000 bytes=171196
psql:/root/theo-db/benchmarks/m168_stream_ab.sql:65: WARNING:  theodb_decode_batch_stream: rows=10000 bytes=171196
psql:/root/theo-db/benchmarks/m168_stream_ab.sql:65: WARNING:  theodb_decode_batch_stream: rows=10000 bytes=105660
psql:/root/theo-db/benchmarks/m168_stream_ab.sql:65: WARNING:  theodb_topk_pool: peak_reserved=1220138 reserved_at_end=0 pool_limit=201326592
psql:/root/theo-db/benchmarks/m168_stream_ab.sql:65: NOTICE:  ARM=eager pair=4 q=q25
psql:/root/theo-db/benchmarks/m168_stream_ab.sql:65: WARNING:  theodb_admit_decline: topk_entered_sort
psql:/root/theo-db/benchmarks/m168_stream_ab.sql:65: WARNING:  theodb_admit_decline: swap_topk_admitted
psql:/root/theo-db/benchmarks/m168_stream_ab.sql:65: WARNING:  theodb_admit_decline: topk_entered_sort
psql:/root/theo-db/benchmarks/m168_stream_ab.sql:65: WARNING:  theodb_admit_decline: topk_parent_not_limit
psql:/root/theo-db/benchmarks/m168_stream_ab.sql:65: WARNING:  theodb_decode_batch: rows=1000000 bytes=12388732 work_mem_bytes=67108864
psql:/root/theo-db/benchmarks/m168_stream_ab.sql:65: NOTICE:  ARM=stream pair=4 q=q26
psql:/root/theo-db/benchmarks/m168_stream_ab.sql:65: WARNING:  theodb_admit_decline: topk_entered_sort
psql:/root/theo-db/benchmarks/m168_stream_ab.sql:65: WARNING:  theodb_admit_decline: swap_topk_admitted
psql:/root/theo-db/benchmarks/m168_stream_ab.sql:65: WARNING:  theodb_admit_decline: topk_entered_sort
psql:/root/theo-db/benchmarks/m168_stream_ab.sql:65: WARNING:  theodb_admit_decline: topk_parent_not_limit
psql:/root/theo-db/benchmarks/m168_stream_ab.sql:65: WARNING:  theodb_decode_batch_stream: rows=10000 bytes=185756 probe=1
psql:/root/theo-db/benchmarks/m168_stream_ab.sql:65: WARNING:  theodb_decode_batch_stream: rows=10000 bytes=251292
psql:/root/theo-db/benchmarks/m168_stream_ab.sql:65: WARNING:  theodb_decode_batch_stream: rows=10000 bytes=382364
psql:/root/theo-db/benchmarks/m168_stream_ab.sql:65: WARNING:  theodb_decode_batch_stream: rows=10000 bytes=251292
psql:/root/theo-db/benchmarks/m168_stream_ab.sql:65: WARNING:  theodb_decode_batch_stream: rows=10000 bytes=251292
psql:/root/theo-db/benchmarks/m168_stream_ab.sql:65: WARNING:  theodb_decode_batch_stream: rows=10000 bytes=185756
psql:/root/theo-db/benchmarks/m168_stream_ab.sql:65: WARNING:  theodb_decode_batch_stream: rows=10000 bytes=185756
psql:/root/theo-db/benchmarks/m168_stream_ab.sql:65: WARNING:  theodb_decode_batch_stream: rows=10000 bytes=185756
psql:/root/theo-db/benchmarks/m168_stream_ab.sql:65: WARNING:  theodb_decode_batch_stream: rows=10000 bytes=185756
psql:/root/theo-db/benchmarks/m168_stream_ab.sql:65: WARNING:  theodb_decode_batch_stream: rows=10000 bytes=251292
psql:/root/theo-db/benchmarks/m168_stream_ab.sql:65: WARNING:  theodb_decode_batch_stream: rows=10000 bytes=185756
psql:/root/theo-db/benchmarks/m168_stream_ab.sql:65: WARNING:  theodb_decode_batch_stream: rows=10000 bytes=251292
psql:/root/theo-db/benchmarks/m168_stream_ab.sql:65: WARNING:  theodb_decode_batch_stream: rows=10000 bytes=152988
psql:/root/theo-db/benchmarks/m168_stream_ab.sql:65: WARNING:  theodb_decode_batch_stream: rows=10000 bytes=136604
psql:/root/theo-db/benchmarks/m168_stream_ab.sql:65: WARNING:  theodb_decode_batch_stream: rows=10000 bytes=185756
psql:/root/theo-db/benchmarks/m168_stream_ab.sql:65: WARNING:  theodb_decode_batch_stream: rows=10000 bytes=251292
psql:/root/theo-db/benchmarks/m168_stream_ab.sql:65: WARNING:  theodb_decode_batch_stream: rows=10000 bytes=152988
psql:/root/theo-db/benchmarks/m168_stream_ab.sql:65: WARNING:  theodb_decode_batch_stream: rows=10000 bytes=185756
psql:/root/theo-db/benchmarks/m168_stream_ab.sql:65: WARNING:  theodb_decode_batch_stream: rows=10000 bytes=251292
psql:/root/theo-db/benchmarks/m168_stream_ab.sql:65: WARNING:  theodb_decode_batch_stream: rows=10000 bytes=185756
psql:/root/theo-db/benchmarks/m168_stream_ab.sql:65: WARNING:  theodb_decode_batch_stream: rows=10000 bytes=185756
psql:/root/theo-db/benchmarks/m168_stream_ab.sql:65: WARNING:  theodb_decode_batch_stream: rows=10000 bytes=185756
psql:/root/theo-db/benchmarks/m168_stream_ab.sql:65: WARNING:  theodb_decode_batch_stream: rows=10000 bytes=152988
psql:/root/theo-db/benchmarks/m168_stream_ab.sql:65: WARNING:  theodb_decode_batch_stream: rows=10000 bytes=136604
psql:/root/theo-db/benchmarks/m168_stream_ab.sql:65: WARNING:  theodb_decode_batch_stream: rows=10000 bytes=136604
psql:/root/theo-db/benchmarks/m168_stream_ab.sql:65: WARNING:  theodb_decode_batch_stream: rows=10000 bytes=185756
psql:/root/theo-db/benchmarks/m168_stream_ab.sql:65: WARNING:  theodb_decode_batch_stream: rows=10000 bytes=382364
psql:/root/theo-db/benchmarks/m168_stream_ab.sql:65: WARNING:  theodb_decode_batch_stream: rows=10000 bytes=136604
psql:/root/theo-db/benchmarks/m168_stream_ab.sql:65: WARNING:  theodb_decode_batch_stream: rows=10000 bytes=136604
psql:/root/theo-db/benchmarks/m168_stream_ab.sql:65: WARNING:  theodb_decode_batch_stream: rows=10000 bytes=152988
psql:/root/theo-db/benchmarks/m168_stream_ab.sql:65: WARNING:  theodb_decode_batch_stream: rows=10000 bytes=185756
psql:/root/theo-db/benchmarks/m168_stream_ab.sql:65: WARNING:  theodb_decode_batch_stream: rows=10000 bytes=185756
psql:/root/theo-db/benchmarks/m168_stream_ab.sql:65: WARNING:  theodb_decode_batch_stream: rows=10000 bytes=152988
psql:/root/theo-db/benchmarks/m168_stream_ab.sql:65: WARNING:  theodb_decode_batch_stream: rows=10000 bytes=185756
psql:/root/theo-db/benchmarks/m168_stream_ab.sql:65: WARNING:  theodb_decode_batch_stream: rows=10000 bytes=185756
psql:/root/theo-db/benchmarks/m168_stream_ab.sql:65: WARNING:  theodb_decode_batch_stream: rows=10000 bytes=251292
psql:/root/theo-db/benchmarks/m168_stream_ab.sql:65: WARNING:  theodb_decode_batch_stream: rows=10000 bytes=251292
psql:/root/theo-db/benchmarks/m168_stream_ab.sql:65: WARNING:  theodb_decode_batch_stream: rows=10000 bytes=136604
psql:/root/theo-db/benchmarks/m168_stream_ab.sql:65: WARNING:  theodb_decode_batch_stream: rows=10000 bytes=251292
psql:/root/theo-db/benchmarks/m168_stream_ab.sql:65: WARNING:  theodb_decode_batch_stream: rows=10000 bytes=152988
psql:/root/theo-db/benchmarks/m168_stream_ab.sql:65: WARNING:  theodb_decode_batch_stream: rows=10000 bytes=152988
psql:/root/theo-db/benchmarks/m168_stream_ab.sql:65: WARNING:  theodb_decode_batch_stream: rows=10000 bytes=382364
psql:/root/theo-db/benchmarks/m168_stream_ab.sql:65: WARNING:  theodb_decode_batch_stream: rows=10000 bytes=644508
psql:/root/theo-db/benchmarks/m168_stream_ab.sql:65: WARNING:  theodb_decode_batch_stream: rows=10000 bytes=644508
psql:/root/theo-db/benchmarks/m168_stream_ab.sql:65: WARNING:  theodb_decode_batch_stream: rows=10000 bytes=644508
psql:/root/theo-db/benchmarks/m168_stream_ab.sql:65: WARNING:  theodb_decode_batch_stream: rows=10000 bytes=382364
psql:/root/theo-db/benchmarks/m168_stream_ab.sql:65: WARNING:  theodb_decode_batch_stream: rows=10000 bytes=251292
psql:/root/theo-db/benchmarks/m168_stream_ab.sql:65: WARNING:  theodb_decode_batch_stream: rows=10000 bytes=185756
psql:/root/theo-db/benchmarks/m168_stream_ab.sql:65: WARNING:  theodb_decode_batch_stream: rows=10000 bytes=128412
psql:/root/theo-db/benchmarks/m168_stream_ab.sql:65: WARNING:  theodb_decode_batch_stream: rows=10000 bytes=185756
psql:/root/theo-db/benchmarks/m168_stream_ab.sql:65: WARNING:  theodb_decode_batch_stream: rows=10000 bytes=152988
psql:/root/theo-db/benchmarks/m168_stream_ab.sql:65: WARNING:  theodb_decode_batch_stream: rows=10000 bytes=185756
psql:/root/theo-db/benchmarks/m168_stream_ab.sql:65: WARNING:  theodb_decode_batch_stream: rows=10000 bytes=185756
psql:/root/theo-db/benchmarks/m168_stream_ab.sql:65: WARNING:  theodb_decode_batch_stream: rows=10000 bytes=251292
psql:/root/theo-db/benchmarks/m168_stream_ab.sql:65: WARNING:  theodb_decode_batch_stream: rows=10000 bytes=251292
psql:/root/theo-db/benchmarks/m168_stream_ab.sql:65: WARNING:  theodb_decode_batch_stream: rows=10000 bytes=152988
psql:/root/theo-db/benchmarks/m168_stream_ab.sql:65: WARNING:  theodb_decode_batch_stream: rows=10000 bytes=251292
psql:/root/theo-db/benchmarks/m168_stream_ab.sql:65: WARNING:  theodb_decode_batch_stream: rows=10000 bytes=185756
psql:/root/theo-db/benchmarks/m168_stream_ab.sql:65: WARNING:  theodb_decode_batch_stream: rows=10000 bytes=382364
psql:/root/theo-db/benchmarks/m168_stream_ab.sql:65: WARNING:  theodb_decode_batch_stream: rows=10000 bytes=251292
psql:/root/theo-db/benchmarks/m168_stream_ab.sql:65: WARNING:  theodb_decode_batch_stream: rows=10000 bytes=185756
psql:/root/theo-db/benchmarks/m168_stream_ab.sql:65: WARNING:  theodb_decode_batch_stream: rows=10000 bytes=251292
psql:/root/theo-db/benchmarks/m168_stream_ab.sql:65: WARNING:  theodb_decode_batch_stream: rows=10000 bytes=185756
psql:/root/theo-db/benchmarks/m168_stream_ab.sql:65: WARNING:  theodb_decode_batch_stream: rows=10000 bytes=251292
psql:/root/theo-db/benchmarks/m168_stream_ab.sql:65: WARNING:  theodb_decode_batch_stream: rows=10000 bytes=152988
psql:/root/theo-db/benchmarks/m168_stream_ab.sql:65: WARNING:  theodb_decode_batch_stream: rows=10000 bytes=152988
psql:/root/theo-db/benchmarks/m168_stream_ab.sql:65: WARNING:  theodb_decode_batch_stream: rows=10000 bytes=382364
psql:/root/theo-db/benchmarks/m168_stream_ab.sql:65: WARNING:  theodb_decode_batch_stream: rows=10000 bytes=185756
psql:/root/theo-db/benchmarks/m168_stream_ab.sql:65: WARNING:  theodb_decode_batch_stream: rows=10000 bytes=185756
psql:/root/theo-db/benchmarks/m168_stream_ab.sql:65: WARNING:  theodb_decode_batch_stream: rows=10000 bytes=185756
psql:/root/theo-db/benchmarks/m168_stream_ab.sql:65: WARNING:  theodb_decode_batch_stream: rows=10000 bytes=382364
psql:/root/theo-db/benchmarks/m168_stream_ab.sql:65: WARNING:  theodb_decode_batch_stream: rows=10000 bytes=251292
psql:/root/theo-db/benchmarks/m168_stream_ab.sql:65: WARNING:  theodb_decode_batch_stream: rows=10000 bytes=185756
psql:/root/theo-db/benchmarks/m168_stream_ab.sql:65: WARNING:  theodb_decode_batch_stream: rows=10000 bytes=185756
psql:/root/theo-db/benchmarks/m168_stream_ab.sql:65: WARNING:  theodb_decode_batch_stream: rows=10000 bytes=251292
psql:/root/theo-db/benchmarks/m168_stream_ab.sql:65: WARNING:  theodb_decode_batch_stream: rows=10000 bytes=185756
psql:/root/theo-db/benchmarks/m168_stream_ab.sql:65: WARNING:  theodb_decode_batch_stream: rows=10000 bytes=136604
psql:/root/theo-db/benchmarks/m168_stream_ab.sql:65: WARNING:  theodb_decode_batch_stream: rows=10000 bytes=251292
psql:/root/theo-db/benchmarks/m168_stream_ab.sql:65: WARNING:  theodb_decode_batch_stream: rows=10000 bytes=382364
psql:/root/theo-db/benchmarks/m168_stream_ab.sql:65: WARNING:  theodb_decode_batch_stream: rows=10000 bytes=152988
psql:/root/theo-db/benchmarks/m168_stream_ab.sql:65: WARNING:  theodb_decode_batch_stream: rows=10000 bytes=185756
psql:/root/theo-db/benchmarks/m168_stream_ab.sql:65: WARNING:  theodb_decode_batch_stream: rows=10000 bytes=251292
psql:/root/theo-db/benchmarks/m168_stream_ab.sql:65: WARNING:  theodb_decode_batch_stream: rows=10000 bytes=251292
psql:/root/theo-db/benchmarks/m168_stream_ab.sql:65: WARNING:  theodb_decode_batch_stream: rows=10000 bytes=185756
psql:/root/theo-db/benchmarks/m168_stream_ab.sql:65: WARNING:  theodb_decode_batch_stream: rows=10000 bytes=185756
psql:/root/theo-db/benchmarks/m168_stream_ab.sql:65: WARNING:  theodb_decode_batch_stream: rows=10000 bytes=251292
psql:/root/theo-db/benchmarks/m168_stream_ab.sql:65: WARNING:  theodb_decode_batch_stream: rows=10000 bytes=152988
psql:/root/theo-db/benchmarks/m168_stream_ab.sql:65: WARNING:  theodb_decode_batch_stream: rows=10000 bytes=152988
psql:/root/theo-db/benchmarks/m168_stream_ab.sql:65: WARNING:  theodb_decode_batch_stream: rows=10000 bytes=382364
psql:/root/theo-db/benchmarks/m168_stream_ab.sql:65: WARNING:  theodb_decode_batch_stream: rows=10000 bytes=251292
psql:/root/theo-db/benchmarks/m168_stream_ab.sql:65: WARNING:  theodb_decode_batch_stream: rows=10000 bytes=152988
psql:/root/theo-db/benchmarks/m168_stream_ab.sql:65: WARNING:  theodb_decode_batch_stream: rows=10000 bytes=185756
psql:/root/theo-db/benchmarks/m168_stream_ab.sql:65: WARNING:  theodb_decode_batch_stream: rows=10000 bytes=185756
psql:/root/theo-db/benchmarks/m168_stream_ab.sql:65: WARNING:  theodb_decode_batch_stream: rows=10000 bytes=251292
psql:/root/theo-db/benchmarks/m168_stream_ab.sql:65: WARNING:  theodb_decode_batch_stream: rows=10000 bytes=185756
psql:/root/theo-db/benchmarks/m168_stream_ab.sql:65: WARNING:  theodb_decode_batch_stream: rows=10000 bytes=251292
psql:/root/theo-db/benchmarks/m168_stream_ab.sql:65: WARNING:  theodb_decode_batch_stream: rows=10000 bytes=185756
psql:/root/theo-db/benchmarks/m168_stream_ab.sql:65: WARNING:  theodb_decode_batch_stream: rows=10000 bytes=251292
psql:/root/theo-db/benchmarks/m168_stream_ab.sql:65: WARNING:  theodb_decode_batch_stream: rows=10000 bytes=251292
psql:/root/theo-db/benchmarks/m168_stream_ab.sql:65: WARNING:  theodb_decode_batch_stream: rows=10000 bytes=185756
psql:/root/theo-db/benchmarks/m168_stream_ab.sql:65: WARNING:  theodb_topk_pool: peak_reserved=1372880 reserved_at_end=0 pool_limit=201326592
psql:/root/theo-db/benchmarks/m168_stream_ab.sql:65: NOTICE:  ARM=eager pair=4 q=q26
psql:/root/theo-db/benchmarks/m168_stream_ab.sql:65: WARNING:  theodb_admit_decline: topk_entered_sort
psql:/root/theo-db/benchmarks/m168_stream_ab.sql:65: WARNING:  theodb_admit_decline: swap_topk_admitted
psql:/root/theo-db/benchmarks/m168_stream_ab.sql:65: WARNING:  theodb_admit_decline: topk_entered_sort
psql:/root/theo-db/benchmarks/m168_stream_ab.sql:65: WARNING:  theodb_admit_decline: topk_parent_not_limit
psql:/root/theo-db/benchmarks/m168_stream_ab.sql:65: WARNING:  theodb_decode_batch: rows=1000000 bytes=20388828 work_mem_bytes=67108864
psql:/root/theo-db/benchmarks/m168_stream_ab.sql:65: NOTICE:  ARM=eager pair=5 q=q23
psql:/root/theo-db/benchmarks/m168_stream_ab.sql:65: WARNING:  theodb_admit_decline: topk_entered_sort
psql:/root/theo-db/benchmarks/m168_stream_ab.sql:65: WARNING:  theodb_admit_decline: swap_topk_admitted
psql:/root/theo-db/benchmarks/m168_stream_ab.sql:65: WARNING:  theodb_admit_decline: topk_entered_sort
psql:/root/theo-db/benchmarks/m168_stream_ab.sql:65: WARNING:  theodb_admit_decline: topk_parent_not_limit
psql:/root/theo-db/benchmarks/m168_stream_ab.sql:65: WARNING:  theodb_decode_batch: rows=1000000 bytes=809738352 work_mem_bytes=67108864
psql:/root/theo-db/benchmarks/m168_stream_ab.sql:65: NOTICE:  ARM=stream pair=5 q=q23
psql:/root/theo-db/benchmarks/m168_stream_ab.sql:65: WARNING:  theodb_admit_decline: topk_entered_sort
psql:/root/theo-db/benchmarks/m168_stream_ab.sql:65: WARNING:  theodb_admit_decline: swap_topk_admitted
psql:/root/theo-db/benchmarks/m168_stream_ab.sql:65: WARNING:  theodb_admit_decline: topk_entered_sort
psql:/root/theo-db/benchmarks/m168_stream_ab.sql:65: WARNING:  theodb_admit_decline: topk_parent_not_limit
psql:/root/theo-db/benchmarks/m168_stream_ab.sql:65: WARNING:  theodb_decode_batch_stream: rows=10000 bytes=8953072 probe=1
psql:/root/theo-db/benchmarks/m168_stream_ab.sql:65: WARNING:  theodb_decode_batch_stream: rows=10000 bytes=8331504
psql:/root/theo-db/benchmarks/m168_stream_ab.sql:65: WARNING:  theodb_decode_batch_stream: rows=10000 bytes=8606960
psql:/root/theo-db/benchmarks/m168_stream_ab.sql:65: WARNING:  theodb_decode_batch_stream: rows=10000 bytes=9520368
psql:/root/theo-db/benchmarks/m168_stream_ab.sql:65: WARNING:  theodb_decode_batch_stream: rows=10000 bytes=8605936
psql:/root/theo-db/benchmarks/m168_stream_ab.sql:65: WARNING:  theodb_decode_batch_stream: rows=10000 bytes=7796976
psql:/root/theo-db/benchmarks/m168_stream_ab.sql:65: WARNING:  theodb_decode_batch_stream: rows=10000 bytes=7798000
psql:/root/theo-db/benchmarks/m168_stream_ab.sql:65: WARNING:  theodb_decode_batch_stream: rows=10000 bytes=7540976
psql:/root/theo-db/benchmarks/m168_stream_ab.sql:65: WARNING:  theodb_decode_batch_stream: rows=10000 bytes=7803120
psql:/root/theo-db/benchmarks/m168_stream_ab.sql:65: WARNING:  theodb_decode_batch_stream: rows=10000 bytes=7595248
psql:/root/theo-db/benchmarks/m168_stream_ab.sql:65: WARNING:  theodb_decode_batch_stream: rows=10000 bytes=7365872
psql:/root/theo-db/benchmarks/m168_stream_ab.sql:65: WARNING:  theodb_decode_batch_stream: rows=10000 bytes=8596720
psql:/root/theo-db/benchmarks/m168_stream_ab.sql:65: WARNING:  theodb_decode_batch_stream: rows=10000 bytes=8703216
psql:/root/theo-db/benchmarks/m168_stream_ab.sql:65: WARNING:  theodb_decode_batch_stream: rows=10000 bytes=8504560
psql:/root/theo-db/benchmarks/m168_stream_ab.sql:65: WARNING:  theodb_decode_batch_stream: rows=10000 bytes=8534256
psql:/root/theo-db/benchmarks/m168_stream_ab.sql:65: WARNING:  theodb_decode_batch_stream: rows=10000 bytes=7548144
psql:/root/theo-db/benchmarks/m168_stream_ab.sql:65: WARNING:  theodb_decode_batch_stream: rows=10000 bytes=7292144
psql:/root/theo-db/benchmarks/m168_stream_ab.sql:65: WARNING:  theodb_decode_batch_stream: rows=10000 bytes=7386352
psql:/root/theo-db/benchmarks/m168_stream_ab.sql:65: WARNING:  theodb_decode_batch_stream: rows=10000 bytes=8725744
psql:/root/theo-db/benchmarks/m168_stream_ab.sql:65: WARNING:  theodb_decode_batch_stream: rows=10000 bytes=7266544
psql:/root/theo-db/benchmarks/m168_stream_ab.sql:65: WARNING:  theodb_decode_batch_stream: rows=10000 bytes=6332656
psql:/root/theo-db/benchmarks/m168_stream_ab.sql:65: WARNING:  theodb_decode_batch_stream: rows=10000 bytes=6346992
psql:/root/theo-db/benchmarks/m168_stream_ab.sql:65: WARNING:  theodb_decode_batch_stream: rows=10000 bytes=6428912
psql:/root/theo-db/benchmarks/m168_stream_ab.sql:65: WARNING:  theodb_decode_batch_stream: rows=10000 bytes=6150384
psql:/root/theo-db/benchmarks/m168_stream_ab.sql:65: WARNING:  theodb_decode_batch_stream: rows=10000 bytes=6151408
psql:/root/theo-db/benchmarks/m168_stream_ab.sql:65: WARNING:  theodb_decode_batch_stream: rows=10000 bytes=6724848
psql:/root/theo-db/benchmarks/m168_stream_ab.sql:65: WARNING:  theodb_decode_batch_stream: rows=10000 bytes=7812336
psql:/root/theo-db/benchmarks/m168_stream_ab.sql:65: WARNING:  theodb_decode_batch_stream: rows=10000 bytes=11492592
psql:/root/theo-db/benchmarks/m168_stream_ab.sql:65: WARNING:  theodb_decode_batch_stream: rows=10000 bytes=11503920
psql:/root/theo-db/benchmarks/m168_stream_ab.sql:65: WARNING:  theodb_decode_batch_stream: rows=10000 bytes=9479408
psql:/root/theo-db/benchmarks/m168_stream_ab.sql:65: WARNING:  theodb_decode_batch_stream: rows=10000 bytes=8464624
psql:/root/theo-db/benchmarks/m168_stream_ab.sql:65: WARNING:  theodb_decode_batch_stream: rows=10000 bytes=7480560
psql:/root/theo-db/benchmarks/m168_stream_ab.sql:65: WARNING:  theodb_decode_batch_stream: rows=10000 bytes=6268144
psql:/root/theo-db/benchmarks/m168_stream_ab.sql:65: WARNING:  theodb_decode_batch_stream: rows=10000 bytes=7451888
psql:/root/theo-db/benchmarks/m168_stream_ab.sql:65: WARNING:  theodb_decode_batch_stream: rows=10000 bytes=7256304
psql:/root/theo-db/benchmarks/m168_stream_ab.sql:65: WARNING:  theodb_decode_batch_stream: rows=10000 bytes=7546096
psql:/root/theo-db/benchmarks/m168_stream_ab.sql:65: WARNING:  theodb_decode_batch_stream: rows=10000 bytes=8398064
psql:/root/theo-db/benchmarks/m168_stream_ab.sql:65: WARNING:  theodb_decode_batch_stream: rows=10000 bytes=6126832
psql:/root/theo-db/benchmarks/m168_stream_ab.sql:65: WARNING:  theodb_decode_batch_stream: rows=10000 bytes=8534256
psql:/root/theo-db/benchmarks/m168_stream_ab.sql:65: WARNING:  theodb_decode_batch_stream: rows=10000 bytes=7583984
psql:/root/theo-db/benchmarks/m168_stream_ab.sql:65: WARNING:  theodb_decode_batch_stream: rows=10000 bytes=6822128
psql:/root/theo-db/benchmarks/m168_stream_ab.sql:65: WARNING:  theodb_decode_batch_stream: rows=10000 bytes=9510128
psql:/root/theo-db/benchmarks/m168_stream_ab.sql:65: WARNING:  theodb_decode_batch_stream: rows=10000 bytes=10853616
psql:/root/theo-db/benchmarks/m168_stream_ab.sql:65: WARNING:  theodb_decode_batch_stream: rows=10000 bytes=10853616
psql:/root/theo-db/benchmarks/m168_stream_ab.sql:65: WARNING:  theodb_decode_batch_stream: rows=10000 bytes=10820848
psql:/root/theo-db/benchmarks/m168_stream_ab.sql:65: WARNING:  theodb_decode_batch_stream: rows=10000 bytes=9515248
psql:/root/theo-db/benchmarks/m168_stream_ab.sql:65: WARNING:  theodb_decode_batch_stream: rows=10000 bytes=7553264
psql:/root/theo-db/benchmarks/m168_stream_ab.sql:65: WARNING:  theodb_decode_batch_stream: rows=10000 bytes=7315696
psql:/root/theo-db/benchmarks/m168_stream_ab.sql:65: WARNING:  theodb_decode_batch_stream: rows=10000 bytes=6469872
psql:/root/theo-db/benchmarks/m168_stream_ab.sql:65: WARNING:  theodb_decode_batch_stream: rows=10000 bytes=6789360
psql:/root/theo-db/benchmarks/m168_stream_ab.sql:65: WARNING:  theodb_decode_batch_stream: rows=10000 bytes=6169840
psql:/root/theo-db/benchmarks/m168_stream_ab.sql:65: WARNING:  theodb_decode_batch_stream: rows=10000 bytes=18754800
psql:/root/theo-db/benchmarks/m168_stream_ab.sql:65: WARNING:  theodb_decode_batch_stream: rows=10000 bytes=14563568
psql:/root/theo-db/benchmarks/m168_stream_ab.sql:65: WARNING:  theodb_decode_batch_stream: rows=10000 bytes=7447792
psql:/root/theo-db/benchmarks/m168_stream_ab.sql:65: WARNING:  theodb_decode_batch_stream: rows=10000 bytes=7939312
psql:/root/theo-db/benchmarks/m168_stream_ab.sql:65: WARNING:  theodb_decode_batch_stream: rows=10000 bytes=14135536
psql:/root/theo-db/benchmarks/m168_stream_ab.sql:65: WARNING:  theodb_decode_batch_stream: rows=10000 bytes=9512176
psql:/root/theo-db/benchmarks/m168_stream_ab.sql:65: WARNING:  theodb_decode_batch_stream: rows=10000 bytes=10526960
psql:/root/theo-db/benchmarks/m168_stream_ab.sql:65: WARNING:  theodb_decode_batch_stream: rows=10000 bytes=8865008
psql:/root/theo-db/benchmarks/m168_stream_ab.sql:65: WARNING:  theodb_decode_batch_stream: rows=10000 bytes=7552240
psql:/root/theo-db/benchmarks/m168_stream_ab.sql:65: WARNING:  theodb_decode_batch_stream: rows=10000 bytes=8505584
psql:/root/theo-db/benchmarks/m168_stream_ab.sql:65: WARNING:  theodb_decode_batch_stream: rows=10000 bytes=8483056
psql:/root/theo-db/benchmarks/m168_stream_ab.sql:65: WARNING:  theodb_decode_batch_stream: rows=10000 bytes=7257328
psql:/root/theo-db/benchmarks/m168_stream_ab.sql:65: WARNING:  theodb_decode_batch_stream: rows=10000 bytes=8463600
psql:/root/theo-db/benchmarks/m168_stream_ab.sql:65: WARNING:  theodb_decode_batch_stream: rows=10000 bytes=7257328
psql:/root/theo-db/benchmarks/m168_stream_ab.sql:65: WARNING:  theodb_decode_batch_stream: rows=10000 bytes=7316720
psql:/root/theo-db/benchmarks/m168_stream_ab.sql:65: WARNING:  theodb_decode_batch_stream: rows=10000 bytes=9510128
psql:/root/theo-db/benchmarks/m168_stream_ab.sql:65: WARNING:  theodb_decode_batch_stream: rows=10000 bytes=7281904
psql:/root/theo-db/benchmarks/m168_stream_ab.sql:65: WARNING:  theodb_decode_batch_stream: rows=10000 bytes=14163184
psql:/root/theo-db/benchmarks/m168_stream_ab.sql:65: WARNING:  theodb_decode_batch_stream: rows=10000 bytes=9446640
psql:/root/theo-db/benchmarks/m168_stream_ab.sql:65: WARNING:  theodb_decode_batch_stream: rows=10000 bytes=7681264
psql:/root/theo-db/benchmarks/m168_stream_ab.sql:65: WARNING:  theodb_decode_batch_stream: rows=10000 bytes=7421168
psql:/root/theo-db/benchmarks/m168_stream_ab.sql:65: WARNING:  theodb_decode_batch_stream: rows=10000 bytes=8550640
psql:/root/theo-db/benchmarks/m168_stream_ab.sql:65: WARNING:  theodb_decode_batch_stream: rows=10000 bytes=6971632
psql:/root/theo-db/benchmarks/m168_stream_ab.sql:65: WARNING:  theodb_decode_batch_stream: rows=10000 bytes=7816432
psql:/root/theo-db/benchmarks/m168_stream_ab.sql:65: WARNING:  theodb_decode_batch_stream: rows=10000 bytes=9381104
psql:/root/theo-db/benchmarks/m168_stream_ab.sql:65: WARNING:  theodb_decode_batch_stream: rows=10000 bytes=7185648
psql:/root/theo-db/benchmarks/m168_stream_ab.sql:65: WARNING:  theodb_decode_batch_stream: rows=10000 bytes=8367344
psql:/root/theo-db/benchmarks/m168_stream_ab.sql:65: WARNING:  theodb_decode_batch_stream: rows=10000 bytes=9510128
psql:/root/theo-db/benchmarks/m168_stream_ab.sql:65: WARNING:  theodb_decode_batch_stream: rows=10000 bytes=14556400
psql:/root/theo-db/benchmarks/m168_stream_ab.sql:65: WARNING:  theodb_decode_batch_stream: rows=10000 bytes=10497264
psql:/root/theo-db/benchmarks/m168_stream_ab.sql:65: WARNING:  theodb_decode_batch_stream: rows=10000 bytes=7414000
psql:/root/theo-db/benchmarks/m168_stream_ab.sql:65: WARNING:  theodb_decode_batch_stream: rows=10000 bytes=7557360
psql:/root/theo-db/benchmarks/m168_stream_ab.sql:65: WARNING:  theodb_decode_batch_stream: rows=10000 bytes=8589552
psql:/root/theo-db/benchmarks/m168_stream_ab.sql:65: WARNING:  theodb_decode_batch_stream: rows=10000 bytes=7594224
psql:/root/theo-db/benchmarks/m168_stream_ab.sql:65: WARNING:  theodb_decode_batch_stream: rows=10000 bytes=7321840
psql:/root/theo-db/benchmarks/m168_stream_ab.sql:65: WARNING:  theodb_decode_batch_stream: rows=10000 bytes=8268016
psql:/root/theo-db/benchmarks/m168_stream_ab.sql:65: WARNING:  theodb_decode_batch_stream: rows=10000 bytes=7233776
psql:/root/theo-db/benchmarks/m168_stream_ab.sql:65: WARNING:  theodb_decode_batch_stream: rows=10000 bytes=9526512
psql:/root/theo-db/benchmarks/m168_stream_ab.sql:65: WARNING:  theodb_decode_batch_stream: rows=10000 bytes=8331504
psql:/root/theo-db/benchmarks/m168_stream_ab.sql:65: WARNING:  theodb_decode_batch_stream: rows=10000 bytes=15144176
psql:/root/theo-db/benchmarks/m168_stream_ab.sql:65: WARNING:  theodb_decode_batch_stream: rows=10000 bytes=9318640
psql:/root/theo-db/benchmarks/m168_stream_ab.sql:65: WARNING:  theodb_decode_batch_stream: rows=10000 bytes=7492848
psql:/root/theo-db/benchmarks/m168_stream_ab.sql:65: WARNING:  theodb_decode_batch_stream: rows=10000 bytes=10439920
psql:/root/theo-db/benchmarks/m168_stream_ab.sql:65: WARNING:  theodb_decode_batch_stream: rows=10000 bytes=8547568
psql:/root/theo-db/benchmarks/m168_stream_ab.sql:65: WARNING:  theodb_decode_batch_stream: rows=10000 bytes=10438896
psql:/root/theo-db/benchmarks/m168_stream_ab.sql:65: WARNING:  theodb_decode_batch_stream: rows=10000 bytes=8543472
psql:/root/theo-db/benchmarks/m168_stream_ab.sql:65: WARNING:  theodb_decode_batch_stream: rows=10000 bytes=9392368
psql:/root/theo-db/benchmarks/m168_stream_ab.sql:65: WARNING:  theodb_decode_batch_stream: rows=10000 bytes=8859888
psql:/root/theo-db/benchmarks/m168_stream_ab.sql:65: WARNING:  theodb_decode_batch_stream: rows=10000 bytes=7756016
psql:/root/theo-db/benchmarks/m168_stream_ab.sql:65: WARNING:  theodb_topk_pool: peak_reserved=2411803 reserved_at_end=0 pool_limit=201326592
psql:/root/theo-db/benchmarks/m168_stream_ab.sql:65: NOTICE:  ARM=eager pair=5 q=q24
psql:/root/theo-db/benchmarks/m168_stream_ab.sql:65: WARNING:  theodb_admit_decline: topk_entered_sort
psql:/root/theo-db/benchmarks/m168_stream_ab.sql:65: WARNING:  theodb_admit_decline: swap_topk_admitted
psql:/root/theo-db/benchmarks/m168_stream_ab.sql:65: WARNING:  theodb_admit_decline: topk_entered_sort
psql:/root/theo-db/benchmarks/m168_stream_ab.sql:65: WARNING:  theodb_admit_decline: topk_parent_not_limit
psql:/root/theo-db/benchmarks/m168_stream_ab.sql:65: WARNING:  theodb_decode_batch: rows=1000000 bytes=20388828 work_mem_bytes=67108864
psql:/root/theo-db/benchmarks/m168_stream_ab.sql:65: NOTICE:  ARM=stream pair=5 q=q24
psql:/root/theo-db/benchmarks/m168_stream_ab.sql:65: WARNING:  theodb_admit_decline: topk_entered_sort
psql:/root/theo-db/benchmarks/m168_stream_ab.sql:65: WARNING:  theodb_admit_decline: swap_topk_admitted
psql:/root/theo-db/benchmarks/m168_stream_ab.sql:65: WARNING:  theodb_admit_decline: topk_entered_sort
psql:/root/theo-db/benchmarks/m168_stream_ab.sql:65: WARNING:  theodb_admit_decline: topk_parent_not_limit
psql:/root/theo-db/benchmarks/m168_stream_ab.sql:65: WARNING:  theodb_decode_batch_stream: rows=10000 bytes=185756 probe=1
psql:/root/theo-db/benchmarks/m168_stream_ab.sql:65: WARNING:  theodb_decode_batch_stream: rows=10000 bytes=251292
psql:/root/theo-db/benchmarks/m168_stream_ab.sql:65: WARNING:  theodb_decode_batch_stream: rows=10000 bytes=382364
psql:/root/theo-db/benchmarks/m168_stream_ab.sql:65: WARNING:  theodb_decode_batch_stream: rows=10000 bytes=251292
psql:/root/theo-db/benchmarks/m168_stream_ab.sql:65: WARNING:  theodb_decode_batch_stream: rows=10000 bytes=251292
psql:/root/theo-db/benchmarks/m168_stream_ab.sql:65: WARNING:  theodb_decode_batch_stream: rows=10000 bytes=185756
psql:/root/theo-db/benchmarks/m168_stream_ab.sql:65: WARNING:  theodb_decode_batch_stream: rows=10000 bytes=185756
psql:/root/theo-db/benchmarks/m168_stream_ab.sql:65: WARNING:  theodb_decode_batch_stream: rows=10000 bytes=185756
psql:/root/theo-db/benchmarks/m168_stream_ab.sql:65: WARNING:  theodb_decode_batch_stream: rows=10000 bytes=185756
psql:/root/theo-db/benchmarks/m168_stream_ab.sql:65: WARNING:  theodb_decode_batch_stream: rows=10000 bytes=251292
psql:/root/theo-db/benchmarks/m168_stream_ab.sql:65: WARNING:  theodb_decode_batch_stream: rows=10000 bytes=185756
psql:/root/theo-db/benchmarks/m168_stream_ab.sql:65: WARNING:  theodb_decode_batch_stream: rows=10000 bytes=251292
psql:/root/theo-db/benchmarks/m168_stream_ab.sql:65: WARNING:  theodb_decode_batch_stream: rows=10000 bytes=152988
psql:/root/theo-db/benchmarks/m168_stream_ab.sql:65: WARNING:  theodb_decode_batch_stream: rows=10000 bytes=136604
psql:/root/theo-db/benchmarks/m168_stream_ab.sql:65: WARNING:  theodb_decode_batch_stream: rows=10000 bytes=185756
psql:/root/theo-db/benchmarks/m168_stream_ab.sql:65: WARNING:  theodb_decode_batch_stream: rows=10000 bytes=251292
psql:/root/theo-db/benchmarks/m168_stream_ab.sql:65: WARNING:  theodb_decode_batch_stream: rows=10000 bytes=152988
psql:/root/theo-db/benchmarks/m168_stream_ab.sql:65: WARNING:  theodb_decode_batch_stream: rows=10000 bytes=185756
psql:/root/theo-db/benchmarks/m168_stream_ab.sql:65: WARNING:  theodb_decode_batch_stream: rows=10000 bytes=251292
psql:/root/theo-db/benchmarks/m168_stream_ab.sql:65: WARNING:  theodb_decode_batch_stream: rows=10000 bytes=185756
psql:/root/theo-db/benchmarks/m168_stream_ab.sql:65: WARNING:  theodb_decode_batch_stream: rows=10000 bytes=185756
psql:/root/theo-db/benchmarks/m168_stream_ab.sql:65: WARNING:  theodb_decode_batch_stream: rows=10000 bytes=185756
psql:/root/theo-db/benchmarks/m168_stream_ab.sql:65: WARNING:  theodb_decode_batch_stream: rows=10000 bytes=152988
psql:/root/theo-db/benchmarks/m168_stream_ab.sql:65: WARNING:  theodb_decode_batch_stream: rows=10000 bytes=136604
psql:/root/theo-db/benchmarks/m168_stream_ab.sql:65: WARNING:  theodb_decode_batch_stream: rows=10000 bytes=136604
psql:/root/theo-db/benchmarks/m168_stream_ab.sql:65: WARNING:  theodb_decode_batch_stream: rows=10000 bytes=185756
psql:/root/theo-db/benchmarks/m168_stream_ab.sql:65: WARNING:  theodb_decode_batch_stream: rows=10000 bytes=382364
psql:/root/theo-db/benchmarks/m168_stream_ab.sql:65: WARNING:  theodb_decode_batch_stream: rows=10000 bytes=136604
psql:/root/theo-db/benchmarks/m168_stream_ab.sql:65: WARNING:  theodb_decode_batch_stream: rows=10000 bytes=136604
psql:/root/theo-db/benchmarks/m168_stream_ab.sql:65: WARNING:  theodb_decode_batch_stream: rows=10000 bytes=152988
psql:/root/theo-db/benchmarks/m168_stream_ab.sql:65: WARNING:  theodb_decode_batch_stream: rows=10000 bytes=185756
psql:/root/theo-db/benchmarks/m168_stream_ab.sql:65: WARNING:  theodb_decode_batch_stream: rows=10000 bytes=185756
psql:/root/theo-db/benchmarks/m168_stream_ab.sql:65: WARNING:  theodb_decode_batch_stream: rows=10000 bytes=152988
psql:/root/theo-db/benchmarks/m168_stream_ab.sql:65: WARNING:  theodb_decode_batch_stream: rows=10000 bytes=185756
psql:/root/theo-db/benchmarks/m168_stream_ab.sql:65: WARNING:  theodb_decode_batch_stream: rows=10000 bytes=185756
psql:/root/theo-db/benchmarks/m168_stream_ab.sql:65: WARNING:  theodb_decode_batch_stream: rows=10000 bytes=251292
psql:/root/theo-db/benchmarks/m168_stream_ab.sql:65: WARNING:  theodb_decode_batch_stream: rows=10000 bytes=251292
psql:/root/theo-db/benchmarks/m168_stream_ab.sql:65: WARNING:  theodb_decode_batch_stream: rows=10000 bytes=136604
psql:/root/theo-db/benchmarks/m168_stream_ab.sql:65: WARNING:  theodb_decode_batch_stream: rows=10000 bytes=251292
psql:/root/theo-db/benchmarks/m168_stream_ab.sql:65: WARNING:  theodb_decode_batch_stream: rows=10000 bytes=152988
psql:/root/theo-db/benchmarks/m168_stream_ab.sql:65: WARNING:  theodb_decode_batch_stream: rows=10000 bytes=152988
psql:/root/theo-db/benchmarks/m168_stream_ab.sql:65: WARNING:  theodb_decode_batch_stream: rows=10000 bytes=382364
psql:/root/theo-db/benchmarks/m168_stream_ab.sql:65: WARNING:  theodb_decode_batch_stream: rows=10000 bytes=644508
psql:/root/theo-db/benchmarks/m168_stream_ab.sql:65: WARNING:  theodb_decode_batch_stream: rows=10000 bytes=644508
psql:/root/theo-db/benchmarks/m168_stream_ab.sql:65: WARNING:  theodb_decode_batch_stream: rows=10000 bytes=644508
psql:/root/theo-db/benchmarks/m168_stream_ab.sql:65: WARNING:  theodb_decode_batch_stream: rows=10000 bytes=382364
psql:/root/theo-db/benchmarks/m168_stream_ab.sql:65: WARNING:  theodb_decode_batch_stream: rows=10000 bytes=251292
psql:/root/theo-db/benchmarks/m168_stream_ab.sql:65: WARNING:  theodb_decode_batch_stream: rows=10000 bytes=185756
psql:/root/theo-db/benchmarks/m168_stream_ab.sql:65: WARNING:  theodb_decode_batch_stream: rows=10000 bytes=128412
psql:/root/theo-db/benchmarks/m168_stream_ab.sql:65: WARNING:  theodb_decode_batch_stream: rows=10000 bytes=185756
psql:/root/theo-db/benchmarks/m168_stream_ab.sql:65: WARNING:  theodb_decode_batch_stream: rows=10000 bytes=152988
psql:/root/theo-db/benchmarks/m168_stream_ab.sql:65: WARNING:  theodb_decode_batch_stream: rows=10000 bytes=185756
psql:/root/theo-db/benchmarks/m168_stream_ab.sql:65: WARNING:  theodb_decode_batch_stream: rows=10000 bytes=185756
psql:/root/theo-db/benchmarks/m168_stream_ab.sql:65: WARNING:  theodb_decode_batch_stream: rows=10000 bytes=251292
psql:/root/theo-db/benchmarks/m168_stream_ab.sql:65: WARNING:  theodb_decode_batch_stream: rows=10000 bytes=251292
psql:/root/theo-db/benchmarks/m168_stream_ab.sql:65: WARNING:  theodb_decode_batch_stream: rows=10000 bytes=152988
psql:/root/theo-db/benchmarks/m168_stream_ab.sql:65: WARNING:  theodb_decode_batch_stream: rows=10000 bytes=251292
psql:/root/theo-db/benchmarks/m168_stream_ab.sql:65: WARNING:  theodb_decode_batch_stream: rows=10000 bytes=185756
psql:/root/theo-db/benchmarks/m168_stream_ab.sql:65: WARNING:  theodb_decode_batch_stream: rows=10000 bytes=382364
psql:/root/theo-db/benchmarks/m168_stream_ab.sql:65: WARNING:  theodb_decode_batch_stream: rows=10000 bytes=251292
psql:/root/theo-db/benchmarks/m168_stream_ab.sql:65: WARNING:  theodb_decode_batch_stream: rows=10000 bytes=185756
psql:/root/theo-db/benchmarks/m168_stream_ab.sql:65: WARNING:  theodb_decode_batch_stream: rows=10000 bytes=251292
psql:/root/theo-db/benchmarks/m168_stream_ab.sql:65: WARNING:  theodb_decode_batch_stream: rows=10000 bytes=185756
psql:/root/theo-db/benchmarks/m168_stream_ab.sql:65: WARNING:  theodb_decode_batch_stream: rows=10000 bytes=251292
psql:/root/theo-db/benchmarks/m168_stream_ab.sql:65: WARNING:  theodb_decode_batch_stream: rows=10000 bytes=152988
psql:/root/theo-db/benchmarks/m168_stream_ab.sql:65: WARNING:  theodb_decode_batch_stream: rows=10000 bytes=152988
psql:/root/theo-db/benchmarks/m168_stream_ab.sql:65: WARNING:  theodb_decode_batch_stream: rows=10000 bytes=382364
psql:/root/theo-db/benchmarks/m168_stream_ab.sql:65: WARNING:  theodb_decode_batch_stream: rows=10000 bytes=185756
psql:/root/theo-db/benchmarks/m168_stream_ab.sql:65: WARNING:  theodb_decode_batch_stream: rows=10000 bytes=185756
psql:/root/theo-db/benchmarks/m168_stream_ab.sql:65: WARNING:  theodb_decode_batch_stream: rows=10000 bytes=185756
psql:/root/theo-db/benchmarks/m168_stream_ab.sql:65: WARNING:  theodb_decode_batch_stream: rows=10000 bytes=382364
psql:/root/theo-db/benchmarks/m168_stream_ab.sql:65: WARNING:  theodb_decode_batch_stream: rows=10000 bytes=251292
psql:/root/theo-db/benchmarks/m168_stream_ab.sql:65: WARNING:  theodb_decode_batch_stream: rows=10000 bytes=185756
psql:/root/theo-db/benchmarks/m168_stream_ab.sql:65: WARNING:  theodb_decode_batch_stream: rows=10000 bytes=185756
psql:/root/theo-db/benchmarks/m168_stream_ab.sql:65: WARNING:  theodb_decode_batch_stream: rows=10000 bytes=251292
psql:/root/theo-db/benchmarks/m168_stream_ab.sql:65: WARNING:  theodb_decode_batch_stream: rows=10000 bytes=185756
psql:/root/theo-db/benchmarks/m168_stream_ab.sql:65: WARNING:  theodb_decode_batch_stream: rows=10000 bytes=136604
psql:/root/theo-db/benchmarks/m168_stream_ab.sql:65: WARNING:  theodb_decode_batch_stream: rows=10000 bytes=251292
psql:/root/theo-db/benchmarks/m168_stream_ab.sql:65: WARNING:  theodb_decode_batch_stream: rows=10000 bytes=382364
psql:/root/theo-db/benchmarks/m168_stream_ab.sql:65: WARNING:  theodb_decode_batch_stream: rows=10000 bytes=152988
psql:/root/theo-db/benchmarks/m168_stream_ab.sql:65: WARNING:  theodb_decode_batch_stream: rows=10000 bytes=185756
psql:/root/theo-db/benchmarks/m168_stream_ab.sql:65: WARNING:  theodb_decode_batch_stream: rows=10000 bytes=251292
psql:/root/theo-db/benchmarks/m168_stream_ab.sql:65: WARNING:  theodb_decode_batch_stream: rows=10000 bytes=251292
psql:/root/theo-db/benchmarks/m168_stream_ab.sql:65: WARNING:  theodb_decode_batch_stream: rows=10000 bytes=185756
psql:/root/theo-db/benchmarks/m168_stream_ab.sql:65: WARNING:  theodb_decode_batch_stream: rows=10000 bytes=185756
psql:/root/theo-db/benchmarks/m168_stream_ab.sql:65: WARNING:  theodb_decode_batch_stream: rows=10000 bytes=251292
psql:/root/theo-db/benchmarks/m168_stream_ab.sql:65: WARNING:  theodb_decode_batch_stream: rows=10000 bytes=152988
psql:/root/theo-db/benchmarks/m168_stream_ab.sql:65: WARNING:  theodb_decode_batch_stream: rows=10000 bytes=152988
psql:/root/theo-db/benchmarks/m168_stream_ab.sql:65: WARNING:  theodb_decode_batch_stream: rows=10000 bytes=382364
psql:/root/theo-db/benchmarks/m168_stream_ab.sql:65: WARNING:  theodb_decode_batch_stream: rows=10000 bytes=251292
psql:/root/theo-db/benchmarks/m168_stream_ab.sql:65: WARNING:  theodb_decode_batch_stream: rows=10000 bytes=152988
psql:/root/theo-db/benchmarks/m168_stream_ab.sql:65: WARNING:  theodb_decode_batch_stream: rows=10000 bytes=185756
psql:/root/theo-db/benchmarks/m168_stream_ab.sql:65: WARNING:  theodb_decode_batch_stream: rows=10000 bytes=185756
psql:/root/theo-db/benchmarks/m168_stream_ab.sql:65: WARNING:  theodb_decode_batch_stream: rows=10000 bytes=251292
psql:/root/theo-db/benchmarks/m168_stream_ab.sql:65: WARNING:  theodb_decode_batch_stream: rows=10000 bytes=185756
psql:/root/theo-db/benchmarks/m168_stream_ab.sql:65: WARNING:  theodb_decode_batch_stream: rows=10000 bytes=251292
psql:/root/theo-db/benchmarks/m168_stream_ab.sql:65: WARNING:  theodb_decode_batch_stream: rows=10000 bytes=185756
psql:/root/theo-db/benchmarks/m168_stream_ab.sql:65: WARNING:  theodb_decode_batch_stream: rows=10000 bytes=251292
psql:/root/theo-db/benchmarks/m168_stream_ab.sql:65: WARNING:  theodb_decode_batch_stream: rows=10000 bytes=251292
psql:/root/theo-db/benchmarks/m168_stream_ab.sql:65: WARNING:  theodb_decode_batch_stream: rows=10000 bytes=185756
psql:/root/theo-db/benchmarks/m168_stream_ab.sql:65: WARNING:  theodb_topk_pool: peak_reserved=825920 reserved_at_end=0 pool_limit=201326592
psql:/root/theo-db/benchmarks/m168_stream_ab.sql:65: NOTICE:  ARM=eager pair=5 q=q25
psql:/root/theo-db/benchmarks/m168_stream_ab.sql:65: WARNING:  theodb_admit_decline: topk_entered_sort
psql:/root/theo-db/benchmarks/m168_stream_ab.sql:65: WARNING:  theodb_admit_decline: swap_topk_admitted
psql:/root/theo-db/benchmarks/m168_stream_ab.sql:65: WARNING:  theodb_admit_decline: topk_entered_sort
psql:/root/theo-db/benchmarks/m168_stream_ab.sql:65: WARNING:  theodb_admit_decline: topk_parent_not_limit
psql:/root/theo-db/benchmarks/m168_stream_ab.sql:65: WARNING:  theodb_decode_batch: rows=1000000 bytes=12388732 work_mem_bytes=67108864
psql:/root/theo-db/benchmarks/m168_stream_ab.sql:65: NOTICE:  ARM=stream pair=5 q=q25
psql:/root/theo-db/benchmarks/m168_stream_ab.sql:65: WARNING:  theodb_admit_decline: topk_entered_sort
psql:/root/theo-db/benchmarks/m168_stream_ab.sql:65: WARNING:  theodb_admit_decline: swap_topk_admitted
psql:/root/theo-db/benchmarks/m168_stream_ab.sql:65: WARNING:  theodb_admit_decline: topk_entered_sort
psql:/root/theo-db/benchmarks/m168_stream_ab.sql:65: WARNING:  theodb_admit_decline: topk_parent_not_limit
psql:/root/theo-db/benchmarks/m168_stream_ab.sql:65: WARNING:  theodb_decode_batch_stream: rows=10000 bytes=105660 probe=1
psql:/root/theo-db/benchmarks/m168_stream_ab.sql:65: WARNING:  theodb_decode_batch_stream: rows=10000 bytes=171196
psql:/root/theo-db/benchmarks/m168_stream_ab.sql:65: WARNING:  theodb_decode_batch_stream: rows=10000 bytes=302268
psql:/root/theo-db/benchmarks/m168_stream_ab.sql:65: WARNING:  theodb_decode_batch_stream: rows=10000 bytes=171196
psql:/root/theo-db/benchmarks/m168_stream_ab.sql:65: WARNING:  theodb_decode_batch_stream: rows=10000 bytes=171196
psql:/root/theo-db/benchmarks/m168_stream_ab.sql:65: WARNING:  theodb_decode_batch_stream: rows=10000 bytes=105660
psql:/root/theo-db/benchmarks/m168_stream_ab.sql:65: WARNING:  theodb_decode_batch_stream: rows=10000 bytes=105660
psql:/root/theo-db/benchmarks/m168_stream_ab.sql:65: WARNING:  theodb_decode_batch_stream: rows=10000 bytes=105660
psql:/root/theo-db/benchmarks/m168_stream_ab.sql:65: WARNING:  theodb_decode_batch_stream: rows=10000 bytes=105660
psql:/root/theo-db/benchmarks/m168_stream_ab.sql:65: WARNING:  theodb_decode_batch_stream: rows=10000 bytes=171196
psql:/root/theo-db/benchmarks/m168_stream_ab.sql:65: WARNING:  theodb_decode_batch_stream: rows=10000 bytes=105660
psql:/root/theo-db/benchmarks/m168_stream_ab.sql:65: WARNING:  theodb_decode_batch_stream: rows=10000 bytes=171196
psql:/root/theo-db/benchmarks/m168_stream_ab.sql:65: WARNING:  theodb_decode_batch_stream: rows=10000 bytes=72892
psql:/root/theo-db/benchmarks/m168_stream_ab.sql:65: WARNING:  theodb_decode_batch_stream: rows=10000 bytes=56508
psql:/root/theo-db/benchmarks/m168_stream_ab.sql:65: WARNING:  theodb_decode_batch_stream: rows=10000 bytes=105660
psql:/root/theo-db/benchmarks/m168_stream_ab.sql:65: WARNING:  theodb_decode_batch_stream: rows=10000 bytes=171196
psql:/root/theo-db/benchmarks/m168_stream_ab.sql:65: WARNING:  theodb_decode_batch_stream: rows=10000 bytes=72892
psql:/root/theo-db/benchmarks/m168_stream_ab.sql:65: WARNING:  theodb_decode_batch_stream: rows=10000 bytes=105660
psql:/root/theo-db/benchmarks/m168_stream_ab.sql:65: WARNING:  theodb_decode_batch_stream: rows=10000 bytes=171196
psql:/root/theo-db/benchmarks/m168_stream_ab.sql:65: WARNING:  theodb_decode_batch_stream: rows=10000 bytes=105660
psql:/root/theo-db/benchmarks/m168_stream_ab.sql:65: WARNING:  theodb_decode_batch_stream: rows=10000 bytes=105660
psql:/root/theo-db/benchmarks/m168_stream_ab.sql:65: WARNING:  theodb_decode_batch_stream: rows=10000 bytes=105660
psql:/root/theo-db/benchmarks/m168_stream_ab.sql:65: WARNING:  theodb_decode_batch_stream: rows=10000 bytes=72892
psql:/root/theo-db/benchmarks/m168_stream_ab.sql:65: WARNING:  theodb_decode_batch_stream: rows=10000 bytes=56508
psql:/root/theo-db/benchmarks/m168_stream_ab.sql:65: WARNING:  theodb_decode_batch_stream: rows=10000 bytes=56508
psql:/root/theo-db/benchmarks/m168_stream_ab.sql:65: WARNING:  theodb_decode_batch_stream: rows=10000 bytes=105660
psql:/root/theo-db/benchmarks/m168_stream_ab.sql:65: WARNING:  theodb_decode_batch_stream: rows=10000 bytes=302268
psql:/root/theo-db/benchmarks/m168_stream_ab.sql:65: WARNING:  theodb_decode_batch_stream: rows=10000 bytes=56508
psql:/root/theo-db/benchmarks/m168_stream_ab.sql:65: WARNING:  theodb_decode_batch_stream: rows=10000 bytes=56508
psql:/root/theo-db/benchmarks/m168_stream_ab.sql:65: WARNING:  theodb_decode_batch_stream: rows=10000 bytes=72892
psql:/root/theo-db/benchmarks/m168_stream_ab.sql:65: WARNING:  theodb_decode_batch_stream: rows=10000 bytes=105660
psql:/root/theo-db/benchmarks/m168_stream_ab.sql:65: WARNING:  theodb_decode_batch_stream: rows=10000 bytes=105660
psql:/root/theo-db/benchmarks/m168_stream_ab.sql:65: WARNING:  theodb_decode_batch_stream: rows=10000 bytes=72892
psql:/root/theo-db/benchmarks/m168_stream_ab.sql:65: WARNING:  theodb_decode_batch_stream: rows=10000 bytes=105660
psql:/root/theo-db/benchmarks/m168_stream_ab.sql:65: WARNING:  theodb_decode_batch_stream: rows=10000 bytes=105660
psql:/root/theo-db/benchmarks/m168_stream_ab.sql:65: WARNING:  theodb_decode_batch_stream: rows=10000 bytes=171196
psql:/root/theo-db/benchmarks/m168_stream_ab.sql:65: WARNING:  theodb_decode_batch_stream: rows=10000 bytes=171196
psql:/root/theo-db/benchmarks/m168_stream_ab.sql:65: WARNING:  theodb_decode_batch_stream: rows=10000 bytes=56508
psql:/root/theo-db/benchmarks/m168_stream_ab.sql:65: WARNING:  theodb_decode_batch_stream: rows=10000 bytes=171196
psql:/root/theo-db/benchmarks/m168_stream_ab.sql:65: WARNING:  theodb_decode_batch_stream: rows=10000 bytes=72892
psql:/root/theo-db/benchmarks/m168_stream_ab.sql:65: WARNING:  theodb_decode_batch_stream: rows=10000 bytes=72892
psql:/root/theo-db/benchmarks/m168_stream_ab.sql:65: WARNING:  theodb_decode_batch_stream: rows=10000 bytes=302268
psql:/root/theo-db/benchmarks/m168_stream_ab.sql:65: WARNING:  theodb_decode_batch_stream: rows=10000 bytes=564412
psql:/root/theo-db/benchmarks/m168_stream_ab.sql:65: WARNING:  theodb_decode_batch_stream: rows=10000 bytes=564412
psql:/root/theo-db/benchmarks/m168_stream_ab.sql:65: WARNING:  theodb_decode_batch_stream: rows=10000 bytes=564412
psql:/root/theo-db/benchmarks/m168_stream_ab.sql:65: WARNING:  theodb_decode_batch_stream: rows=10000 bytes=302268
psql:/root/theo-db/benchmarks/m168_stream_ab.sql:65: WARNING:  theodb_decode_batch_stream: rows=10000 bytes=171196
psql:/root/theo-db/benchmarks/m168_stream_ab.sql:65: WARNING:  theodb_decode_batch_stream: rows=10000 bytes=105660
psql:/root/theo-db/benchmarks/m168_stream_ab.sql:65: WARNING:  theodb_decode_batch_stream: rows=10000 bytes=48316
psql:/root/theo-db/benchmarks/m168_stream_ab.sql:65: WARNING:  theodb_decode_batch_stream: rows=10000 bytes=105660
psql:/root/theo-db/benchmarks/m168_stream_ab.sql:65: WARNING:  theodb_decode_batch_stream: rows=10000 bytes=72892
psql:/root/theo-db/benchmarks/m168_stream_ab.sql:65: WARNING:  theodb_decode_batch_stream: rows=10000 bytes=105660
psql:/root/theo-db/benchmarks/m168_stream_ab.sql:65: WARNING:  theodb_decode_batch_stream: rows=10000 bytes=105660
psql:/root/theo-db/benchmarks/m168_stream_ab.sql:65: WARNING:  theodb_decode_batch_stream: rows=10000 bytes=171196
psql:/root/theo-db/benchmarks/m168_stream_ab.sql:65: WARNING:  theodb_decode_batch_stream: rows=10000 bytes=171196
psql:/root/theo-db/benchmarks/m168_stream_ab.sql:65: WARNING:  theodb_decode_batch_stream: rows=10000 bytes=72892
psql:/root/theo-db/benchmarks/m168_stream_ab.sql:65: WARNING:  theodb_decode_batch_stream: rows=10000 bytes=171196
psql:/root/theo-db/benchmarks/m168_stream_ab.sql:65: WARNING:  theodb_decode_batch_stream: rows=10000 bytes=105660
psql:/root/theo-db/benchmarks/m168_stream_ab.sql:65: WARNING:  theodb_decode_batch_stream: rows=10000 bytes=302268
psql:/root/theo-db/benchmarks/m168_stream_ab.sql:65: WARNING:  theodb_decode_batch_stream: rows=10000 bytes=171196
psql:/root/theo-db/benchmarks/m168_stream_ab.sql:65: WARNING:  theodb_decode_batch_stream: rows=10000 bytes=105660
psql:/root/theo-db/benchmarks/m168_stream_ab.sql:65: WARNING:  theodb_decode_batch_stream: rows=10000 bytes=171196
psql:/root/theo-db/benchmarks/m168_stream_ab.sql:65: WARNING:  theodb_decode_batch_stream: rows=10000 bytes=105660
psql:/root/theo-db/benchmarks/m168_stream_ab.sql:65: WARNING:  theodb_decode_batch_stream: rows=10000 bytes=171196
psql:/root/theo-db/benchmarks/m168_stream_ab.sql:65: WARNING:  theodb_decode_batch_stream: rows=10000 bytes=72892
psql:/root/theo-db/benchmarks/m168_stream_ab.sql:65: WARNING:  theodb_decode_batch_stream: rows=10000 bytes=72892
psql:/root/theo-db/benchmarks/m168_stream_ab.sql:65: WARNING:  theodb_decode_batch_stream: rows=10000 bytes=302268
psql:/root/theo-db/benchmarks/m168_stream_ab.sql:65: WARNING:  theodb_decode_batch_stream: rows=10000 bytes=105660
psql:/root/theo-db/benchmarks/m168_stream_ab.sql:65: WARNING:  theodb_decode_batch_stream: rows=10000 bytes=105660
psql:/root/theo-db/benchmarks/m168_stream_ab.sql:65: WARNING:  theodb_decode_batch_stream: rows=10000 bytes=105660
psql:/root/theo-db/benchmarks/m168_stream_ab.sql:65: WARNING:  theodb_decode_batch_stream: rows=10000 bytes=302268
psql:/root/theo-db/benchmarks/m168_stream_ab.sql:65: WARNING:  theodb_decode_batch_stream: rows=10000 bytes=171196
psql:/root/theo-db/benchmarks/m168_stream_ab.sql:65: WARNING:  theodb_decode_batch_stream: rows=10000 bytes=105660
psql:/root/theo-db/benchmarks/m168_stream_ab.sql:65: WARNING:  theodb_decode_batch_stream: rows=10000 bytes=105660
psql:/root/theo-db/benchmarks/m168_stream_ab.sql:65: WARNING:  theodb_decode_batch_stream: rows=10000 bytes=171196
psql:/root/theo-db/benchmarks/m168_stream_ab.sql:65: WARNING:  theodb_decode_batch_stream: rows=10000 bytes=105660
psql:/root/theo-db/benchmarks/m168_stream_ab.sql:65: WARNING:  theodb_decode_batch_stream: rows=10000 bytes=56508
psql:/root/theo-db/benchmarks/m168_stream_ab.sql:65: WARNING:  theodb_decode_batch_stream: rows=10000 bytes=171196
psql:/root/theo-db/benchmarks/m168_stream_ab.sql:65: WARNING:  theodb_decode_batch_stream: rows=10000 bytes=302268
psql:/root/theo-db/benchmarks/m168_stream_ab.sql:65: WARNING:  theodb_decode_batch_stream: rows=10000 bytes=72892
psql:/root/theo-db/benchmarks/m168_stream_ab.sql:65: WARNING:  theodb_decode_batch_stream: rows=10000 bytes=105660
psql:/root/theo-db/benchmarks/m168_stream_ab.sql:65: WARNING:  theodb_decode_batch_stream: rows=10000 bytes=171196
psql:/root/theo-db/benchmarks/m168_stream_ab.sql:65: WARNING:  theodb_decode_batch_stream: rows=10000 bytes=171196
psql:/root/theo-db/benchmarks/m168_stream_ab.sql:65: WARNING:  theodb_decode_batch_stream: rows=10000 bytes=105660
psql:/root/theo-db/benchmarks/m168_stream_ab.sql:65: WARNING:  theodb_decode_batch_stream: rows=10000 bytes=105660
psql:/root/theo-db/benchmarks/m168_stream_ab.sql:65: WARNING:  theodb_decode_batch_stream: rows=10000 bytes=171196
psql:/root/theo-db/benchmarks/m168_stream_ab.sql:65: WARNING:  theodb_decode_batch_stream: rows=10000 bytes=72892
psql:/root/theo-db/benchmarks/m168_stream_ab.sql:65: WARNING:  theodb_decode_batch_stream: rows=10000 bytes=72892
psql:/root/theo-db/benchmarks/m168_stream_ab.sql:65: WARNING:  theodb_decode_batch_stream: rows=10000 bytes=302268
psql:/root/theo-db/benchmarks/m168_stream_ab.sql:65: WARNING:  theodb_decode_batch_stream: rows=10000 bytes=171196
psql:/root/theo-db/benchmarks/m168_stream_ab.sql:65: WARNING:  theodb_decode_batch_stream: rows=10000 bytes=72892
psql:/root/theo-db/benchmarks/m168_stream_ab.sql:65: WARNING:  theodb_decode_batch_stream: rows=10000 bytes=105660
psql:/root/theo-db/benchmarks/m168_stream_ab.sql:65: WARNING:  theodb_decode_batch_stream: rows=10000 bytes=105660
psql:/root/theo-db/benchmarks/m168_stream_ab.sql:65: WARNING:  theodb_decode_batch_stream: rows=10000 bytes=171196
psql:/root/theo-db/benchmarks/m168_stream_ab.sql:65: WARNING:  theodb_decode_batch_stream: rows=10000 bytes=105660
psql:/root/theo-db/benchmarks/m168_stream_ab.sql:65: WARNING:  theodb_decode_batch_stream: rows=10000 bytes=171196
psql:/root/theo-db/benchmarks/m168_stream_ab.sql:65: WARNING:  theodb_decode_batch_stream: rows=10000 bytes=105660
psql:/root/theo-db/benchmarks/m168_stream_ab.sql:65: WARNING:  theodb_decode_batch_stream: rows=10000 bytes=171196
psql:/root/theo-db/benchmarks/m168_stream_ab.sql:65: WARNING:  theodb_decode_batch_stream: rows=10000 bytes=171196
psql:/root/theo-db/benchmarks/m168_stream_ab.sql:65: WARNING:  theodb_decode_batch_stream: rows=10000 bytes=105660
psql:/root/theo-db/benchmarks/m168_stream_ab.sql:65: WARNING:  theodb_topk_pool: peak_reserved=1220138 reserved_at_end=0 pool_limit=201326592
psql:/root/theo-db/benchmarks/m168_stream_ab.sql:65: NOTICE:  ARM=eager pair=5 q=q26
psql:/root/theo-db/benchmarks/m168_stream_ab.sql:65: WARNING:  theodb_admit_decline: topk_entered_sort
psql:/root/theo-db/benchmarks/m168_stream_ab.sql:65: WARNING:  theodb_admit_decline: swap_topk_admitted
psql:/root/theo-db/benchmarks/m168_stream_ab.sql:65: WARNING:  theodb_admit_decline: topk_entered_sort
psql:/root/theo-db/benchmarks/m168_stream_ab.sql:65: WARNING:  theodb_admit_decline: topk_parent_not_limit
psql:/root/theo-db/benchmarks/m168_stream_ab.sql:65: WARNING:  theodb_decode_batch: rows=1000000 bytes=20388828 work_mem_bytes=67108864
psql:/root/theo-db/benchmarks/m168_stream_ab.sql:65: NOTICE:  ARM=stream pair=5 q=q26
psql:/root/theo-db/benchmarks/m168_stream_ab.sql:65: WARNING:  theodb_admit_decline: topk_entered_sort
psql:/root/theo-db/benchmarks/m168_stream_ab.sql:65: WARNING:  theodb_admit_decline: swap_topk_admitted
psql:/root/theo-db/benchmarks/m168_stream_ab.sql:65: WARNING:  theodb_admit_decline: topk_entered_sort
psql:/root/theo-db/benchmarks/m168_stream_ab.sql:65: WARNING:  theodb_admit_decline: topk_parent_not_limit
psql:/root/theo-db/benchmarks/m168_stream_ab.sql:65: WARNING:  theodb_decode_batch_stream: rows=10000 bytes=185756 probe=1
psql:/root/theo-db/benchmarks/m168_stream_ab.sql:65: WARNING:  theodb_decode_batch_stream: rows=10000 bytes=251292
psql:/root/theo-db/benchmarks/m168_stream_ab.sql:65: WARNING:  theodb_decode_batch_stream: rows=10000 bytes=382364
psql:/root/theo-db/benchmarks/m168_stream_ab.sql:65: WARNING:  theodb_decode_batch_stream: rows=10000 bytes=251292
psql:/root/theo-db/benchmarks/m168_stream_ab.sql:65: WARNING:  theodb_decode_batch_stream: rows=10000 bytes=251292
psql:/root/theo-db/benchmarks/m168_stream_ab.sql:65: WARNING:  theodb_decode_batch_stream: rows=10000 bytes=185756
psql:/root/theo-db/benchmarks/m168_stream_ab.sql:65: WARNING:  theodb_decode_batch_stream: rows=10000 bytes=185756
psql:/root/theo-db/benchmarks/m168_stream_ab.sql:65: WARNING:  theodb_decode_batch_stream: rows=10000 bytes=185756
psql:/root/theo-db/benchmarks/m168_stream_ab.sql:65: WARNING:  theodb_decode_batch_stream: rows=10000 bytes=185756
psql:/root/theo-db/benchmarks/m168_stream_ab.sql:65: WARNING:  theodb_decode_batch_stream: rows=10000 bytes=251292
psql:/root/theo-db/benchmarks/m168_stream_ab.sql:65: WARNING:  theodb_decode_batch_stream: rows=10000 bytes=185756
psql:/root/theo-db/benchmarks/m168_stream_ab.sql:65: WARNING:  theodb_decode_batch_stream: rows=10000 bytes=251292
psql:/root/theo-db/benchmarks/m168_stream_ab.sql:65: WARNING:  theodb_decode_batch_stream: rows=10000 bytes=152988
psql:/root/theo-db/benchmarks/m168_stream_ab.sql:65: WARNING:  theodb_decode_batch_stream: rows=10000 bytes=136604
psql:/root/theo-db/benchmarks/m168_stream_ab.sql:65: WARNING:  theodb_decode_batch_stream: rows=10000 bytes=185756
psql:/root/theo-db/benchmarks/m168_stream_ab.sql:65: WARNING:  theodb_decode_batch_stream: rows=10000 bytes=251292
psql:/root/theo-db/benchmarks/m168_stream_ab.sql:65: WARNING:  theodb_decode_batch_stream: rows=10000 bytes=152988
psql:/root/theo-db/benchmarks/m168_stream_ab.sql:65: WARNING:  theodb_decode_batch_stream: rows=10000 bytes=185756
psql:/root/theo-db/benchmarks/m168_stream_ab.sql:65: WARNING:  theodb_decode_batch_stream: rows=10000 bytes=251292
psql:/root/theo-db/benchmarks/m168_stream_ab.sql:65: WARNING:  theodb_decode_batch_stream: rows=10000 bytes=185756
psql:/root/theo-db/benchmarks/m168_stream_ab.sql:65: WARNING:  theodb_decode_batch_stream: rows=10000 bytes=185756
psql:/root/theo-db/benchmarks/m168_stream_ab.sql:65: WARNING:  theodb_decode_batch_stream: rows=10000 bytes=185756
psql:/root/theo-db/benchmarks/m168_stream_ab.sql:65: WARNING:  theodb_decode_batch_stream: rows=10000 bytes=152988
psql:/root/theo-db/benchmarks/m168_stream_ab.sql:65: WARNING:  theodb_decode_batch_stream: rows=10000 bytes=136604
psql:/root/theo-db/benchmarks/m168_stream_ab.sql:65: WARNING:  theodb_decode_batch_stream: rows=10000 bytes=136604
psql:/root/theo-db/benchmarks/m168_stream_ab.sql:65: WARNING:  theodb_decode_batch_stream: rows=10000 bytes=185756
psql:/root/theo-db/benchmarks/m168_stream_ab.sql:65: WARNING:  theodb_decode_batch_stream: rows=10000 bytes=382364
psql:/root/theo-db/benchmarks/m168_stream_ab.sql:65: WARNING:  theodb_decode_batch_stream: rows=10000 bytes=136604
psql:/root/theo-db/benchmarks/m168_stream_ab.sql:65: WARNING:  theodb_decode_batch_stream: rows=10000 bytes=136604
psql:/root/theo-db/benchmarks/m168_stream_ab.sql:65: WARNING:  theodb_decode_batch_stream: rows=10000 bytes=152988
psql:/root/theo-db/benchmarks/m168_stream_ab.sql:65: WARNING:  theodb_decode_batch_stream: rows=10000 bytes=185756
psql:/root/theo-db/benchmarks/m168_stream_ab.sql:65: WARNING:  theodb_decode_batch_stream: rows=10000 bytes=185756
psql:/root/theo-db/benchmarks/m168_stream_ab.sql:65: WARNING:  theodb_decode_batch_stream: rows=10000 bytes=152988
psql:/root/theo-db/benchmarks/m168_stream_ab.sql:65: WARNING:  theodb_decode_batch_stream: rows=10000 bytes=185756
psql:/root/theo-db/benchmarks/m168_stream_ab.sql:65: WARNING:  theodb_decode_batch_stream: rows=10000 bytes=185756
psql:/root/theo-db/benchmarks/m168_stream_ab.sql:65: WARNING:  theodb_decode_batch_stream: rows=10000 bytes=251292
psql:/root/theo-db/benchmarks/m168_stream_ab.sql:65: WARNING:  theodb_decode_batch_stream: rows=10000 bytes=251292
psql:/root/theo-db/benchmarks/m168_stream_ab.sql:65: WARNING:  theodb_decode_batch_stream: rows=10000 bytes=136604
psql:/root/theo-db/benchmarks/m168_stream_ab.sql:65: WARNING:  theodb_decode_batch_stream: rows=10000 bytes=251292
psql:/root/theo-db/benchmarks/m168_stream_ab.sql:65: WARNING:  theodb_decode_batch_stream: rows=10000 bytes=152988
psql:/root/theo-db/benchmarks/m168_stream_ab.sql:65: WARNING:  theodb_decode_batch_stream: rows=10000 bytes=152988
psql:/root/theo-db/benchmarks/m168_stream_ab.sql:65: WARNING:  theodb_decode_batch_stream: rows=10000 bytes=382364
psql:/root/theo-db/benchmarks/m168_stream_ab.sql:65: WARNING:  theodb_decode_batch_stream: rows=10000 bytes=644508
psql:/root/theo-db/benchmarks/m168_stream_ab.sql:65: WARNING:  theodb_decode_batch_stream: rows=10000 bytes=644508
psql:/root/theo-db/benchmarks/m168_stream_ab.sql:65: WARNING:  theodb_decode_batch_stream: rows=10000 bytes=644508
psql:/root/theo-db/benchmarks/m168_stream_ab.sql:65: WARNING:  theodb_decode_batch_stream: rows=10000 bytes=382364
psql:/root/theo-db/benchmarks/m168_stream_ab.sql:65: WARNING:  theodb_decode_batch_stream: rows=10000 bytes=251292
psql:/root/theo-db/benchmarks/m168_stream_ab.sql:65: WARNING:  theodb_decode_batch_stream: rows=10000 bytes=185756
psql:/root/theo-db/benchmarks/m168_stream_ab.sql:65: WARNING:  theodb_decode_batch_stream: rows=10000 bytes=128412
psql:/root/theo-db/benchmarks/m168_stream_ab.sql:65: WARNING:  theodb_decode_batch_stream: rows=10000 bytes=185756
psql:/root/theo-db/benchmarks/m168_stream_ab.sql:65: WARNING:  theodb_decode_batch_stream: rows=10000 bytes=152988
psql:/root/theo-db/benchmarks/m168_stream_ab.sql:65: WARNING:  theodb_decode_batch_stream: rows=10000 bytes=185756
psql:/root/theo-db/benchmarks/m168_stream_ab.sql:65: WARNING:  theodb_decode_batch_stream: rows=10000 bytes=185756
psql:/root/theo-db/benchmarks/m168_stream_ab.sql:65: WARNING:  theodb_decode_batch_stream: rows=10000 bytes=251292
psql:/root/theo-db/benchmarks/m168_stream_ab.sql:65: WARNING:  theodb_decode_batch_stream: rows=10000 bytes=251292
psql:/root/theo-db/benchmarks/m168_stream_ab.sql:65: WARNING:  theodb_decode_batch_stream: rows=10000 bytes=152988
psql:/root/theo-db/benchmarks/m168_stream_ab.sql:65: WARNING:  theodb_decode_batch_stream: rows=10000 bytes=251292
psql:/root/theo-db/benchmarks/m168_stream_ab.sql:65: WARNING:  theodb_decode_batch_stream: rows=10000 bytes=185756
psql:/root/theo-db/benchmarks/m168_stream_ab.sql:65: WARNING:  theodb_decode_batch_stream: rows=10000 bytes=382364
psql:/root/theo-db/benchmarks/m168_stream_ab.sql:65: WARNING:  theodb_decode_batch_stream: rows=10000 bytes=251292
psql:/root/theo-db/benchmarks/m168_stream_ab.sql:65: WARNING:  theodb_decode_batch_stream: rows=10000 bytes=185756
psql:/root/theo-db/benchmarks/m168_stream_ab.sql:65: WARNING:  theodb_decode_batch_stream: rows=10000 bytes=251292
psql:/root/theo-db/benchmarks/m168_stream_ab.sql:65: WARNING:  theodb_decode_batch_stream: rows=10000 bytes=185756
psql:/root/theo-db/benchmarks/m168_stream_ab.sql:65: WARNING:  theodb_decode_batch_stream: rows=10000 bytes=251292
psql:/root/theo-db/benchmarks/m168_stream_ab.sql:65: WARNING:  theodb_decode_batch_stream: rows=10000 bytes=152988
psql:/root/theo-db/benchmarks/m168_stream_ab.sql:65: WARNING:  theodb_decode_batch_stream: rows=10000 bytes=152988
psql:/root/theo-db/benchmarks/m168_stream_ab.sql:65: WARNING:  theodb_decode_batch_stream: rows=10000 bytes=382364
psql:/root/theo-db/benchmarks/m168_stream_ab.sql:65: WARNING:  theodb_decode_batch_stream: rows=10000 bytes=185756
psql:/root/theo-db/benchmarks/m168_stream_ab.sql:65: WARNING:  theodb_decode_batch_stream: rows=10000 bytes=185756
psql:/root/theo-db/benchmarks/m168_stream_ab.sql:65: WARNING:  theodb_decode_batch_stream: rows=10000 bytes=185756
psql:/root/theo-db/benchmarks/m168_stream_ab.sql:65: WARNING:  theodb_decode_batch_stream: rows=10000 bytes=382364
psql:/root/theo-db/benchmarks/m168_stream_ab.sql:65: WARNING:  theodb_decode_batch_stream: rows=10000 bytes=251292
psql:/root/theo-db/benchmarks/m168_stream_ab.sql:65: WARNING:  theodb_decode_batch_stream: rows=10000 bytes=185756
psql:/root/theo-db/benchmarks/m168_stream_ab.sql:65: WARNING:  theodb_decode_batch_stream: rows=10000 bytes=185756
psql:/root/theo-db/benchmarks/m168_stream_ab.sql:65: WARNING:  theodb_decode_batch_stream: rows=10000 bytes=251292
psql:/root/theo-db/benchmarks/m168_stream_ab.sql:65: WARNING:  theodb_decode_batch_stream: rows=10000 bytes=185756
psql:/root/theo-db/benchmarks/m168_stream_ab.sql:65: WARNING:  theodb_decode_batch_stream: rows=10000 bytes=136604
psql:/root/theo-db/benchmarks/m168_stream_ab.sql:65: WARNING:  theodb_decode_batch_stream: rows=10000 bytes=251292
psql:/root/theo-db/benchmarks/m168_stream_ab.sql:65: WARNING:  theodb_decode_batch_stream: rows=10000 bytes=382364
psql:/root/theo-db/benchmarks/m168_stream_ab.sql:65: WARNING:  theodb_decode_batch_stream: rows=10000 bytes=152988
psql:/root/theo-db/benchmarks/m168_stream_ab.sql:65: WARNING:  theodb_decode_batch_stream: rows=10000 bytes=185756
psql:/root/theo-db/benchmarks/m168_stream_ab.sql:65: WARNING:  theodb_decode_batch_stream: rows=10000 bytes=251292
psql:/root/theo-db/benchmarks/m168_stream_ab.sql:65: WARNING:  theodb_decode_batch_stream: rows=10000 bytes=251292
psql:/root/theo-db/benchmarks/m168_stream_ab.sql:65: WARNING:  theodb_decode_batch_stream: rows=10000 bytes=185756
psql:/root/theo-db/benchmarks/m168_stream_ab.sql:65: WARNING:  theodb_decode_batch_stream: rows=10000 bytes=185756
psql:/root/theo-db/benchmarks/m168_stream_ab.sql:65: WARNING:  theodb_decode_batch_stream: rows=10000 bytes=251292
psql:/root/theo-db/benchmarks/m168_stream_ab.sql:65: WARNING:  theodb_decode_batch_stream: rows=10000 bytes=152988
psql:/root/theo-db/benchmarks/m168_stream_ab.sql:65: WARNING:  theodb_decode_batch_stream: rows=10000 bytes=152988
psql:/root/theo-db/benchmarks/m168_stream_ab.sql:65: WARNING:  theodb_decode_batch_stream: rows=10000 bytes=382364
psql:/root/theo-db/benchmarks/m168_stream_ab.sql:65: WARNING:  theodb_decode_batch_stream: rows=10000 bytes=251292
psql:/root/theo-db/benchmarks/m168_stream_ab.sql:65: WARNING:  theodb_decode_batch_stream: rows=10000 bytes=152988
psql:/root/theo-db/benchmarks/m168_stream_ab.sql:65: WARNING:  theodb_decode_batch_stream: rows=10000 bytes=185756
psql:/root/theo-db/benchmarks/m168_stream_ab.sql:65: WARNING:  theodb_decode_batch_stream: rows=10000 bytes=185756
psql:/root/theo-db/benchmarks/m168_stream_ab.sql:65: WARNING:  theodb_decode_batch_stream: rows=10000 bytes=251292
psql:/root/theo-db/benchmarks/m168_stream_ab.sql:65: WARNING:  theodb_decode_batch_stream: rows=10000 bytes=185756
psql:/root/theo-db/benchmarks/m168_stream_ab.sql:65: WARNING:  theodb_decode_batch_stream: rows=10000 bytes=251292
psql:/root/theo-db/benchmarks/m168_stream_ab.sql:65: WARNING:  theodb_decode_batch_stream: rows=10000 bytes=185756
psql:/root/theo-db/benchmarks/m168_stream_ab.sql:65: WARNING:  theodb_decode_batch_stream: rows=10000 bytes=251292
psql:/root/theo-db/benchmarks/m168_stream_ab.sql:65: WARNING:  theodb_decode_batch_stream: rows=10000 bytes=251292
psql:/root/theo-db/benchmarks/m168_stream_ab.sql:65: WARNING:  theodb_decode_batch_stream: rows=10000 bytes=185756
psql:/root/theo-db/benchmarks/m168_stream_ab.sql:65: WARNING:  theodb_topk_pool: peak_reserved=1372880 reserved_at_end=0 pool_limit=201326592
psql:/root/theo-db/benchmarks/m168_stream_ab.sql:65: NOTICE:  ARM=stream pair=6 q=q23
psql:/root/theo-db/benchmarks/m168_stream_ab.sql:65: WARNING:  theodb_admit_decline: topk_entered_sort
psql:/root/theo-db/benchmarks/m168_stream_ab.sql:65: WARNING:  theodb_admit_decline: swap_topk_admitted
psql:/root/theo-db/benchmarks/m168_stream_ab.sql:65: WARNING:  theodb_admit_decline: topk_entered_sort
psql:/root/theo-db/benchmarks/m168_stream_ab.sql:65: WARNING:  theodb_admit_decline: topk_parent_not_limit
psql:/root/theo-db/benchmarks/m168_stream_ab.sql:65: WARNING:  theodb_decode_batch_stream: rows=10000 bytes=8953072 probe=1
psql:/root/theo-db/benchmarks/m168_stream_ab.sql:65: WARNING:  theodb_decode_batch_stream: rows=10000 bytes=8331504
psql:/root/theo-db/benchmarks/m168_stream_ab.sql:65: WARNING:  theodb_decode_batch_stream: rows=10000 bytes=8606960
psql:/root/theo-db/benchmarks/m168_stream_ab.sql:65: WARNING:  theodb_decode_batch_stream: rows=10000 bytes=9520368
psql:/root/theo-db/benchmarks/m168_stream_ab.sql:65: WARNING:  theodb_decode_batch_stream: rows=10000 bytes=8605936
psql:/root/theo-db/benchmarks/m168_stream_ab.sql:65: WARNING:  theodb_decode_batch_stream: rows=10000 bytes=7796976
psql:/root/theo-db/benchmarks/m168_stream_ab.sql:65: WARNING:  theodb_decode_batch_stream: rows=10000 bytes=7798000
psql:/root/theo-db/benchmarks/m168_stream_ab.sql:65: WARNING:  theodb_decode_batch_stream: rows=10000 bytes=7540976
psql:/root/theo-db/benchmarks/m168_stream_ab.sql:65: WARNING:  theodb_decode_batch_stream: rows=10000 bytes=7803120
psql:/root/theo-db/benchmarks/m168_stream_ab.sql:65: WARNING:  theodb_decode_batch_stream: rows=10000 bytes=7595248
psql:/root/theo-db/benchmarks/m168_stream_ab.sql:65: WARNING:  theodb_decode_batch_stream: rows=10000 bytes=7365872
psql:/root/theo-db/benchmarks/m168_stream_ab.sql:65: WARNING:  theodb_decode_batch_stream: rows=10000 bytes=8596720
psql:/root/theo-db/benchmarks/m168_stream_ab.sql:65: WARNING:  theodb_decode_batch_stream: rows=10000 bytes=8703216
psql:/root/theo-db/benchmarks/m168_stream_ab.sql:65: WARNING:  theodb_decode_batch_stream: rows=10000 bytes=8504560
psql:/root/theo-db/benchmarks/m168_stream_ab.sql:65: WARNING:  theodb_decode_batch_stream: rows=10000 bytes=8534256
psql:/root/theo-db/benchmarks/m168_stream_ab.sql:65: WARNING:  theodb_decode_batch_stream: rows=10000 bytes=7548144
psql:/root/theo-db/benchmarks/m168_stream_ab.sql:65: WARNING:  theodb_decode_batch_stream: rows=10000 bytes=7292144
psql:/root/theo-db/benchmarks/m168_stream_ab.sql:65: WARNING:  theodb_decode_batch_stream: rows=10000 bytes=7386352
psql:/root/theo-db/benchmarks/m168_stream_ab.sql:65: WARNING:  theodb_decode_batch_stream: rows=10000 bytes=8725744
psql:/root/theo-db/benchmarks/m168_stream_ab.sql:65: WARNING:  theodb_decode_batch_stream: rows=10000 bytes=7266544
psql:/root/theo-db/benchmarks/m168_stream_ab.sql:65: WARNING:  theodb_decode_batch_stream: rows=10000 bytes=6332656
psql:/root/theo-db/benchmarks/m168_stream_ab.sql:65: WARNING:  theodb_decode_batch_stream: rows=10000 bytes=6346992
psql:/root/theo-db/benchmarks/m168_stream_ab.sql:65: WARNING:  theodb_decode_batch_stream: rows=10000 bytes=6428912
psql:/root/theo-db/benchmarks/m168_stream_ab.sql:65: WARNING:  theodb_decode_batch_stream: rows=10000 bytes=6150384
psql:/root/theo-db/benchmarks/m168_stream_ab.sql:65: WARNING:  theodb_decode_batch_stream: rows=10000 bytes=6151408
psql:/root/theo-db/benchmarks/m168_stream_ab.sql:65: WARNING:  theodb_decode_batch_stream: rows=10000 bytes=6724848
psql:/root/theo-db/benchmarks/m168_stream_ab.sql:65: WARNING:  theodb_decode_batch_stream: rows=10000 bytes=7812336
psql:/root/theo-db/benchmarks/m168_stream_ab.sql:65: WARNING:  theodb_decode_batch_stream: rows=10000 bytes=11492592
psql:/root/theo-db/benchmarks/m168_stream_ab.sql:65: WARNING:  theodb_decode_batch_stream: rows=10000 bytes=11503920
psql:/root/theo-db/benchmarks/m168_stream_ab.sql:65: WARNING:  theodb_decode_batch_stream: rows=10000 bytes=9479408
psql:/root/theo-db/benchmarks/m168_stream_ab.sql:65: WARNING:  theodb_decode_batch_stream: rows=10000 bytes=8464624
psql:/root/theo-db/benchmarks/m168_stream_ab.sql:65: WARNING:  theodb_decode_batch_stream: rows=10000 bytes=7480560
psql:/root/theo-db/benchmarks/m168_stream_ab.sql:65: WARNING:  theodb_decode_batch_stream: rows=10000 bytes=6268144
psql:/root/theo-db/benchmarks/m168_stream_ab.sql:65: WARNING:  theodb_decode_batch_stream: rows=10000 bytes=7451888
psql:/root/theo-db/benchmarks/m168_stream_ab.sql:65: WARNING:  theodb_decode_batch_stream: rows=10000 bytes=7256304
psql:/root/theo-db/benchmarks/m168_stream_ab.sql:65: WARNING:  theodb_decode_batch_stream: rows=10000 bytes=7546096
psql:/root/theo-db/benchmarks/m168_stream_ab.sql:65: WARNING:  theodb_decode_batch_stream: rows=10000 bytes=8398064
psql:/root/theo-db/benchmarks/m168_stream_ab.sql:65: WARNING:  theodb_decode_batch_stream: rows=10000 bytes=6126832
psql:/root/theo-db/benchmarks/m168_stream_ab.sql:65: WARNING:  theodb_decode_batch_stream: rows=10000 bytes=8534256
psql:/root/theo-db/benchmarks/m168_stream_ab.sql:65: WARNING:  theodb_decode_batch_stream: rows=10000 bytes=7583984
psql:/root/theo-db/benchmarks/m168_stream_ab.sql:65: WARNING:  theodb_decode_batch_stream: rows=10000 bytes=6822128
psql:/root/theo-db/benchmarks/m168_stream_ab.sql:65: WARNING:  theodb_decode_batch_stream: rows=10000 bytes=9510128
psql:/root/theo-db/benchmarks/m168_stream_ab.sql:65: WARNING:  theodb_decode_batch_stream: rows=10000 bytes=10853616
psql:/root/theo-db/benchmarks/m168_stream_ab.sql:65: WARNING:  theodb_decode_batch_stream: rows=10000 bytes=10853616
psql:/root/theo-db/benchmarks/m168_stream_ab.sql:65: WARNING:  theodb_decode_batch_stream: rows=10000 bytes=10820848
psql:/root/theo-db/benchmarks/m168_stream_ab.sql:65: WARNING:  theodb_decode_batch_stream: rows=10000 bytes=9515248
psql:/root/theo-db/benchmarks/m168_stream_ab.sql:65: WARNING:  theodb_decode_batch_stream: rows=10000 bytes=7553264
psql:/root/theo-db/benchmarks/m168_stream_ab.sql:65: WARNING:  theodb_decode_batch_stream: rows=10000 bytes=7315696
psql:/root/theo-db/benchmarks/m168_stream_ab.sql:65: WARNING:  theodb_decode_batch_stream: rows=10000 bytes=6469872
psql:/root/theo-db/benchmarks/m168_stream_ab.sql:65: WARNING:  theodb_decode_batch_stream: rows=10000 bytes=6789360
psql:/root/theo-db/benchmarks/m168_stream_ab.sql:65: WARNING:  theodb_decode_batch_stream: rows=10000 bytes=6169840
psql:/root/theo-db/benchmarks/m168_stream_ab.sql:65: WARNING:  theodb_decode_batch_stream: rows=10000 bytes=18754800
psql:/root/theo-db/benchmarks/m168_stream_ab.sql:65: WARNING:  theodb_decode_batch_stream: rows=10000 bytes=14563568
psql:/root/theo-db/benchmarks/m168_stream_ab.sql:65: WARNING:  theodb_decode_batch_stream: rows=10000 bytes=7447792
psql:/root/theo-db/benchmarks/m168_stream_ab.sql:65: WARNING:  theodb_decode_batch_stream: rows=10000 bytes=7939312
psql:/root/theo-db/benchmarks/m168_stream_ab.sql:65: WARNING:  theodb_decode_batch_stream: rows=10000 bytes=14135536
psql:/root/theo-db/benchmarks/m168_stream_ab.sql:65: WARNING:  theodb_decode_batch_stream: rows=10000 bytes=9512176
psql:/root/theo-db/benchmarks/m168_stream_ab.sql:65: WARNING:  theodb_decode_batch_stream: rows=10000 bytes=10526960
psql:/root/theo-db/benchmarks/m168_stream_ab.sql:65: WARNING:  theodb_decode_batch_stream: rows=10000 bytes=8865008
psql:/root/theo-db/benchmarks/m168_stream_ab.sql:65: WARNING:  theodb_decode_batch_stream: rows=10000 bytes=7552240
psql:/root/theo-db/benchmarks/m168_stream_ab.sql:65: WARNING:  theodb_decode_batch_stream: rows=10000 bytes=8505584
psql:/root/theo-db/benchmarks/m168_stream_ab.sql:65: WARNING:  theodb_decode_batch_stream: rows=10000 bytes=8483056
psql:/root/theo-db/benchmarks/m168_stream_ab.sql:65: WARNING:  theodb_decode_batch_stream: rows=10000 bytes=7257328
psql:/root/theo-db/benchmarks/m168_stream_ab.sql:65: WARNING:  theodb_decode_batch_stream: rows=10000 bytes=8463600
psql:/root/theo-db/benchmarks/m168_stream_ab.sql:65: WARNING:  theodb_decode_batch_stream: rows=10000 bytes=7257328
psql:/root/theo-db/benchmarks/m168_stream_ab.sql:65: WARNING:  theodb_decode_batch_stream: rows=10000 bytes=7316720
psql:/root/theo-db/benchmarks/m168_stream_ab.sql:65: WARNING:  theodb_decode_batch_stream: rows=10000 bytes=9510128
psql:/root/theo-db/benchmarks/m168_stream_ab.sql:65: WARNING:  theodb_decode_batch_stream: rows=10000 bytes=7281904
psql:/root/theo-db/benchmarks/m168_stream_ab.sql:65: WARNING:  theodb_decode_batch_stream: rows=10000 bytes=14163184
psql:/root/theo-db/benchmarks/m168_stream_ab.sql:65: WARNING:  theodb_decode_batch_stream: rows=10000 bytes=9446640
psql:/root/theo-db/benchmarks/m168_stream_ab.sql:65: WARNING:  theodb_decode_batch_stream: rows=10000 bytes=7681264
psql:/root/theo-db/benchmarks/m168_stream_ab.sql:65: WARNING:  theodb_decode_batch_stream: rows=10000 bytes=7421168
psql:/root/theo-db/benchmarks/m168_stream_ab.sql:65: WARNING:  theodb_decode_batch_stream: rows=10000 bytes=8550640
psql:/root/theo-db/benchmarks/m168_stream_ab.sql:65: WARNING:  theodb_decode_batch_stream: rows=10000 bytes=6971632
psql:/root/theo-db/benchmarks/m168_stream_ab.sql:65: WARNING:  theodb_decode_batch_stream: rows=10000 bytes=7816432
psql:/root/theo-db/benchmarks/m168_stream_ab.sql:65: WARNING:  theodb_decode_batch_stream: rows=10000 bytes=9381104
psql:/root/theo-db/benchmarks/m168_stream_ab.sql:65: WARNING:  theodb_decode_batch_stream: rows=10000 bytes=7185648
psql:/root/theo-db/benchmarks/m168_stream_ab.sql:65: WARNING:  theodb_decode_batch_stream: rows=10000 bytes=8367344
psql:/root/theo-db/benchmarks/m168_stream_ab.sql:65: WARNING:  theodb_decode_batch_stream: rows=10000 bytes=9510128
psql:/root/theo-db/benchmarks/m168_stream_ab.sql:65: WARNING:  theodb_decode_batch_stream: rows=10000 bytes=14556400
psql:/root/theo-db/benchmarks/m168_stream_ab.sql:65: WARNING:  theodb_decode_batch_stream: rows=10000 bytes=10497264
psql:/root/theo-db/benchmarks/m168_stream_ab.sql:65: WARNING:  theodb_decode_batch_stream: rows=10000 bytes=7414000
psql:/root/theo-db/benchmarks/m168_stream_ab.sql:65: WARNING:  theodb_decode_batch_stream: rows=10000 bytes=7557360
psql:/root/theo-db/benchmarks/m168_stream_ab.sql:65: WARNING:  theodb_decode_batch_stream: rows=10000 bytes=8589552
psql:/root/theo-db/benchmarks/m168_stream_ab.sql:65: WARNING:  theodb_decode_batch_stream: rows=10000 bytes=7594224
psql:/root/theo-db/benchmarks/m168_stream_ab.sql:65: WARNING:  theodb_decode_batch_stream: rows=10000 bytes=7321840
psql:/root/theo-db/benchmarks/m168_stream_ab.sql:65: WARNING:  theodb_decode_batch_stream: rows=10000 bytes=8268016
psql:/root/theo-db/benchmarks/m168_stream_ab.sql:65: WARNING:  theodb_decode_batch_stream: rows=10000 bytes=7233776
psql:/root/theo-db/benchmarks/m168_stream_ab.sql:65: WARNING:  theodb_decode_batch_stream: rows=10000 bytes=9526512
psql:/root/theo-db/benchmarks/m168_stream_ab.sql:65: WARNING:  theodb_decode_batch_stream: rows=10000 bytes=8331504
psql:/root/theo-db/benchmarks/m168_stream_ab.sql:65: WARNING:  theodb_decode_batch_stream: rows=10000 bytes=15144176
psql:/root/theo-db/benchmarks/m168_stream_ab.sql:65: WARNING:  theodb_decode_batch_stream: rows=10000 bytes=9318640
psql:/root/theo-db/benchmarks/m168_stream_ab.sql:65: WARNING:  theodb_decode_batch_stream: rows=10000 bytes=7492848
psql:/root/theo-db/benchmarks/m168_stream_ab.sql:65: WARNING:  theodb_decode_batch_stream: rows=10000 bytes=10439920
psql:/root/theo-db/benchmarks/m168_stream_ab.sql:65: WARNING:  theodb_decode_batch_stream: rows=10000 bytes=8547568
psql:/root/theo-db/benchmarks/m168_stream_ab.sql:65: WARNING:  theodb_decode_batch_stream: rows=10000 bytes=10438896
psql:/root/theo-db/benchmarks/m168_stream_ab.sql:65: WARNING:  theodb_decode_batch_stream: rows=10000 bytes=8543472
psql:/root/theo-db/benchmarks/m168_stream_ab.sql:65: WARNING:  theodb_decode_batch_stream: rows=10000 bytes=9392368
psql:/root/theo-db/benchmarks/m168_stream_ab.sql:65: WARNING:  theodb_decode_batch_stream: rows=10000 bytes=8859888
psql:/root/theo-db/benchmarks/m168_stream_ab.sql:65: WARNING:  theodb_decode_batch_stream: rows=10000 bytes=7756016
psql:/root/theo-db/benchmarks/m168_stream_ab.sql:65: WARNING:  theodb_topk_pool: peak_reserved=2411803 reserved_at_end=0 pool_limit=201326592
psql:/root/theo-db/benchmarks/m168_stream_ab.sql:65: NOTICE:  ARM=eager pair=6 q=q23
psql:/root/theo-db/benchmarks/m168_stream_ab.sql:65: WARNING:  theodb_admit_decline: topk_entered_sort
psql:/root/theo-db/benchmarks/m168_stream_ab.sql:65: WARNING:  theodb_admit_decline: swap_topk_admitted
psql:/root/theo-db/benchmarks/m168_stream_ab.sql:65: WARNING:  theodb_admit_decline: topk_entered_sort
psql:/root/theo-db/benchmarks/m168_stream_ab.sql:65: WARNING:  theodb_admit_decline: topk_parent_not_limit
psql:/root/theo-db/benchmarks/m168_stream_ab.sql:65: WARNING:  theodb_decode_batch: rows=1000000 bytes=809738352 work_mem_bytes=67108864
psql:/root/theo-db/benchmarks/m168_stream_ab.sql:65: NOTICE:  ARM=stream pair=6 q=q24
psql:/root/theo-db/benchmarks/m168_stream_ab.sql:65: WARNING:  theodb_admit_decline: topk_entered_sort
psql:/root/theo-db/benchmarks/m168_stream_ab.sql:65: WARNING:  theodb_admit_decline: swap_topk_admitted
psql:/root/theo-db/benchmarks/m168_stream_ab.sql:65: WARNING:  theodb_admit_decline: topk_entered_sort
psql:/root/theo-db/benchmarks/m168_stream_ab.sql:65: WARNING:  theodb_admit_decline: topk_parent_not_limit
psql:/root/theo-db/benchmarks/m168_stream_ab.sql:65: WARNING:  theodb_decode_batch_stream: rows=10000 bytes=185756 probe=1
psql:/root/theo-db/benchmarks/m168_stream_ab.sql:65: WARNING:  theodb_decode_batch_stream: rows=10000 bytes=251292
psql:/root/theo-db/benchmarks/m168_stream_ab.sql:65: WARNING:  theodb_decode_batch_stream: rows=10000 bytes=382364
psql:/root/theo-db/benchmarks/m168_stream_ab.sql:65: WARNING:  theodb_decode_batch_stream: rows=10000 bytes=251292
psql:/root/theo-db/benchmarks/m168_stream_ab.sql:65: WARNING:  theodb_decode_batch_stream: rows=10000 bytes=251292
psql:/root/theo-db/benchmarks/m168_stream_ab.sql:65: WARNING:  theodb_decode_batch_stream: rows=10000 bytes=185756
psql:/root/theo-db/benchmarks/m168_stream_ab.sql:65: WARNING:  theodb_decode_batch_stream: rows=10000 bytes=185756
psql:/root/theo-db/benchmarks/m168_stream_ab.sql:65: WARNING:  theodb_decode_batch_stream: rows=10000 bytes=185756
psql:/root/theo-db/benchmarks/m168_stream_ab.sql:65: WARNING:  theodb_decode_batch_stream: rows=10000 bytes=185756
psql:/root/theo-db/benchmarks/m168_stream_ab.sql:65: WARNING:  theodb_decode_batch_stream: rows=10000 bytes=251292
psql:/root/theo-db/benchmarks/m168_stream_ab.sql:65: WARNING:  theodb_decode_batch_stream: rows=10000 bytes=185756
psql:/root/theo-db/benchmarks/m168_stream_ab.sql:65: WARNING:  theodb_decode_batch_stream: rows=10000 bytes=251292
psql:/root/theo-db/benchmarks/m168_stream_ab.sql:65: WARNING:  theodb_decode_batch_stream: rows=10000 bytes=152988
psql:/root/theo-db/benchmarks/m168_stream_ab.sql:65: WARNING:  theodb_decode_batch_stream: rows=10000 bytes=136604
psql:/root/theo-db/benchmarks/m168_stream_ab.sql:65: WARNING:  theodb_decode_batch_stream: rows=10000 bytes=185756
psql:/root/theo-db/benchmarks/m168_stream_ab.sql:65: WARNING:  theodb_decode_batch_stream: rows=10000 bytes=251292
psql:/root/theo-db/benchmarks/m168_stream_ab.sql:65: WARNING:  theodb_decode_batch_stream: rows=10000 bytes=152988
psql:/root/theo-db/benchmarks/m168_stream_ab.sql:65: WARNING:  theodb_decode_batch_stream: rows=10000 bytes=185756
psql:/root/theo-db/benchmarks/m168_stream_ab.sql:65: WARNING:  theodb_decode_batch_stream: rows=10000 bytes=251292
psql:/root/theo-db/benchmarks/m168_stream_ab.sql:65: WARNING:  theodb_decode_batch_stream: rows=10000 bytes=185756
psql:/root/theo-db/benchmarks/m168_stream_ab.sql:65: WARNING:  theodb_decode_batch_stream: rows=10000 bytes=185756
psql:/root/theo-db/benchmarks/m168_stream_ab.sql:65: WARNING:  theodb_decode_batch_stream: rows=10000 bytes=185756
psql:/root/theo-db/benchmarks/m168_stream_ab.sql:65: WARNING:  theodb_decode_batch_stream: rows=10000 bytes=152988
psql:/root/theo-db/benchmarks/m168_stream_ab.sql:65: WARNING:  theodb_decode_batch_stream: rows=10000 bytes=136604
psql:/root/theo-db/benchmarks/m168_stream_ab.sql:65: WARNING:  theodb_decode_batch_stream: rows=10000 bytes=136604
psql:/root/theo-db/benchmarks/m168_stream_ab.sql:65: WARNING:  theodb_decode_batch_stream: rows=10000 bytes=185756
psql:/root/theo-db/benchmarks/m168_stream_ab.sql:65: WARNING:  theodb_decode_batch_stream: rows=10000 bytes=382364
psql:/root/theo-db/benchmarks/m168_stream_ab.sql:65: WARNING:  theodb_decode_batch_stream: rows=10000 bytes=136604
psql:/root/theo-db/benchmarks/m168_stream_ab.sql:65: WARNING:  theodb_decode_batch_stream: rows=10000 bytes=136604
psql:/root/theo-db/benchmarks/m168_stream_ab.sql:65: WARNING:  theodb_decode_batch_stream: rows=10000 bytes=152988
psql:/root/theo-db/benchmarks/m168_stream_ab.sql:65: WARNING:  theodb_decode_batch_stream: rows=10000 bytes=185756
psql:/root/theo-db/benchmarks/m168_stream_ab.sql:65: WARNING:  theodb_decode_batch_stream: rows=10000 bytes=185756
psql:/root/theo-db/benchmarks/m168_stream_ab.sql:65: WARNING:  theodb_decode_batch_stream: rows=10000 bytes=152988
psql:/root/theo-db/benchmarks/m168_stream_ab.sql:65: WARNING:  theodb_decode_batch_stream: rows=10000 bytes=185756
psql:/root/theo-db/benchmarks/m168_stream_ab.sql:65: WARNING:  theodb_decode_batch_stream: rows=10000 bytes=185756
psql:/root/theo-db/benchmarks/m168_stream_ab.sql:65: WARNING:  theodb_decode_batch_stream: rows=10000 bytes=251292
psql:/root/theo-db/benchmarks/m168_stream_ab.sql:65: WARNING:  theodb_decode_batch_stream: rows=10000 bytes=251292
psql:/root/theo-db/benchmarks/m168_stream_ab.sql:65: WARNING:  theodb_decode_batch_stream: rows=10000 bytes=136604
psql:/root/theo-db/benchmarks/m168_stream_ab.sql:65: WARNING:  theodb_decode_batch_stream: rows=10000 bytes=251292
psql:/root/theo-db/benchmarks/m168_stream_ab.sql:65: WARNING:  theodb_decode_batch_stream: rows=10000 bytes=152988
psql:/root/theo-db/benchmarks/m168_stream_ab.sql:65: WARNING:  theodb_decode_batch_stream: rows=10000 bytes=152988
psql:/root/theo-db/benchmarks/m168_stream_ab.sql:65: WARNING:  theodb_decode_batch_stream: rows=10000 bytes=382364
psql:/root/theo-db/benchmarks/m168_stream_ab.sql:65: WARNING:  theodb_decode_batch_stream: rows=10000 bytes=644508
psql:/root/theo-db/benchmarks/m168_stream_ab.sql:65: WARNING:  theodb_decode_batch_stream: rows=10000 bytes=644508
psql:/root/theo-db/benchmarks/m168_stream_ab.sql:65: WARNING:  theodb_decode_batch_stream: rows=10000 bytes=644508
psql:/root/theo-db/benchmarks/m168_stream_ab.sql:65: WARNING:  theodb_decode_batch_stream: rows=10000 bytes=382364
psql:/root/theo-db/benchmarks/m168_stream_ab.sql:65: WARNING:  theodb_decode_batch_stream: rows=10000 bytes=251292
psql:/root/theo-db/benchmarks/m168_stream_ab.sql:65: WARNING:  theodb_decode_batch_stream: rows=10000 bytes=185756
psql:/root/theo-db/benchmarks/m168_stream_ab.sql:65: WARNING:  theodb_decode_batch_stream: rows=10000 bytes=128412
psql:/root/theo-db/benchmarks/m168_stream_ab.sql:65: WARNING:  theodb_decode_batch_stream: rows=10000 bytes=185756
psql:/root/theo-db/benchmarks/m168_stream_ab.sql:65: WARNING:  theodb_decode_batch_stream: rows=10000 bytes=152988
psql:/root/theo-db/benchmarks/m168_stream_ab.sql:65: WARNING:  theodb_decode_batch_stream: rows=10000 bytes=185756
psql:/root/theo-db/benchmarks/m168_stream_ab.sql:65: WARNING:  theodb_decode_batch_stream: rows=10000 bytes=185756
psql:/root/theo-db/benchmarks/m168_stream_ab.sql:65: WARNING:  theodb_decode_batch_stream: rows=10000 bytes=251292
psql:/root/theo-db/benchmarks/m168_stream_ab.sql:65: WARNING:  theodb_decode_batch_stream: rows=10000 bytes=251292
psql:/root/theo-db/benchmarks/m168_stream_ab.sql:65: WARNING:  theodb_decode_batch_stream: rows=10000 bytes=152988
psql:/root/theo-db/benchmarks/m168_stream_ab.sql:65: WARNING:  theodb_decode_batch_stream: rows=10000 bytes=251292
psql:/root/theo-db/benchmarks/m168_stream_ab.sql:65: WARNING:  theodb_decode_batch_stream: rows=10000 bytes=185756
psql:/root/theo-db/benchmarks/m168_stream_ab.sql:65: WARNING:  theodb_decode_batch_stream: rows=10000 bytes=382364
psql:/root/theo-db/benchmarks/m168_stream_ab.sql:65: WARNING:  theodb_decode_batch_stream: rows=10000 bytes=251292
psql:/root/theo-db/benchmarks/m168_stream_ab.sql:65: WARNING:  theodb_decode_batch_stream: rows=10000 bytes=185756
psql:/root/theo-db/benchmarks/m168_stream_ab.sql:65: WARNING:  theodb_decode_batch_stream: rows=10000 bytes=251292
psql:/root/theo-db/benchmarks/m168_stream_ab.sql:65: WARNING:  theodb_decode_batch_stream: rows=10000 bytes=185756
psql:/root/theo-db/benchmarks/m168_stream_ab.sql:65: WARNING:  theodb_decode_batch_stream: rows=10000 bytes=251292
psql:/root/theo-db/benchmarks/m168_stream_ab.sql:65: WARNING:  theodb_decode_batch_stream: rows=10000 bytes=152988
psql:/root/theo-db/benchmarks/m168_stream_ab.sql:65: WARNING:  theodb_decode_batch_stream: rows=10000 bytes=152988
psql:/root/theo-db/benchmarks/m168_stream_ab.sql:65: WARNING:  theodb_decode_batch_stream: rows=10000 bytes=382364
psql:/root/theo-db/benchmarks/m168_stream_ab.sql:65: WARNING:  theodb_decode_batch_stream: rows=10000 bytes=185756
psql:/root/theo-db/benchmarks/m168_stream_ab.sql:65: WARNING:  theodb_decode_batch_stream: rows=10000 bytes=185756
psql:/root/theo-db/benchmarks/m168_stream_ab.sql:65: WARNING:  theodb_decode_batch_stream: rows=10000 bytes=185756
psql:/root/theo-db/benchmarks/m168_stream_ab.sql:65: WARNING:  theodb_decode_batch_stream: rows=10000 bytes=382364
psql:/root/theo-db/benchmarks/m168_stream_ab.sql:65: WARNING:  theodb_decode_batch_stream: rows=10000 bytes=251292
psql:/root/theo-db/benchmarks/m168_stream_ab.sql:65: WARNING:  theodb_decode_batch_stream: rows=10000 bytes=185756
psql:/root/theo-db/benchmarks/m168_stream_ab.sql:65: WARNING:  theodb_decode_batch_stream: rows=10000 bytes=185756
psql:/root/theo-db/benchmarks/m168_stream_ab.sql:65: WARNING:  theodb_decode_batch_stream: rows=10000 bytes=251292
psql:/root/theo-db/benchmarks/m168_stream_ab.sql:65: WARNING:  theodb_decode_batch_stream: rows=10000 bytes=185756
psql:/root/theo-db/benchmarks/m168_stream_ab.sql:65: WARNING:  theodb_decode_batch_stream: rows=10000 bytes=136604
psql:/root/theo-db/benchmarks/m168_stream_ab.sql:65: WARNING:  theodb_decode_batch_stream: rows=10000 bytes=251292
psql:/root/theo-db/benchmarks/m168_stream_ab.sql:65: WARNING:  theodb_decode_batch_stream: rows=10000 bytes=382364
psql:/root/theo-db/benchmarks/m168_stream_ab.sql:65: WARNING:  theodb_decode_batch_stream: rows=10000 bytes=152988
psql:/root/theo-db/benchmarks/m168_stream_ab.sql:65: WARNING:  theodb_decode_batch_stream: rows=10000 bytes=185756
psql:/root/theo-db/benchmarks/m168_stream_ab.sql:65: WARNING:  theodb_decode_batch_stream: rows=10000 bytes=251292
psql:/root/theo-db/benchmarks/m168_stream_ab.sql:65: WARNING:  theodb_decode_batch_stream: rows=10000 bytes=251292
psql:/root/theo-db/benchmarks/m168_stream_ab.sql:65: WARNING:  theodb_decode_batch_stream: rows=10000 bytes=185756
psql:/root/theo-db/benchmarks/m168_stream_ab.sql:65: WARNING:  theodb_decode_batch_stream: rows=10000 bytes=185756
psql:/root/theo-db/benchmarks/m168_stream_ab.sql:65: WARNING:  theodb_decode_batch_stream: rows=10000 bytes=251292
psql:/root/theo-db/benchmarks/m168_stream_ab.sql:65: WARNING:  theodb_decode_batch_stream: rows=10000 bytes=152988
psql:/root/theo-db/benchmarks/m168_stream_ab.sql:65: WARNING:  theodb_decode_batch_stream: rows=10000 bytes=152988
psql:/root/theo-db/benchmarks/m168_stream_ab.sql:65: WARNING:  theodb_decode_batch_stream: rows=10000 bytes=382364
psql:/root/theo-db/benchmarks/m168_stream_ab.sql:65: WARNING:  theodb_decode_batch_stream: rows=10000 bytes=251292
psql:/root/theo-db/benchmarks/m168_stream_ab.sql:65: WARNING:  theodb_decode_batch_stream: rows=10000 bytes=152988
psql:/root/theo-db/benchmarks/m168_stream_ab.sql:65: WARNING:  theodb_decode_batch_stream: rows=10000 bytes=185756
psql:/root/theo-db/benchmarks/m168_stream_ab.sql:65: WARNING:  theodb_decode_batch_stream: rows=10000 bytes=185756
psql:/root/theo-db/benchmarks/m168_stream_ab.sql:65: WARNING:  theodb_decode_batch_stream: rows=10000 bytes=251292
psql:/root/theo-db/benchmarks/m168_stream_ab.sql:65: WARNING:  theodb_decode_batch_stream: rows=10000 bytes=185756
psql:/root/theo-db/benchmarks/m168_stream_ab.sql:65: WARNING:  theodb_decode_batch_stream: rows=10000 bytes=251292
psql:/root/theo-db/benchmarks/m168_stream_ab.sql:65: WARNING:  theodb_decode_batch_stream: rows=10000 bytes=185756
psql:/root/theo-db/benchmarks/m168_stream_ab.sql:65: WARNING:  theodb_decode_batch_stream: rows=10000 bytes=251292
psql:/root/theo-db/benchmarks/m168_stream_ab.sql:65: WARNING:  theodb_decode_batch_stream: rows=10000 bytes=251292
psql:/root/theo-db/benchmarks/m168_stream_ab.sql:65: WARNING:  theodb_decode_batch_stream: rows=10000 bytes=185756
psql:/root/theo-db/benchmarks/m168_stream_ab.sql:65: WARNING:  theodb_topk_pool: peak_reserved=825920 reserved_at_end=0 pool_limit=201326592
psql:/root/theo-db/benchmarks/m168_stream_ab.sql:65: NOTICE:  ARM=eager pair=6 q=q24
psql:/root/theo-db/benchmarks/m168_stream_ab.sql:65: WARNING:  theodb_admit_decline: topk_entered_sort
psql:/root/theo-db/benchmarks/m168_stream_ab.sql:65: WARNING:  theodb_admit_decline: swap_topk_admitted
psql:/root/theo-db/benchmarks/m168_stream_ab.sql:65: WARNING:  theodb_admit_decline: topk_entered_sort
psql:/root/theo-db/benchmarks/m168_stream_ab.sql:65: WARNING:  theodb_admit_decline: topk_parent_not_limit
psql:/root/theo-db/benchmarks/m168_stream_ab.sql:65: WARNING:  theodb_decode_batch: rows=1000000 bytes=20388828 work_mem_bytes=67108864
psql:/root/theo-db/benchmarks/m168_stream_ab.sql:65: NOTICE:  ARM=stream pair=6 q=q25
psql:/root/theo-db/benchmarks/m168_stream_ab.sql:65: WARNING:  theodb_admit_decline: topk_entered_sort
psql:/root/theo-db/benchmarks/m168_stream_ab.sql:65: WARNING:  theodb_admit_decline: swap_topk_admitted
psql:/root/theo-db/benchmarks/m168_stream_ab.sql:65: WARNING:  theodb_admit_decline: topk_entered_sort
psql:/root/theo-db/benchmarks/m168_stream_ab.sql:65: WARNING:  theodb_admit_decline: topk_parent_not_limit
psql:/root/theo-db/benchmarks/m168_stream_ab.sql:65: WARNING:  theodb_decode_batch_stream: rows=10000 bytes=105660 probe=1
psql:/root/theo-db/benchmarks/m168_stream_ab.sql:65: WARNING:  theodb_decode_batch_stream: rows=10000 bytes=171196
psql:/root/theo-db/benchmarks/m168_stream_ab.sql:65: WARNING:  theodb_decode_batch_stream: rows=10000 bytes=302268
psql:/root/theo-db/benchmarks/m168_stream_ab.sql:65: WARNING:  theodb_decode_batch_stream: rows=10000 bytes=171196
psql:/root/theo-db/benchmarks/m168_stream_ab.sql:65: WARNING:  theodb_decode_batch_stream: rows=10000 bytes=171196
psql:/root/theo-db/benchmarks/m168_stream_ab.sql:65: WARNING:  theodb_decode_batch_stream: rows=10000 bytes=105660
psql:/root/theo-db/benchmarks/m168_stream_ab.sql:65: WARNING:  theodb_decode_batch_stream: rows=10000 bytes=105660
psql:/root/theo-db/benchmarks/m168_stream_ab.sql:65: WARNING:  theodb_decode_batch_stream: rows=10000 bytes=105660
psql:/root/theo-db/benchmarks/m168_stream_ab.sql:65: WARNING:  theodb_decode_batch_stream: rows=10000 bytes=105660
psql:/root/theo-db/benchmarks/m168_stream_ab.sql:65: WARNING:  theodb_decode_batch_stream: rows=10000 bytes=171196
psql:/root/theo-db/benchmarks/m168_stream_ab.sql:65: WARNING:  theodb_decode_batch_stream: rows=10000 bytes=105660
psql:/root/theo-db/benchmarks/m168_stream_ab.sql:65: WARNING:  theodb_decode_batch_stream: rows=10000 bytes=171196
psql:/root/theo-db/benchmarks/m168_stream_ab.sql:65: WARNING:  theodb_decode_batch_stream: rows=10000 bytes=72892
psql:/root/theo-db/benchmarks/m168_stream_ab.sql:65: WARNING:  theodb_decode_batch_stream: rows=10000 bytes=56508
psql:/root/theo-db/benchmarks/m168_stream_ab.sql:65: WARNING:  theodb_decode_batch_stream: rows=10000 bytes=105660
psql:/root/theo-db/benchmarks/m168_stream_ab.sql:65: WARNING:  theodb_decode_batch_stream: rows=10000 bytes=171196
psql:/root/theo-db/benchmarks/m168_stream_ab.sql:65: WARNING:  theodb_decode_batch_stream: rows=10000 bytes=72892
psql:/root/theo-db/benchmarks/m168_stream_ab.sql:65: WARNING:  theodb_decode_batch_stream: rows=10000 bytes=105660
psql:/root/theo-db/benchmarks/m168_stream_ab.sql:65: WARNING:  theodb_decode_batch_stream: rows=10000 bytes=171196
psql:/root/theo-db/benchmarks/m168_stream_ab.sql:65: WARNING:  theodb_decode_batch_stream: rows=10000 bytes=105660
psql:/root/theo-db/benchmarks/m168_stream_ab.sql:65: WARNING:  theodb_decode_batch_stream: rows=10000 bytes=105660
psql:/root/theo-db/benchmarks/m168_stream_ab.sql:65: WARNING:  theodb_decode_batch_stream: rows=10000 bytes=105660
psql:/root/theo-db/benchmarks/m168_stream_ab.sql:65: WARNING:  theodb_decode_batch_stream: rows=10000 bytes=72892
psql:/root/theo-db/benchmarks/m168_stream_ab.sql:65: WARNING:  theodb_decode_batch_stream: rows=10000 bytes=56508
psql:/root/theo-db/benchmarks/m168_stream_ab.sql:65: WARNING:  theodb_decode_batch_stream: rows=10000 bytes=56508
psql:/root/theo-db/benchmarks/m168_stream_ab.sql:65: WARNING:  theodb_decode_batch_stream: rows=10000 bytes=105660
psql:/root/theo-db/benchmarks/m168_stream_ab.sql:65: WARNING:  theodb_decode_batch_stream: rows=10000 bytes=302268
psql:/root/theo-db/benchmarks/m168_stream_ab.sql:65: WARNING:  theodb_decode_batch_stream: rows=10000 bytes=56508
psql:/root/theo-db/benchmarks/m168_stream_ab.sql:65: WARNING:  theodb_decode_batch_stream: rows=10000 bytes=56508
psql:/root/theo-db/benchmarks/m168_stream_ab.sql:65: WARNING:  theodb_decode_batch_stream: rows=10000 bytes=72892
psql:/root/theo-db/benchmarks/m168_stream_ab.sql:65: WARNING:  theodb_decode_batch_stream: rows=10000 bytes=105660
psql:/root/theo-db/benchmarks/m168_stream_ab.sql:65: WARNING:  theodb_decode_batch_stream: rows=10000 bytes=105660
psql:/root/theo-db/benchmarks/m168_stream_ab.sql:65: WARNING:  theodb_decode_batch_stream: rows=10000 bytes=72892
psql:/root/theo-db/benchmarks/m168_stream_ab.sql:65: WARNING:  theodb_decode_batch_stream: rows=10000 bytes=105660
psql:/root/theo-db/benchmarks/m168_stream_ab.sql:65: WARNING:  theodb_decode_batch_stream: rows=10000 bytes=105660
psql:/root/theo-db/benchmarks/m168_stream_ab.sql:65: WARNING:  theodb_decode_batch_stream: rows=10000 bytes=171196
psql:/root/theo-db/benchmarks/m168_stream_ab.sql:65: WARNING:  theodb_decode_batch_stream: rows=10000 bytes=171196
psql:/root/theo-db/benchmarks/m168_stream_ab.sql:65: WARNING:  theodb_decode_batch_stream: rows=10000 bytes=56508
psql:/root/theo-db/benchmarks/m168_stream_ab.sql:65: WARNING:  theodb_decode_batch_stream: rows=10000 bytes=171196
psql:/root/theo-db/benchmarks/m168_stream_ab.sql:65: WARNING:  theodb_decode_batch_stream: rows=10000 bytes=72892
psql:/root/theo-db/benchmarks/m168_stream_ab.sql:65: WARNING:  theodb_decode_batch_stream: rows=10000 bytes=72892
psql:/root/theo-db/benchmarks/m168_stream_ab.sql:65: WARNING:  theodb_decode_batch_stream: rows=10000 bytes=302268
psql:/root/theo-db/benchmarks/m168_stream_ab.sql:65: WARNING:  theodb_decode_batch_stream: rows=10000 bytes=564412
psql:/root/theo-db/benchmarks/m168_stream_ab.sql:65: WARNING:  theodb_decode_batch_stream: rows=10000 bytes=564412
psql:/root/theo-db/benchmarks/m168_stream_ab.sql:65: WARNING:  theodb_decode_batch_stream: rows=10000 bytes=564412
psql:/root/theo-db/benchmarks/m168_stream_ab.sql:65: WARNING:  theodb_decode_batch_stream: rows=10000 bytes=302268
psql:/root/theo-db/benchmarks/m168_stream_ab.sql:65: WARNING:  theodb_decode_batch_stream: rows=10000 bytes=171196
psql:/root/theo-db/benchmarks/m168_stream_ab.sql:65: WARNING:  theodb_decode_batch_stream: rows=10000 bytes=105660
psql:/root/theo-db/benchmarks/m168_stream_ab.sql:65: WARNING:  theodb_decode_batch_stream: rows=10000 bytes=48316
psql:/root/theo-db/benchmarks/m168_stream_ab.sql:65: WARNING:  theodb_decode_batch_stream: rows=10000 bytes=105660
psql:/root/theo-db/benchmarks/m168_stream_ab.sql:65: WARNING:  theodb_decode_batch_stream: rows=10000 bytes=72892
psql:/root/theo-db/benchmarks/m168_stream_ab.sql:65: WARNING:  theodb_decode_batch_stream: rows=10000 bytes=105660
psql:/root/theo-db/benchmarks/m168_stream_ab.sql:65: WARNING:  theodb_decode_batch_stream: rows=10000 bytes=105660
psql:/root/theo-db/benchmarks/m168_stream_ab.sql:65: WARNING:  theodb_decode_batch_stream: rows=10000 bytes=171196
psql:/root/theo-db/benchmarks/m168_stream_ab.sql:65: WARNING:  theodb_decode_batch_stream: rows=10000 bytes=171196
psql:/root/theo-db/benchmarks/m168_stream_ab.sql:65: WARNING:  theodb_decode_batch_stream: rows=10000 bytes=72892
psql:/root/theo-db/benchmarks/m168_stream_ab.sql:65: WARNING:  theodb_decode_batch_stream: rows=10000 bytes=171196
psql:/root/theo-db/benchmarks/m168_stream_ab.sql:65: WARNING:  theodb_decode_batch_stream: rows=10000 bytes=105660
psql:/root/theo-db/benchmarks/m168_stream_ab.sql:65: WARNING:  theodb_decode_batch_stream: rows=10000 bytes=302268
psql:/root/theo-db/benchmarks/m168_stream_ab.sql:65: WARNING:  theodb_decode_batch_stream: rows=10000 bytes=171196
psql:/root/theo-db/benchmarks/m168_stream_ab.sql:65: WARNING:  theodb_decode_batch_stream: rows=10000 bytes=105660
psql:/root/theo-db/benchmarks/m168_stream_ab.sql:65: WARNING:  theodb_decode_batch_stream: rows=10000 bytes=171196
psql:/root/theo-db/benchmarks/m168_stream_ab.sql:65: WARNING:  theodb_decode_batch_stream: rows=10000 bytes=105660
psql:/root/theo-db/benchmarks/m168_stream_ab.sql:65: WARNING:  theodb_decode_batch_stream: rows=10000 bytes=171196
psql:/root/theo-db/benchmarks/m168_stream_ab.sql:65: WARNING:  theodb_decode_batch_stream: rows=10000 bytes=72892
psql:/root/theo-db/benchmarks/m168_stream_ab.sql:65: WARNING:  theodb_decode_batch_stream: rows=10000 bytes=72892
psql:/root/theo-db/benchmarks/m168_stream_ab.sql:65: WARNING:  theodb_decode_batch_stream: rows=10000 bytes=302268
psql:/root/theo-db/benchmarks/m168_stream_ab.sql:65: WARNING:  theodb_decode_batch_stream: rows=10000 bytes=105660
psql:/root/theo-db/benchmarks/m168_stream_ab.sql:65: WARNING:  theodb_decode_batch_stream: rows=10000 bytes=105660
psql:/root/theo-db/benchmarks/m168_stream_ab.sql:65: WARNING:  theodb_decode_batch_stream: rows=10000 bytes=105660
psql:/root/theo-db/benchmarks/m168_stream_ab.sql:65: WARNING:  theodb_decode_batch_stream: rows=10000 bytes=302268
psql:/root/theo-db/benchmarks/m168_stream_ab.sql:65: WARNING:  theodb_decode_batch_stream: rows=10000 bytes=171196
psql:/root/theo-db/benchmarks/m168_stream_ab.sql:65: WARNING:  theodb_decode_batch_stream: rows=10000 bytes=105660
psql:/root/theo-db/benchmarks/m168_stream_ab.sql:65: WARNING:  theodb_decode_batch_stream: rows=10000 bytes=105660
psql:/root/theo-db/benchmarks/m168_stream_ab.sql:65: WARNING:  theodb_decode_batch_stream: rows=10000 bytes=171196
psql:/root/theo-db/benchmarks/m168_stream_ab.sql:65: WARNING:  theodb_decode_batch_stream: rows=10000 bytes=105660
psql:/root/theo-db/benchmarks/m168_stream_ab.sql:65: WARNING:  theodb_decode_batch_stream: rows=10000 bytes=56508
psql:/root/theo-db/benchmarks/m168_stream_ab.sql:65: WARNING:  theodb_decode_batch_stream: rows=10000 bytes=171196
psql:/root/theo-db/benchmarks/m168_stream_ab.sql:65: WARNING:  theodb_decode_batch_stream: rows=10000 bytes=302268
psql:/root/theo-db/benchmarks/m168_stream_ab.sql:65: WARNING:  theodb_decode_batch_stream: rows=10000 bytes=72892
psql:/root/theo-db/benchmarks/m168_stream_ab.sql:65: WARNING:  theodb_decode_batch_stream: rows=10000 bytes=105660
psql:/root/theo-db/benchmarks/m168_stream_ab.sql:65: WARNING:  theodb_decode_batch_stream: rows=10000 bytes=171196
psql:/root/theo-db/benchmarks/m168_stream_ab.sql:65: WARNING:  theodb_decode_batch_stream: rows=10000 bytes=171196
psql:/root/theo-db/benchmarks/m168_stream_ab.sql:65: WARNING:  theodb_decode_batch_stream: rows=10000 bytes=105660
psql:/root/theo-db/benchmarks/m168_stream_ab.sql:65: WARNING:  theodb_decode_batch_stream: rows=10000 bytes=105660
psql:/root/theo-db/benchmarks/m168_stream_ab.sql:65: WARNING:  theodb_decode_batch_stream: rows=10000 bytes=171196
psql:/root/theo-db/benchmarks/m168_stream_ab.sql:65: WARNING:  theodb_decode_batch_stream: rows=10000 bytes=72892
psql:/root/theo-db/benchmarks/m168_stream_ab.sql:65: WARNING:  theodb_decode_batch_stream: rows=10000 bytes=72892
psql:/root/theo-db/benchmarks/m168_stream_ab.sql:65: WARNING:  theodb_decode_batch_stream: rows=10000 bytes=302268
psql:/root/theo-db/benchmarks/m168_stream_ab.sql:65: WARNING:  theodb_decode_batch_stream: rows=10000 bytes=171196
psql:/root/theo-db/benchmarks/m168_stream_ab.sql:65: WARNING:  theodb_decode_batch_stream: rows=10000 bytes=72892
psql:/root/theo-db/benchmarks/m168_stream_ab.sql:65: WARNING:  theodb_decode_batch_stream: rows=10000 bytes=105660
psql:/root/theo-db/benchmarks/m168_stream_ab.sql:65: WARNING:  theodb_decode_batch_stream: rows=10000 bytes=105660
psql:/root/theo-db/benchmarks/m168_stream_ab.sql:65: WARNING:  theodb_decode_batch_stream: rows=10000 bytes=171196
psql:/root/theo-db/benchmarks/m168_stream_ab.sql:65: WARNING:  theodb_decode_batch_stream: rows=10000 bytes=105660
psql:/root/theo-db/benchmarks/m168_stream_ab.sql:65: WARNING:  theodb_decode_batch_stream: rows=10000 bytes=171196
psql:/root/theo-db/benchmarks/m168_stream_ab.sql:65: WARNING:  theodb_decode_batch_stream: rows=10000 bytes=105660
psql:/root/theo-db/benchmarks/m168_stream_ab.sql:65: WARNING:  theodb_decode_batch_stream: rows=10000 bytes=171196
psql:/root/theo-db/benchmarks/m168_stream_ab.sql:65: WARNING:  theodb_decode_batch_stream: rows=10000 bytes=171196
psql:/root/theo-db/benchmarks/m168_stream_ab.sql:65: WARNING:  theodb_decode_batch_stream: rows=10000 bytes=105660
psql:/root/theo-db/benchmarks/m168_stream_ab.sql:65: WARNING:  theodb_topk_pool: peak_reserved=1220138 reserved_at_end=0 pool_limit=201326592
psql:/root/theo-db/benchmarks/m168_stream_ab.sql:65: NOTICE:  ARM=eager pair=6 q=q25
psql:/root/theo-db/benchmarks/m168_stream_ab.sql:65: WARNING:  theodb_admit_decline: topk_entered_sort
psql:/root/theo-db/benchmarks/m168_stream_ab.sql:65: WARNING:  theodb_admit_decline: swap_topk_admitted
psql:/root/theo-db/benchmarks/m168_stream_ab.sql:65: WARNING:  theodb_admit_decline: topk_entered_sort
psql:/root/theo-db/benchmarks/m168_stream_ab.sql:65: WARNING:  theodb_admit_decline: topk_parent_not_limit
psql:/root/theo-db/benchmarks/m168_stream_ab.sql:65: WARNING:  theodb_decode_batch: rows=1000000 bytes=12388732 work_mem_bytes=67108864
psql:/root/theo-db/benchmarks/m168_stream_ab.sql:65: NOTICE:  ARM=stream pair=6 q=q26
psql:/root/theo-db/benchmarks/m168_stream_ab.sql:65: WARNING:  theodb_admit_decline: topk_entered_sort
psql:/root/theo-db/benchmarks/m168_stream_ab.sql:65: WARNING:  theodb_admit_decline: swap_topk_admitted
psql:/root/theo-db/benchmarks/m168_stream_ab.sql:65: WARNING:  theodb_admit_decline: topk_entered_sort
psql:/root/theo-db/benchmarks/m168_stream_ab.sql:65: WARNING:  theodb_admit_decline: topk_parent_not_limit
psql:/root/theo-db/benchmarks/m168_stream_ab.sql:65: WARNING:  theodb_decode_batch_stream: rows=10000 bytes=185756 probe=1
psql:/root/theo-db/benchmarks/m168_stream_ab.sql:65: WARNING:  theodb_decode_batch_stream: rows=10000 bytes=251292
psql:/root/theo-db/benchmarks/m168_stream_ab.sql:65: WARNING:  theodb_decode_batch_stream: rows=10000 bytes=382364
psql:/root/theo-db/benchmarks/m168_stream_ab.sql:65: WARNING:  theodb_decode_batch_stream: rows=10000 bytes=251292
psql:/root/theo-db/benchmarks/m168_stream_ab.sql:65: WARNING:  theodb_decode_batch_stream: rows=10000 bytes=251292
psql:/root/theo-db/benchmarks/m168_stream_ab.sql:65: WARNING:  theodb_decode_batch_stream: rows=10000 bytes=185756
psql:/root/theo-db/benchmarks/m168_stream_ab.sql:65: WARNING:  theodb_decode_batch_stream: rows=10000 bytes=185756
psql:/root/theo-db/benchmarks/m168_stream_ab.sql:65: WARNING:  theodb_decode_batch_stream: rows=10000 bytes=185756
psql:/root/theo-db/benchmarks/m168_stream_ab.sql:65: WARNING:  theodb_decode_batch_stream: rows=10000 bytes=185756
psql:/root/theo-db/benchmarks/m168_stream_ab.sql:65: WARNING:  theodb_decode_batch_stream: rows=10000 bytes=251292
psql:/root/theo-db/benchmarks/m168_stream_ab.sql:65: WARNING:  theodb_decode_batch_stream: rows=10000 bytes=185756
psql:/root/theo-db/benchmarks/m168_stream_ab.sql:65: WARNING:  theodb_decode_batch_stream: rows=10000 bytes=251292
psql:/root/theo-db/benchmarks/m168_stream_ab.sql:65: WARNING:  theodb_decode_batch_stream: rows=10000 bytes=152988
psql:/root/theo-db/benchmarks/m168_stream_ab.sql:65: WARNING:  theodb_decode_batch_stream: rows=10000 bytes=136604
psql:/root/theo-db/benchmarks/m168_stream_ab.sql:65: WARNING:  theodb_decode_batch_stream: rows=10000 bytes=185756
psql:/root/theo-db/benchmarks/m168_stream_ab.sql:65: WARNING:  theodb_decode_batch_stream: rows=10000 bytes=251292
psql:/root/theo-db/benchmarks/m168_stream_ab.sql:65: WARNING:  theodb_decode_batch_stream: rows=10000 bytes=152988
psql:/root/theo-db/benchmarks/m168_stream_ab.sql:65: WARNING:  theodb_decode_batch_stream: rows=10000 bytes=185756
psql:/root/theo-db/benchmarks/m168_stream_ab.sql:65: WARNING:  theodb_decode_batch_stream: rows=10000 bytes=251292
psql:/root/theo-db/benchmarks/m168_stream_ab.sql:65: WARNING:  theodb_decode_batch_stream: rows=10000 bytes=185756
psql:/root/theo-db/benchmarks/m168_stream_ab.sql:65: WARNING:  theodb_decode_batch_stream: rows=10000 bytes=185756
psql:/root/theo-db/benchmarks/m168_stream_ab.sql:65: WARNING:  theodb_decode_batch_stream: rows=10000 bytes=185756
psql:/root/theo-db/benchmarks/m168_stream_ab.sql:65: WARNING:  theodb_decode_batch_stream: rows=10000 bytes=152988
psql:/root/theo-db/benchmarks/m168_stream_ab.sql:65: WARNING:  theodb_decode_batch_stream: rows=10000 bytes=136604
psql:/root/theo-db/benchmarks/m168_stream_ab.sql:65: WARNING:  theodb_decode_batch_stream: rows=10000 bytes=136604
psql:/root/theo-db/benchmarks/m168_stream_ab.sql:65: WARNING:  theodb_decode_batch_stream: rows=10000 bytes=185756
psql:/root/theo-db/benchmarks/m168_stream_ab.sql:65: WARNING:  theodb_decode_batch_stream: rows=10000 bytes=382364
psql:/root/theo-db/benchmarks/m168_stream_ab.sql:65: WARNING:  theodb_decode_batch_stream: rows=10000 bytes=136604
psql:/root/theo-db/benchmarks/m168_stream_ab.sql:65: WARNING:  theodb_decode_batch_stream: rows=10000 bytes=136604
psql:/root/theo-db/benchmarks/m168_stream_ab.sql:65: WARNING:  theodb_decode_batch_stream: rows=10000 bytes=152988
psql:/root/theo-db/benchmarks/m168_stream_ab.sql:65: WARNING:  theodb_decode_batch_stream: rows=10000 bytes=185756
psql:/root/theo-db/benchmarks/m168_stream_ab.sql:65: WARNING:  theodb_decode_batch_stream: rows=10000 bytes=185756
psql:/root/theo-db/benchmarks/m168_stream_ab.sql:65: WARNING:  theodb_decode_batch_stream: rows=10000 bytes=152988
psql:/root/theo-db/benchmarks/m168_stream_ab.sql:65: WARNING:  theodb_decode_batch_stream: rows=10000 bytes=185756
psql:/root/theo-db/benchmarks/m168_stream_ab.sql:65: WARNING:  theodb_decode_batch_stream: rows=10000 bytes=185756
psql:/root/theo-db/benchmarks/m168_stream_ab.sql:65: WARNING:  theodb_decode_batch_stream: rows=10000 bytes=251292
psql:/root/theo-db/benchmarks/m168_stream_ab.sql:65: WARNING:  theodb_decode_batch_stream: rows=10000 bytes=251292
psql:/root/theo-db/benchmarks/m168_stream_ab.sql:65: WARNING:  theodb_decode_batch_stream: rows=10000 bytes=136604
psql:/root/theo-db/benchmarks/m168_stream_ab.sql:65: WARNING:  theodb_decode_batch_stream: rows=10000 bytes=251292
psql:/root/theo-db/benchmarks/m168_stream_ab.sql:65: WARNING:  theodb_decode_batch_stream: rows=10000 bytes=152988
psql:/root/theo-db/benchmarks/m168_stream_ab.sql:65: WARNING:  theodb_decode_batch_stream: rows=10000 bytes=152988
psql:/root/theo-db/benchmarks/m168_stream_ab.sql:65: WARNING:  theodb_decode_batch_stream: rows=10000 bytes=382364
psql:/root/theo-db/benchmarks/m168_stream_ab.sql:65: WARNING:  theodb_decode_batch_stream: rows=10000 bytes=644508
psql:/root/theo-db/benchmarks/m168_stream_ab.sql:65: WARNING:  theodb_decode_batch_stream: rows=10000 bytes=644508
psql:/root/theo-db/benchmarks/m168_stream_ab.sql:65: WARNING:  theodb_decode_batch_stream: rows=10000 bytes=644508
psql:/root/theo-db/benchmarks/m168_stream_ab.sql:65: WARNING:  theodb_decode_batch_stream: rows=10000 bytes=382364
psql:/root/theo-db/benchmarks/m168_stream_ab.sql:65: WARNING:  theodb_decode_batch_stream: rows=10000 bytes=251292
psql:/root/theo-db/benchmarks/m168_stream_ab.sql:65: WARNING:  theodb_decode_batch_stream: rows=10000 bytes=185756
psql:/root/theo-db/benchmarks/m168_stream_ab.sql:65: WARNING:  theodb_decode_batch_stream: rows=10000 bytes=128412
psql:/root/theo-db/benchmarks/m168_stream_ab.sql:65: WARNING:  theodb_decode_batch_stream: rows=10000 bytes=185756
psql:/root/theo-db/benchmarks/m168_stream_ab.sql:65: WARNING:  theodb_decode_batch_stream: rows=10000 bytes=152988
psql:/root/theo-db/benchmarks/m168_stream_ab.sql:65: WARNING:  theodb_decode_batch_stream: rows=10000 bytes=185756
psql:/root/theo-db/benchmarks/m168_stream_ab.sql:65: WARNING:  theodb_decode_batch_stream: rows=10000 bytes=185756
psql:/root/theo-db/benchmarks/m168_stream_ab.sql:65: WARNING:  theodb_decode_batch_stream: rows=10000 bytes=251292
psql:/root/theo-db/benchmarks/m168_stream_ab.sql:65: WARNING:  theodb_decode_batch_stream: rows=10000 bytes=251292
psql:/root/theo-db/benchmarks/m168_stream_ab.sql:65: WARNING:  theodb_decode_batch_stream: rows=10000 bytes=152988
psql:/root/theo-db/benchmarks/m168_stream_ab.sql:65: WARNING:  theodb_decode_batch_stream: rows=10000 bytes=251292
psql:/root/theo-db/benchmarks/m168_stream_ab.sql:65: WARNING:  theodb_decode_batch_stream: rows=10000 bytes=185756
psql:/root/theo-db/benchmarks/m168_stream_ab.sql:65: WARNING:  theodb_decode_batch_stream: rows=10000 bytes=382364
psql:/root/theo-db/benchmarks/m168_stream_ab.sql:65: WARNING:  theodb_decode_batch_stream: rows=10000 bytes=251292
psql:/root/theo-db/benchmarks/m168_stream_ab.sql:65: WARNING:  theodb_decode_batch_stream: rows=10000 bytes=185756
psql:/root/theo-db/benchmarks/m168_stream_ab.sql:65: WARNING:  theodb_decode_batch_stream: rows=10000 bytes=251292
psql:/root/theo-db/benchmarks/m168_stream_ab.sql:65: WARNING:  theodb_decode_batch_stream: rows=10000 bytes=185756
psql:/root/theo-db/benchmarks/m168_stream_ab.sql:65: WARNING:  theodb_decode_batch_stream: rows=10000 bytes=251292
psql:/root/theo-db/benchmarks/m168_stream_ab.sql:65: WARNING:  theodb_decode_batch_stream: rows=10000 bytes=152988
psql:/root/theo-db/benchmarks/m168_stream_ab.sql:65: WARNING:  theodb_decode_batch_stream: rows=10000 bytes=152988
psql:/root/theo-db/benchmarks/m168_stream_ab.sql:65: WARNING:  theodb_decode_batch_stream: rows=10000 bytes=382364
psql:/root/theo-db/benchmarks/m168_stream_ab.sql:65: WARNING:  theodb_decode_batch_stream: rows=10000 bytes=185756
psql:/root/theo-db/benchmarks/m168_stream_ab.sql:65: WARNING:  theodb_decode_batch_stream: rows=10000 bytes=185756
psql:/root/theo-db/benchmarks/m168_stream_ab.sql:65: WARNING:  theodb_decode_batch_stream: rows=10000 bytes=185756
psql:/root/theo-db/benchmarks/m168_stream_ab.sql:65: WARNING:  theodb_decode_batch_stream: rows=10000 bytes=382364
psql:/root/theo-db/benchmarks/m168_stream_ab.sql:65: WARNING:  theodb_decode_batch_stream: rows=10000 bytes=251292
psql:/root/theo-db/benchmarks/m168_stream_ab.sql:65: WARNING:  theodb_decode_batch_stream: rows=10000 bytes=185756
psql:/root/theo-db/benchmarks/m168_stream_ab.sql:65: WARNING:  theodb_decode_batch_stream: rows=10000 bytes=185756
psql:/root/theo-db/benchmarks/m168_stream_ab.sql:65: WARNING:  theodb_decode_batch_stream: rows=10000 bytes=251292
psql:/root/theo-db/benchmarks/m168_stream_ab.sql:65: WARNING:  theodb_decode_batch_stream: rows=10000 bytes=185756
psql:/root/theo-db/benchmarks/m168_stream_ab.sql:65: WARNING:  theodb_decode_batch_stream: rows=10000 bytes=136604
psql:/root/theo-db/benchmarks/m168_stream_ab.sql:65: WARNING:  theodb_decode_batch_stream: rows=10000 bytes=251292
psql:/root/theo-db/benchmarks/m168_stream_ab.sql:65: WARNING:  theodb_decode_batch_stream: rows=10000 bytes=382364
psql:/root/theo-db/benchmarks/m168_stream_ab.sql:65: WARNING:  theodb_decode_batch_stream: rows=10000 bytes=152988
psql:/root/theo-db/benchmarks/m168_stream_ab.sql:65: WARNING:  theodb_decode_batch_stream: rows=10000 bytes=185756
psql:/root/theo-db/benchmarks/m168_stream_ab.sql:65: WARNING:  theodb_decode_batch_stream: rows=10000 bytes=251292
psql:/root/theo-db/benchmarks/m168_stream_ab.sql:65: WARNING:  theodb_decode_batch_stream: rows=10000 bytes=251292
psql:/root/theo-db/benchmarks/m168_stream_ab.sql:65: WARNING:  theodb_decode_batch_stream: rows=10000 bytes=185756
psql:/root/theo-db/benchmarks/m168_stream_ab.sql:65: WARNING:  theodb_decode_batch_stream: rows=10000 bytes=185756
psql:/root/theo-db/benchmarks/m168_stream_ab.sql:65: WARNING:  theodb_decode_batch_stream: rows=10000 bytes=251292
psql:/root/theo-db/benchmarks/m168_stream_ab.sql:65: WARNING:  theodb_decode_batch_stream: rows=10000 bytes=152988
psql:/root/theo-db/benchmarks/m168_stream_ab.sql:65: WARNING:  theodb_decode_batch_stream: rows=10000 bytes=152988
psql:/root/theo-db/benchmarks/m168_stream_ab.sql:65: WARNING:  theodb_decode_batch_stream: rows=10000 bytes=382364
psql:/root/theo-db/benchmarks/m168_stream_ab.sql:65: WARNING:  theodb_decode_batch_stream: rows=10000 bytes=251292
psql:/root/theo-db/benchmarks/m168_stream_ab.sql:65: WARNING:  theodb_decode_batch_stream: rows=10000 bytes=152988
psql:/root/theo-db/benchmarks/m168_stream_ab.sql:65: WARNING:  theodb_decode_batch_stream: rows=10000 bytes=185756
psql:/root/theo-db/benchmarks/m168_stream_ab.sql:65: WARNING:  theodb_decode_batch_stream: rows=10000 bytes=185756
psql:/root/theo-db/benchmarks/m168_stream_ab.sql:65: WARNING:  theodb_decode_batch_stream: rows=10000 bytes=251292
psql:/root/theo-db/benchmarks/m168_stream_ab.sql:65: WARNING:  theodb_decode_batch_stream: rows=10000 bytes=185756
psql:/root/theo-db/benchmarks/m168_stream_ab.sql:65: WARNING:  theodb_decode_batch_stream: rows=10000 bytes=251292
psql:/root/theo-db/benchmarks/m168_stream_ab.sql:65: WARNING:  theodb_decode_batch_stream: rows=10000 bytes=185756
psql:/root/theo-db/benchmarks/m168_stream_ab.sql:65: WARNING:  theodb_decode_batch_stream: rows=10000 bytes=251292
psql:/root/theo-db/benchmarks/m168_stream_ab.sql:65: WARNING:  theodb_decode_batch_stream: rows=10000 bytes=251292
psql:/root/theo-db/benchmarks/m168_stream_ab.sql:65: WARNING:  theodb_decode_batch_stream: rows=10000 bytes=185756
psql:/root/theo-db/benchmarks/m168_stream_ab.sql:65: WARNING:  theodb_topk_pool: peak_reserved=1372880 reserved_at_end=0 pool_limit=201326592
psql:/root/theo-db/benchmarks/m168_stream_ab.sql:65: NOTICE:  ARM=eager pair=6 q=q26
psql:/root/theo-db/benchmarks/m168_stream_ab.sql:65: WARNING:  theodb_admit_decline: topk_entered_sort
psql:/root/theo-db/benchmarks/m168_stream_ab.sql:65: WARNING:  theodb_admit_decline: swap_topk_admitted
psql:/root/theo-db/benchmarks/m168_stream_ab.sql:65: WARNING:  theodb_admit_decline: topk_entered_sort
psql:/root/theo-db/benchmarks/m168_stream_ab.sql:65: WARNING:  theodb_admit_decline: topk_parent_not_limit
psql:/root/theo-db/benchmarks/m168_stream_ab.sql:65: WARNING:  theodb_decode_batch: rows=1000000 bytes=20388828 work_mem_bytes=67108864
DO
### M168 paired A/B — median of 6 pairs per query (ratio > 1 = streaming is SLOWER)
psql:/root/theo-db/benchmarks/m168_stream_ab.sql:74: WARNING:  theodb_admit_decline: group_expr_func_unsupported
psql:/root/theo-db/benchmarks/m168_stream_ab.sql:74: WARNING:  theodb_admit_decline: topk_entered_sort
psql:/root/theo-db/benchmarks/m168_stream_ab.sql:74: WARNING:  theodb_admit_decline: topk_parent_not_limit
  q  | eager_ms | stream_ms | ratio | pairs 
-----+----------+-----------+-------+-------
 q23 |   4828.6 |    3797.5 | 0.786 |     6
 q24 |    151.6 |     161.1 | 1.063 |     6
 q25 |    114.6 |     122.6 | 1.070 |     6
 q26 |    162.1 |     154.6 | 0.953 |     6
(4 rows)

### per-pair detail (so a single outlier cannot hide behind a median)
psql:/root/theo-db/benchmarks/m168_stream_ab.sql:80: WARNING:  theodb_admit_decline: agg_distinct_filter_order
psql:/root/theo-db/benchmarks/m168_stream_ab.sql:80: WARNING:  theodb_admit_decline: topk_entered_sort
psql:/root/theo-db/benchmarks/m168_stream_ab.sql:80: WARNING:  theodb_admit_decline: topk_parent_not_limit
  q  |                 eager_ms                  |                 stream_ms                 
-----+-------------------------------------------+-------------------------------------------
 q23 | 6812.1 5251.9 4475.7 4811.1 4846.1 4539.4 | 3625.5 3969.4 3550.5 3600.8 4557.6 4425.8
 q24 | 155.8 147.3 139.8 162.3 198.5 147.1       | 144.7 152.4 139.1 169.7 200.5 171.2
 q25 | 110.4 113.2 105.2 155.7 123.9 116.0       | 108.4 116.3 113.4 134.7 134.0 129.0
 q26 | 154.4 152.6 147.4 169.9 182.7 178.2       | 148.3 149.3 135.6 182.7 209.9 159.9
(4 rows)

=== end 2026-07-29T22:55:25+00:00 ===
